loop_step,building,building_time_step,series_length,indoor_at_time_step,setpoint_at_time_step,comfort_band_at_time_step,occupants_at_time_step,upper_boundary_at_time_step,violation_at_time_step,indoor_at_previous,setpoint_at_previous,comfort_band_at_previous,occupants_at_previous,upper_boundary_at_previous,violation_at_previous,indoor_at_last,setpoint_at_last,comfort_band_at_last,occupants_at_last,upper_boundary_at_last,violation_at_last
0,1,0,1,23.098651885986328,23.22222137451172,2.0,3.0,25.22222137451172,0,nan,nan,nan,nan,nan,0,23.098651885986328,23.22222137451172,2.0,3.0,25.22222137451172,0
0,2,0,1,24.278512954711914,24.44444465637207,2.0,1.0,26.44444465637207,0,nan,nan,nan,nan,nan,0,24.278512954711914,24.44444465637207,2.0,1.0,26.44444465637207,0
0,3,0,1,24.431562423706055,24.44444465637207,2.0,2.0,26.44444465637207,0,nan,nan,nan,nan,nan,0,24.431562423706055,24.44444465637207,2.0,2.0,26.44444465637207,0
1,1,1,2,22.234743118286133,22.22222137451172,2.0,3.0,24.22222137451172,0,23.098651885986328,23.22222137451172,2.0,3.0,25.22222137451172,0,22.234743118286133,22.22222137451172,2.0,3.0,24.22222137451172,0
1,2,1,2,24.264734268188477,24.44444465637207,2.0,1.0,26.44444465637207,0,24.278512954711914,24.44444465637207,2.0,1.0,26.44444465637207,0,24.264734268188477,24.44444465637207,2.0,1.0,26.44444465637207,0
1,3,1,2,24.44438362121582,24.44444465637207,2.0,2.0,26.44444465637207,0,24.431562423706055,24.44444465637207,2.0,2.0,26.44444465637207,0,24.44438362121582,24.44444465637207,2.0,2.0,26.44444465637207,0
2,1,2,3,22.223060607910156,22.22222137451172,2.0,3.0,24.22222137451172,0,22.234743118286133,22.22222137451172,2.0,3.0,24.22222137451172,0,22.223060607910156,22.22222137451172,2.0,3.0,24.22222137451172,0
2,2,2,3,24.214113235473633,24.44444465637207,2.0,1.0,26.44444465637207,0,24.264734268188477,24.44444465637207,2.0,1.0,26.44444465637207,0,24.214113235473633,24.44444465637207,2.0,1.0,26.44444465637207,0
2,3,2,3,24.44444465637207,24.44444465637207,2.0,2.0,26.44444465637207,0,24.44438362121582,24.44444465637207,2.0,2.0,26.44444465637207,0,24.44444465637207,24.44444465637207,2.0,2.0,26.44444465637207,0
3,1,3,4,22.22224998474121,22.22222137451172,2.0,3.0,24.22222137451172,0,22.223060607910156,22.22222137451172,2.0,3.0,24.22222137451172,0,22.22224998474121,22.22222137451172,2.0,3.0,24.22222137451172,0
3,2,3,4,24.119434356689453,24.44444465637207,2.0,1.0,26.44444465637207,0,24.214113235473633,24.44444465637207,2.0,1.0,26.44444465637207,0,24.119434356689453,24.44444465637207,2.0,1.0,26.44444465637207,0
3,3,3,4,24.444438934326172,24.44444465637207,2.0,2.0,26.44444465637207,0,24.44444465637207,24.44444465637207,2.0,2.0,26.44444465637207,0,24.444438934326172,24.44444465637207,2.0,2.0,26.44444465637207,0
4,1,4,5,22.22223663330078,22.22222137451172,2.0,3.0,24.22222137451172,0,22.22224998474121,22.22222137451172,2.0,3.0,24.22222137451172,0,22.22223663330078,22.22222137451172,2.0,3.0,24.22222137451172,0
4,2,4,5,23.995500564575195,24.44444465637207,2.0,1.0,26.44444465637207,0,24.119434356689453,24.44444465637207,2.0,1.0,26.44444465637207,0,23.995500564575195,24.44444465637207,2.0,1.0,26.44444465637207,0
4,3,4,5,24.361915588378906,24.44444465637207,2.0,1.0,26.44444465637207,0,24.444438934326172,24.44444465637207,2.0,2.0,26.44444465637207,0,24.361915588378906,24.44444465637207,2.0,1.0,26.44444465637207,0
5,1,5,6,22.22223663330078,22.22222137451172,2.0,3.0,24.22222137451172,0,22.22223663330078,22.22222137451172,2.0,3.0,24.22222137451172,0,22.22223663330078,22.22222137451172,2.0,3.0,24.22222137451172,0
5,2,5,6,23.89333152770996,24.44444465637207,2.0,1.0,26.44444465637207,0,23.995500564575195,24.44444465637207,2.0,1.0,26.44444465637207,0,23.89333152770996,24.44444465637207,2.0,1.0,26.44444465637207,0
5,3,5,6,24.287532806396484,24.44444465637207,2.0,1.0,26.44444465637207,0,24.361915588378906,24.44444465637207,2.0,1.0,26.44444465637207,0,24.287532806396484,24.44444465637207,2.0,1.0,26.44444465637207,0
6,1,6,7,22.222230911254883,22.22222137451172,2.0,2.0,24.22222137451172,0,22.22223663330078,22.22222137451172,2.0,3.0,24.22222137451172,0,22.222230911254883,22.22222137451172,2.0,2.0,24.22222137451172,0
6,2,6,7,24.196460723876953,24.77777862548828,2.0,1.0,26.77777862548828,0,23.89333152770996,24.44444465637207,2.0,1.0,26.44444465637207,0,24.196460723876953,24.77777862548828,2.0,1.0,26.77777862548828,0
6,3,6,7,24.11458969116211,24.11111068725586,2.0,1.0,26.11111068725586,0,24.287532806396484,24.44444465637207,2.0,1.0,26.44444465637207,0,24.11458969116211,24.11111068725586,2.0,1.0,26.11111068725586,0
7,1,7,8,22.332555770874023,22.33333396911621,2.0,2.0,24.33333396911621,0,22.222230911254883,22.22222137451172,2.0,2.0,24.22222137451172,0,22.332555770874023,22.33333396911621,2.0,2.0,24.33333396911621,0
7,2,7,8,24.84876251220703,25.0,2.0,1.0,27.0,0,24.196460723876953,24.77777862548828,2.0,1.0,26.77777862548828,0,24.84876251220703,25.0,2.0,1.0,27.0,0
7,3,7,8,23.349218368530273,23.33333396911621,2.0,1.0,25.33333396911621,0,24.11458969116211,24.11111068725586,2.0,1.0,26.11111068725586,0,23.349218368530273,23.33333396911621,2.0,1.0,25.33333396911621,0
8,1,8,9,22.77179718017578,22.77777862548828,2.0,2.0,24.77777862548828,0,22.332555770874023,22.33333396911621,2.0,2.0,24.33333396911621,0,22.77179718017578,22.77777862548828,2.0,2.0,24.77777862548828,0
8,2,8,9,24.991180419921875,25.0,2.0,1.0,27.0,0,24.84876251220703,25.0,2.0,1.0,27.0,0,24.991180419921875,25.0,2.0,1.0,27.0,0
8,3,8,9,23.33353614807129,23.33333396911621,2.0,1.0,25.33333396911621,0,23.349218368530273,23.33333396911621,2.0,1.0,25.33333396911621,0,23.33353614807129,23.33333396911621,2.0,1.0,25.33333396911621,0
9,1,9,10,23.266788482666016,23.33333396911621,2.0,1.0,25.33333396911621,0,22.77179718017578,22.77777862548828,2.0,2.0,24.77777862548828,0,23.266788482666016,23.33333396911621,2.0,1.0,25.33333396911621,0
9,2,9,10,24.99818992614746,25.0,2.0,1.0,27.0,0,24.991180419921875,25.0,2.0,1.0,27.0,0,24.99818992614746,25.0,2.0,1.0,27.0,0
9,3,9,10,23.333341598510742,23.33333396911621,2.0,1.0,25.33333396911621,0,23.33353614807129,23.33333396911621,2.0,1.0,25.33333396911621,0,23.333341598510742,23.33333396911621,2.0,1.0,25.33333396911621,0
10,1,10,11,24.406890869140625,24.44444465637207,2.0,1.0,26.44444465637207,0,23.266788482666016,23.33333396911621,2.0,1.0,25.33333396911621,0,24.406890869140625,24.44444465637207,2.0,1.0,26.44444465637207,0
10,2,10,11,24.998136520385742,25.0,2.0,1.0,27.0,0,24.99818992614746,25.0,2.0,1.0,27.0,0,24.998136520385742,25.0,2.0,1.0,27.0,0
10,3,10,11,23.333337783813477,23.33333396911621,2.0,1.0,25.33333396911621,0,23.333341598510742,23.33333396911621,2.0,1.0,25.33333396911621,0,23.333337783813477,23.33333396911621,2.0,1.0,25.33333396911621,0
11,1,11,12,24.444318771362305,24.44444465637207,2.0,1.0,26.44444465637207,0,24.406890869140625,24.44444465637207,2.0,1.0,26.44444465637207,0,24.444318771362305,24.44444465637207,2.0,1.0,26.44444465637207,0
11,2,11,12,24.997787475585938,25.0,2.0,0.0,27.0,0,24.998136520385742,25.0,2.0,1.0,27.0,0,24.997787475585938,25.0,2.0,0.0,27.0,0
11,3,11,12,23.333337783813477,23.33333396911621,2.0,0.0,25.33333396911621,0,23.333337783813477,23.33333396911621,2.0,1.0,25.33333396911621,0,23.333337783813477,23.33333396911621,2.0,0.0,25.33333396911621,0
12,1,12,13,24.44445037841797,24.44444465637207,2.0,1.0,26.44444465637207,0,24.444318771362305,24.44444465637207,2.0,1.0,26.44444465637207,0,24.44445037841797,24.44444465637207,2.0,1.0,26.44444465637207,0
12,2,12,13,24.996828079223633,25.0,2.0,1.0,27.0,0,24.997787475585938,25.0,2.0,0.0,27.0,0,24.996828079223633,25.0,2.0,1.0,27.0,0
12,3,12,13,23.333337783813477,23.33333396911621,2.0,1.0,25.33333396911621,0,23.333337783813477,23.33333396911621,2.0,0.0,25.33333396911621,0,23.333337783813477,23.33333396911621,2.0,1.0,25.33333396911621,0
13,1,13,14,24.4444522857666,24.44444465637207,2.0,0.0,26.44444465637207,0,24.659706115722656,24.44444465637207,2.0,1.0,26.44444465637207,0,24.4444522857666,24.44444465637207,2.0,0.0,26.44444465637207,0
13,2,13,14,24.995492935180664,25.0,2.0,0.0,27.0,0,25.462337493896484,25.0,2.0,1.0,27.0,0,24.995492935180664,25.0,2.0,0.0,27.0,0
13,3,13,14,23.33333969116211,23.33333396911621,2.0,1.0,25.33333396911621,0,23.101232528686523,23.33333396911621,2.0,1.0,25.33333396911621,0,23.33333969116211,23.33333396911621,2.0,1.0,25.33333396911621,0
14,1,14,15,24.4444580078125,24.44444465637207,2.0,0.0,26.44444465637207,0,26.76836395263672,24.44444465637207,2.0,0.0,26.44444465637207,0,24.4444580078125,24.44444465637207,2.0,0.0,26.44444465637207,0
14,2,14,15,24.992216110229492,25.0,2.0,0.0,27.0,0,26.738990783691406,25.0,2.0,0.0,27.0,0,24.992216110229492,25.0,2.0,0.0,27.0,0
14,3,14,15,23.333343505859375,23.33333396911621,2.0,0.0,25.33333396911621,0,25.010604858398438,23.33333396911621,2.0,1.0,25.33333396911621,0,23.333343505859375,23.33333396911621,2.0,0.0,25.33333396911621,0
15,1,15,16,24.444454193115234,24.44444465637207,2.0,1.0,26.44444465637207,0,27.60013198852539,24.44444465637207,2.0,0.0,26.44444465637207,0,24.444454193115234,24.44444465637207,2.0,1.0,26.44444465637207,0
15,2,15,16,24.988889694213867,25.0,2.0,1.0,27.0,0,27.637447357177734,25.0,2.0,0.0,27.0,0,24.988889694213867,25.0,2.0,1.0,27.0,0
15,3,15,16,23.333343505859375,23.33333396911621,2.0,1.0,25.33333396911621,0,25.247407913208008,23.33333396911621,2.0,0.0,25.33333396911621,0,23.333343505859375,23.33333396911621,2.0,1.0,25.33333396911621,0
16,1,16,17,23.58162498474121,23.55555534362793,2.0,0.0,25.55555534362793,0,28.511737823486328,24.44444465637207,2.0,1.0,26.44444465637207,1,23.58162498474121,23.55555534362793,2.0,0.0,25.55555534362793,0
16,2,16,17,24.990854263305664,25.0,2.0,1.0,27.0,0,28.71859359741211,25.0,2.0,1.0,27.0,1,24.990854263305664,25.0,2.0,1.0,27.0,0
16,3,16,17,23.33333969116211,23.33333396911621,2.0,1.0,25.33333396911621,0,26.31080436706543,23.33333396911621,2.0,1.0,25.33333396911621,1,23.33333969116211,23.33333396911621,2.0,1.0,25.33333396911621,0
17,1,17,18,25.53244972229004,25.55555534362793,2.0,2.0,27.55555534362793,0,29.14615249633789,23.55555534362793,2.0,0.0,25.55555534362793,0,25.53244972229004,25.55555534362793,2.0,2.0,27.55555534362793,0
17,2,17,18,24.994266510009766,25.0,2.0,1.0,27.0,0,29.76248550415039,25.0,2.0,1.0,27.0,1,24.994266510009766,25.0,2.0,1.0,27.0,0
17,3,17,18,24.434240341186523,24.44444465637207,2.0,1.0,26.44444465637207,0,26.87468910217285,23.33333396911621,2.0,1.0,25.33333396911621,1,24.434240341186523,24.44444465637207,2.0,1.0,26.44444465637207,0
18,1,18,19,26.459463119506836,26.5,2.0,3.0,28.5,0,29.506771087646484,25.55555534362793,2.0,2.0,27.55555534362793,1,26.459463119506836,26.5,2.0,3.0,28.5,0
18,2,18,19,24.99635124206543,25.0,2.0,0.0,27.0,0,29.702499389648438,25.0,2.0,1.0,27.0,1,24.99635124206543,25.0,2.0,0.0,27.0,0
18,3,18,19,24.444316864013672,24.44444465637207,2.0,1.0,26.44444465637207,0,27.603891372680664,24.44444465637207,2.0,1.0,26.44444465637207,1,24.444316864013672,24.44444465637207,2.0,1.0,26.44444465637207,0
19,1,19,20,24.512662887573242,24.44444465637207,2.0,3.0,26.44444465637207,0,30.020977020263672,26.5,2.0,3.0,28.5,1,24.512662887573242,24.44444465637207,2.0,3.0,26.44444465637207,0
19,2,19,20,24.997953414916992,25.0,2.0,1.0,27.0,0,29.261882781982422,25.0,2.0,0.0,27.0,0,24.997953414916992,25.0,2.0,1.0,27.0,0
19,3,19,20,24.444448471069336,24.44444465637207,2.0,2.0,26.44444465637207,0,28.128488540649414,24.44444465637207,2.0,1.0,26.44444465637207,1,24.444448471069336,24.44444465637207,2.0,2.0,26.44444465637207,0
20,1,20,21,21.815444946289062,21.66666603088379,2.0,2.0,23.66666603088379,0,29.967357635498047,24.44444465637207,2.0,3.0,26.44444465637207,1,21.815444946289062,21.66666603088379,2.0,2.0,23.66666603088379,0
20,2,20,21,24.99690818786621,25.0,2.0,1.0,27.0,0,29.106590270996094,25.0,2.0,1.0,27.0,1,24.99690818786621,25.0,2.0,1.0,27.0,0
20,3,20,21,24.444448471069336,24.44444465637207,2.0,2.0,26.44444465637207,0,28.126068115234375,24.44444465637207,2.0,2.0,26.44444465637207,1,24.444448471069336,24.44444465637207,2.0,2.0,26.44444465637207,0
21,1,21,22,24.361370086669922,24.44444465637207,2.0,2.0,26.44444465637207,0,30.28207015991211,21.66666603088379,2.0,2.0,23.66666603088379,1,24.361370086669922,24.44444465637207,2.0,2.0,26.44444465637207,0
21,2,21,22,23.413036346435547,23.38888931274414,2.0,1.0,25.38888931274414,0,29.096027374267578,25.0,2.0,1.0,27.0,1,23.413036346435547,23.38888931274414,2.0,1.0,25.38888931274414,0
21,3,21,22,24.444448471069336,24.44444465637207,2.0,2.0,26.44444465637207,0,28.17940902709961,24.44444465637207,2.0,2.0,26.44444465637207,1,24.444448471069336,24.44444465637207,2.0,2.0,26.44444465637207,0
22,1,22,23,22.88100814819336,22.83333396911621,2.0,2.0,24.83333396911621,0,29.33633041381836,24.44444465637207,2.0,2.0,26.44444465637207,1,22.88100814819336,22.83333396911621,2.0,2.0,24.83333396911621,0
22,2,22,23,22.78246307373047,22.77777862548828,2.0,0.0,24.77777862548828,0,27.5338191986084,23.38888931274414,2.0,1.0,25.38888931274414,1,22.78246307373047,22.77777862548828,2.0,0.0,24.77777862548828,0
22,3,22,23,24.44445037841797,24.44444465637207,2.0,2.0,26.44444465637207,0,27.91767120361328,24.44444465637207,2.0,2.0,26.44444465637207,1,24.44445037841797,24.44444465637207,2.0,2.0,26.44444465637207,0
23,1,23,24,20.81880760192871,20.72222137451172,2.0,2.0,22.72222137451172,0,29.16415786743164,22.83333396911621,2.0,2.0,24.83333396911621,1,20.81880760192871,20.72222137451172,2.0,2.0,22.72222137451172,0
23,2,23,24,23.875747680664062,23.94444465637207,2.0,0.0,25.94444465637207,0,26.436405181884766,22.77777862548828,2.0,0.0,24.77777862548828,0,23.875747680664062,23.94444465637207,2.0,0.0,25.94444465637207,0
23,3,23,24,23.957162857055664,23.94444465637207,2.0,2.0,25.94444465637207,0,27.625024795532227,24.44444465637207,2.0,2.0,26.44444465637207,1,23.957162857055664,23.94444465637207,2.0,2.0,25.94444465637207,0
24,1,24,25,20.55874252319336,20.55555534362793,2.0,2.0,22.55555534362793,0,28.788158416748047,20.72222137451172,2.0,2.0,22.72222137451172,1,20.55874252319336,20.55555534362793,2.0,2.0,22.55555534362793,0
24,2,24,25,24.36326789855957,24.44444465637207,2.0,0.0,26.44444465637207,0,25.570018768310547,23.94444465637207,2.0,0.0,25.94444465637207,0,24.36326789855957,24.44444465637207,2.0,0.0,26.44444465637207,0
24,3,24,25,23.889814376831055,23.88888931274414,2.0,2.0,25.88888931274414,0,27.07183837890625,23.94444465637207,2.0,2.0,25.94444465637207,1,23.889814376831055,23.88888931274414,2.0,2.0,25.88888931274414,0
25,1,25,26,21.59804344177246,21.66666603088379,2.0,2.0,23.66666603088379,0,28.612884521484375,20.55555534362793,2.0,2.0,22.55555534362793,1,21.59804344177246,21.66666603088379,2.0,2.0,23.66666603088379,0
25,2,25,26,23.46063804626465,23.44444465637207,2.0,1.0,25.44444465637207,0,25.149192810058594,24.44444465637207,2.0,0.0,26.44444465637207,0,23.46063804626465,23.44444465637207,2.0,1.0,25.44444465637207,0
25,3,25,26,23.888916015625,23.88888931274414,2.0,2.0,25.88888931274414,0,26.578872680664062,23.88888931274414,2.0,2.0,25.88888931274414,1,23.888916015625,23.88888931274414,2.0,2.0,25.88888931274414,0
26,1,26,27,22.219463348388672,22.22222137451172,2.0,2.0,24.22222137451172,0,28.56201171875,21.66666603088379,2.0,2.0,23.66666603088379,1,22.219463348388672,22.22222137451172,2.0,2.0,24.22222137451172,0
26,2,26,27,22.79660987854004,22.77777862548828,2.0,1.0,24.77777862548828,0,24.963972091674805,23.44444465637207,2.0,1.0,25.44444465637207,0,22.79660987854004,22.77777862548828,2.0,1.0,24.77777862548828,0
26,3,26,27,23.888864517211914,23.88888931274414,2.0,2.0,25.88888931274414,0,26.289493560791016,23.88888931274414,2.0,2.0,25.88888931274414,1,23.888864517211914,23.88888931274414,2.0,2.0,25.88888931274414,0
27,1,27,28,22.222187042236328,22.22222137451172,2.0,2.0,24.22222137451172,0,28.49494743347168,22.22222137451172,2.0,2.0,24.22222137451172,1,22.222187042236328,22.22222137451172,2.0,2.0,24.22222137451172,0
27,2,27,28,23.63799476623535,23.77777862548828,2.0,1.0,25.77777862548828,0,24.741024017333984,22.77777862548828,2.0,1.0,24.77777862548828,0,23.63799476623535,23.77777862548828,2.0,1.0,25.77777862548828,0
27,3,27,28,24.388513565063477,24.38888931274414,2.0,2.0,26.38888931274414,0,25.970624923706055,23.88888931274414,2.0,2.0,25.88888931274414,1,24.388513565063477,24.38888931274414,2.0,2.0,26.38888931274414,0
28,1,28,29,22.222230911254883,22.22222137451172,2.0,3.0,24.22222137451172,0,28.534446716308594,22.22222137451172,2.0,2.0,24.22222137451172,1,22.222230911254883,22.22222137451172,2.0,3.0,24.22222137451172,0
28,2,28,29,23.933101654052734,24.44444465637207,2.0,1.0,26.44444465637207,0,25.113525390625,23.77777862548828,2.0,1.0,25.77777862548828,0,23.933101654052734,24.44444465637207,2.0,1.0,26.44444465637207,0
28,3,28,29,24.44426918029785,24.44444465637207,2.0,2.0,26.44444465637207,0,25.924907684326172,24.38888931274414,2.0,2.0,26.38888931274414,0,24.44426918029785,24.44444465637207,2.0,2.0,26.44444465637207,0
29,1,29,30,22.222021102905273,22.22222137451172,2.0,3.0,24.22222137451172,0,28.451007843017578,22.22222137451172,2.0,3.0,24.22222137451172,1,22.222021102905273,22.22222137451172,2.0,3.0,24.22222137451172,0
29,2,29,30,24.049604415893555,24.44444465637207,2.0,1.0,26.44444465637207,0,25.353065490722656,24.44444465637207,2.0,1.0,26.44444465637207,0,24.049604415893555,24.44444465637207,2.0,1.0,26.44444465637207,0
29,3,29,30,23.95987892150879,23.94444465637207,2.0,2.0,25.94444465637207,0,25.706674575805664,24.44444465637207,2.0,2.0,26.44444465637207,0,23.95987892150879,23.94444465637207,2.0,2.0,25.94444465637207,0
30,1,30,31,22.222225189208984,22.22222137451172,2.0,3.0,24.22222137451172,0,28.345178604125977,22.22222137451172,2.0,3.0,24.22222137451172,1,22.222225189208984,22.22222137451172,2.0,3.0,24.22222137451172,0
30,2,30,31,24.477828979492188,24.77777862548828,2.0,1.0,26.77777862548828,0,25.241165161132812,24.44444465637207,2.0,1.0,26.44444465637207,0,24.477828979492188,24.77777862548828,2.0,1.0,26.77777862548828,0
30,3,30,31,24.16481590270996,24.16666603088379,2.0,2.0,26.16666603088379,0,25.27202606201172,23.94444465637207,2.0,2.0,25.94444465637207,0,24.16481590270996,24.16666603088379,2.0,2.0,26.16666603088379,0
31,1,31,32,22.331993103027344,22.33333396911621,2.0,3.0,24.33333396911621,0,28.438800811767578,22.22222137451172,2.0,3.0,24.22222137451172,1,22.331993103027344,22.33333396911621,2.0,3.0,24.33333396911621,0
31,2,31,32,24.9599609375,25.0,2.0,1.0,27.0,0,25.64214324951172,24.77777862548828,2.0,1.0,26.77777862548828,0,24.9599609375,25.0,2.0,1.0,27.0,0
31,3,31,32,24.44432830810547,24.44444465637207,2.0,2.0,26.44444465637207,0,25.384021759033203,24.16666603088379,2.0,2.0,26.16666603088379,0,24.44432830810547,24.44444465637207,2.0,2.0,26.44444465637207,0
32,1,32,33,24.259183883666992,24.44444465637207,2.0,2.0,26.44444465637207,0,28.742645263671875,22.33333396911621,2.0,3.0,24.33333396911621,1,24.259183883666992,24.44444465637207,2.0,2.0,26.44444465637207,0
32,2,32,33,24.993562698364258,25.0,2.0,0.0,27.0,0,26.11566162109375,25.0,2.0,1.0,27.0,0,24.993562698364258,25.0,2.0,0.0,27.0,0
32,3,32,33,24.11358642578125,24.11111068725586,2.0,2.0,26.11111068725586,0,25.7309513092041,24.44444465637207,2.0,2.0,26.44444465637207,0,24.11358642578125,24.11111068725586,2.0,2.0,26.11111068725586,0
33,1,33,34,24.444231033325195,24.44444465637207,2.0,2.0,26.44444465637207,0,29.031452178955078,24.44444465637207,2.0,2.0,26.44444465637207,1,24.444231033325195,24.44444465637207,2.0,2.0,26.44444465637207,0
33,2,33,34,24.998220443725586,25.0,2.0,0.0,27.0,0,26.45159339904785,25.0,2.0,0.0,27.0,0,24.998220443725586,25.0,2.0,0.0,27.0,0
33,3,33,34,23.890117645263672,23.88888931274414,2.0,2.0,25.88888931274414,0,25.907527923583984,24.11111068725586,2.0,2.0,26.11111068725586,0,23.890117645263672,23.88888931274414,2.0,2.0,25.88888931274414,0
34,1,34,35,24.444448471069336,24.44444465637207,2.0,2.0,26.44444465637207,0,29.209674835205078,24.44444465637207,2.0,2.0,26.44444465637207,1,24.444448471069336,24.44444465637207,2.0,2.0,26.44444465637207,0
34,2,34,35,24.998016357421875,25.0,2.0,1.0,27.0,0,26.27157211303711,25.0,2.0,0.0,27.0,0,24.998016357421875,25.0,2.0,1.0,27.0,0
34,3,34,35,23.888898849487305,23.88888931274414,2.0,2.0,25.88888931274414,0,26.090801239013672,23.88888931274414,2.0,2.0,25.88888931274414,1,23.888898849487305,23.88888931274414,2.0,2.0,25.88888931274414,0
35,1,35,36,24.444448471069336,24.44444465637207,2.0,2.0,26.44444465637207,0,29.88062286376953,24.44444465637207,2.0,2.0,26.44444465637207,1,24.444448471069336,24.44444465637207,2.0,2.0,26.44444465637207,0
35,2,35,36,24.99733543395996,25.0,2.0,1.0,27.0,0,27.08612060546875,25.0,2.0,1.0,27.0,1,24.99733543395996,25.0,2.0,1.0,27.0,0
35,3,35,36,23.88890266418457,23.88888931274414,2.0,2.0,25.88888931274414,0,26.4395694732666,23.88888931274414,2.0,2.0,25.88888931274414,1,23.88890266418457,23.88888931274414,2.0,2.0,25.88888931274414,0
36,1,36,37,24.44445037841797,24.44444465637207,2.0,2.0,26.44444465637207,0,30.32608413696289,24.44444465637207,2.0,2.0,26.44444465637207,1,24.44445037841797,24.44444465637207,2.0,2.0,26.44444465637207,0
36,2,36,37,24.886377334594727,24.88888931274414,2.0,1.0,26.88888931274414,0,27.580867767333984,25.0,2.0,1.0,27.0,1,24.886377334594727,24.88888931274414,2.0,1.0,26.88888931274414,0
36,3,36,37,23.888893127441406,23.88888931274414,2.0,2.0,25.88888931274414,0,26.846725463867188,23.88888931274414,2.0,2.0,25.88888931274414,1,23.888893127441406,23.88888931274414,2.0,2.0,25.88888931274414,0
37,1,37,38,24.444454193115234,24.44444465637207,2.0,3.0,26.44444465637207,0,30.895492553710938,24.44444465637207,2.0,2.0,26.44444465637207,1,24.444454193115234,24.44444465637207,2.0,3.0,26.44444465637207,0
37,2,37,38,23.91724967956543,23.88888931274414,2.0,1.0,25.88888931274414,0,28.529041290283203,24.88888931274414,2.0,1.0,26.88888931274414,1,23.91724967956543,23.88888931274414,2.0,1.0,25.88888931274414,0
37,3,37,38,23.88889503479004,23.88888931274414,2.0,2.0,25.88888931274414,0,27.339229583740234,23.88888931274414,2.0,2.0,25.88888931274414,1,23.88889503479004,23.88888931274414,2.0,2.0,25.88888931274414,0
38,1,38,39,24.444456100463867,24.44444465637207,2.0,2.0,26.44444465637207,0,31.281982421875,24.44444465637207,2.0,3.0,26.44444465637207,1,24.444456100463867,24.44444465637207,2.0,2.0,26.44444465637207,0
38,2,38,39,23.987829208374023,24.0,2.0,1.0,26.0,0,29.305835723876953,23.88888931274414,2.0,1.0,25.88888931274414,1,23.987829208374023,24.0,2.0,1.0,26.0,0
38,3,38,39,23.888896942138672,23.88888931274414,2.0,2.0,25.88888931274414,0,27.824235916137695,23.88888931274414,2.0,2.0,25.88888931274414,1,23.888896942138672,23.88888931274414,2.0,2.0,25.88888931274414,0
39,1,39,40,24.590377807617188,24.61111068725586,2.0,1.0,26.61111068725586,0,31.801227569580078,24.44444465637207,2.0,2.0,26.44444465637207,1,24.590377807617188,24.61111068725586,2.0,1.0,26.61111068725586,0
39,2,39,40,24.900402069091797,25.0,2.0,1.0,27.0,0,30.24239158630371,24.0,2.0,1.0,26.0,1,24.900402069091797,25.0,2.0,1.0,27.0,0
39,3,39,40,23.45563316345215,23.38888931274414,2.0,2.0,25.38888931274414,0,28.539403915405273,23.88888931274414,2.0,2.0,25.88888931274414,1,23.45563316345215,23.38888931274414,2.0,2.0,25.38888931274414,0
40,1,40,41,24.983442306518555,25.0,2.0,1.0,27.0,0,32.2032356262207,24.61111068725586,2.0,1.0,26.61111068725586,1,24.983442306518555,25.0,2.0,1.0,27.0,0
40,2,40,41,24.99033546447754,25.0,2.0,1.0,27.0,0,31.244125366210938,25.0,2.0,1.0,27.0,1,24.99033546447754,25.0,2.0,1.0,27.0,0
40,3,40,41,23.339384078979492,23.33333396911621,2.0,2.0,25.33333396911621,0,29.23822593688965,23.38888931274414,2.0,2.0,25.38888931274414,1,23.339384078979492,23.33333396911621,2.0,2.0,25.33333396911621,0
41,1,41,42,24.51955795288086,24.5,2.0,1.0,26.5,0,32.49496841430664,25.0,2.0,1.0,27.0,1,24.51955795288086,24.5,2.0,1.0,26.5,0
41,2,41,42,24.995126724243164,25.0,2.0,0.0,27.0,0,32.07026672363281,25.0,2.0,1.0,27.0,1,24.995126724243164,25.0,2.0,0.0,27.0,0
41,3,41,42,24.43340301513672,24.44444465637207,2.0,2.0,26.44444465637207,0,29.852962493896484,23.33333396911621,2.0,2.0,25.33333396911621,1,24.43340301513672,24.44444465637207,2.0,2.0,26.44444465637207,0
42,1,42,43,24.445270538330078,24.44444465637207,2.0,2.0,26.44444465637207,0,32.631813049316406,24.5,2.0,1.0,26.5,1,24.445270538330078,24.44444465637207,2.0,2.0,26.44444465637207,0
42,2,42,43,24.996644973754883,25.0,2.0,1.0,27.0,0,31.7552547454834,25.0,2.0,0.0,27.0,0,24.996644973754883,25.0,2.0,1.0,27.0,0
42,3,42,43,24.444324493408203,24.44444465637207,2.0,2.0,26.44444465637207,0,30.522052764892578,24.44444465637207,2.0,2.0,26.44444465637207,1,24.444324493408203,24.44444465637207,2.0,2.0,26.44444465637207,0
43,1,43,44,24.4444580078125,24.44444465637207,2.0,3.0,26.44444465637207,0,32.913116455078125,24.44444465637207,2.0,2.0,26.44444465637207,1,24.4444580078125,24.44444465637207,2.0,3.0,26.44444465637207,0
43,2,43,44,24.998422622680664,25.0,2.0,1.0,27.0,0,30.494979858398438,25.0,2.0,1.0,27.0,1,24.998422622680664,25.0,2.0,1.0,27.0,0
43,3,43,44,23.347232818603516,23.33333396911621,2.0,2.0,25.33333396911621,0,29.554779052734375,24.44444465637207,2.0,2.0,26.44444465637207,1,23.347232818603516,23.33333396911621,2.0,2.0,25.33333396911621,0
44,1,44,45,24.44445037841797,24.44444465637207,2.0,3.0,26.44444465637207,0,32.966129302978516,24.44444465637207,2.0,3.0,26.44444465637207,1,24.44445037841797,24.44444465637207,2.0,3.0,26.44444465637207,0
44,2,44,45,24.99833869934082,25.0,2.0,1.0,27.0,0,30.995330810546875,25.0,2.0,1.0,27.0,1,24.99833869934082,25.0,2.0,1.0,27.0,0
44,3,44,45,23.16851806640625,23.16666603088379,2.0,2.0,25.16666603088379,0,30.219432830810547,23.33333396911621,2.0,2.0,25.33333396911621,1,23.16851806640625,23.16666603088379,2.0,2.0,25.16666603088379,0
45,1,45,46,22.099010467529297,22.0,2.0,3.0,24.0,0,32.999473571777344,24.44444465637207,2.0,3.0,26.44444465637207,1,22.099010467529297,22.0,2.0,3.0,24.0,0
45,2,45,46,24.942691802978516,24.94444465637207,2.0,1.0,26.94444465637207,0,30.216047286987305,25.0,2.0,1.0,27.0,1,24.942691802978516,24.94444465637207,2.0,1.0,26.94444465637207,0
45,3,45,46,23.11188316345215,23.11111068725586,2.0,2.0,25.11111068725586,0,29.95574951171875,23.16666603088379,2.0,2.0,25.16666603088379,1,23.11188316345215,23.11111068725586,2.0,2.0,25.11111068725586,0
46,1,46,47,20.35350227355957,20.0,2.0,3.0,22.0,0,32.837432861328125,22.0,2.0,3.0,24.0,1,20.35350227355957,20.0,2.0,3.0,22.0,0
46,2,46,47,24.44642448425293,24.44444465637207,2.0,1.0,26.44444465637207,0,29.779273986816406,24.94444465637207,2.0,1.0,26.94444465637207,1,24.44642448425293,24.44444465637207,2.0,1.0,26.44444465637207,0
46,3,46,47,24.048812866210938,24.05555534362793,2.0,2.0,26.05555534362793,0,29.720748901367188,23.11111068725586,2.0,2.0,25.11111068725586,1,24.048812866210938,24.05555534362793,2.0,2.0,26.05555534362793,0
47,1,47,48,20.01495933532715,20.0,2.0,3.0,22.0,0,31.980812072753906,20.0,2.0,3.0,22.0,1,20.01495933532715,20.0,2.0,3.0,22.0,0
47,2,47,48,24.442367553710938,24.44444465637207,2.0,1.0,26.44444465637207,0,28.190887451171875,24.44444465637207,2.0,1.0,26.44444465637207,1,24.442367553710938,24.44444465637207,2.0,1.0,26.44444465637207,0
47,3,47,48,24.443262100219727,24.44444465637207,2.0,2.0,26.44444465637207,0,29.330657958984375,24.05555534362793,2.0,2.0,26.05555534362793,1,24.443262100219727,24.44444465637207,2.0,2.0,26.44444465637207,0
48,1,48,49,20.00324249267578,20.0,2.0,2.0,22.0,0,31.458797454833984,20.0,2.0,3.0,22.0,1,20.00324249267578,20.0,2.0,2.0,22.0,0
48,2,48,49,24.442792892456055,24.44444465637207,2.0,1.0,26.44444465637207,0,27.320556640625,24.44444465637207,2.0,1.0,26.44444465637207,1,24.442792892456055,24.44444465637207,2.0,1.0,26.44444465637207,0
48,3,48,49,24.44443702697754,24.44444465637207,2.0,2.0,26.44444465637207,0,28.874364852905273,24.44444465637207,2.0,2.0,26.44444465637207,1,24.44443702697754,24.44444465637207,2.0,2.0,26.44444465637207,0
49,1,49,50,20.000890731811523,20.0,2.0,2.0,22.0,0,30.98858642578125,20.0,2.0,2.0,22.0,1,20.000890731811523,20.0,2.0,2.0,22.0,0
49,2,49,50,24.44288444519043,24.44444465637207,2.0,1.0,26.44444465637207,0,26.681812286376953,24.44444465637207,2.0,1.0,26.44444465637207,1,24.44288444519043,24.44444465637207,2.0,1.0,26.44444465637207,0
49,3,49,50,24.444438934326172,24.44444465637207,2.0,2.0,26.44444465637207,0,28.30162811279297,24.44444465637207,2.0,2.0,26.44444465637207,1,24.444438934326172,24.44444465637207,2.0,2.0,26.44444465637207,0
50,1,50,51,20.000518798828125,20.0,2.0,2.0,22.0,0,30.725997924804688,20.0,2.0,2.0,22.0,1,20.000518798828125,20.0,2.0,2.0,22.0,0
50,2,50,51,24.443241119384766,24.44444465637207,2.0,1.0,26.44444465637207,0,26.619789123535156,24.44444465637207,2.0,1.0,26.44444465637207,1,24.443241119384766,24.44444465637207,2.0,1.0,26.44444465637207,0
50,3,50,51,24.444448471069336,24.44444465637207,2.0,2.0,26.44444465637207,0,27.858808517456055,24.44444465637207,2.0,2.0,26.44444465637207,1,24.444448471069336,24.44444465637207,2.0,2.0,26.44444465637207,0
51,1,51,52,20.000192642211914,20.0,2.0,2.0,22.0,0,30.145774841308594,20.0,2.0,2.0,22.0,1,20.000192642211914,20.0,2.0,2.0,22.0,0
51,2,51,52,24.443384170532227,24.44444465637207,2.0,1.0,26.44444465637207,0,26.266292572021484,24.44444465637207,2.0,1.0,26.44444465637207,0,24.443384170532227,24.44444465637207,2.0,1.0,26.44444465637207,0
51,3,51,52,24.444438934326172,24.44444465637207,2.0,2.0,26.44444465637207,0,27.344970703125,24.44444465637207,2.0,2.0,26.44444465637207,1,24.444438934326172,24.44444465637207,2.0,2.0,26.44444465637207,0
52,1,52,53,20.000080108642578,20.0,2.0,3.0,22.0,0,30.03656768798828,20.0,2.0,2.0,22.0,1,20.000080108642578,20.0,2.0,3.0,22.0,0
52,2,52,53,24.443471908569336,24.44444465637207,2.0,1.0,26.44444465637207,0,26.491287231445312,24.44444465637207,2.0,1.0,26.44444465637207,1,24.443471908569336,24.44444465637207,2.0,1.0,26.44444465637207,0
52,3,52,53,24.444448471069336,24.44444465637207,2.0,2.0,26.44444465637207,0,26.982074737548828,24.44444465637207,2.0,2.0,26.44444465637207,1,24.444448471069336,24.44444465637207,2.0,2.0,26.44444465637207,0
53,1,53,54,19.999914169311523,20.0,2.0,3.0,22.0,0,29.678550720214844,20.0,2.0,3.0,22.0,1,19.999914169311523,20.0,2.0,3.0,22.0,0
53,2,53,54,24.443674087524414,24.44444465637207,2.0,1.0,26.44444465637207,0,26.429855346679688,24.44444465637207,2.0,1.0,26.44444465637207,0,24.443674087524414,24.44444465637207,2.0,1.0,26.44444465637207,0
53,3,53,54,24.444427490234375,24.44444465637207,2.0,2.0,26.44444465637207,0,26.61777114868164,24.44444465637207,2.0,2.0,26.44444465637207,1,24.444427490234375,24.44444465637207,2.0,2.0,26.44444465637207,0
54,1,54,55,20.000009536743164,20.0,2.0,3.0,22.0,0,29.330829620361328,20.0,2.0,3.0,22.0,1,20.000009536743164,20.0,2.0,3.0,22.0,0
54,2,54,55,24.74374771118164,24.77777862548828,2.0,1.0,26.77777862548828,0,26.29547691345215,24.44444465637207,2.0,1.0,26.44444465637207,0,24.74374771118164,24.77777862548828,2.0,1.0,26.77777862548828,0
54,3,54,55,24.444414138793945,24.44444465637207,2.0,2.0,26.44444465637207,0,26.313674926757812,24.44444465637207,2.0,2.0,26.44444465637207,0,24.444414138793945,24.44444465637207,2.0,2.0,26.44444465637207,0
55,1,55,56,20.000009536743164,20.0,2.0,3.0,22.0,0,29.152034759521484,20.0,2.0,3.0,22.0,1,20.000009536743164,20.0,2.0,3.0,22.0,0
55,2,55,56,24.988384246826172,25.0,2.0,1.0,27.0,0,26.548831939697266,24.77777862548828,2.0,1.0,26.77777862548828,0,24.988384246826172,25.0,2.0,1.0,27.0,0
55,3,55,56,23.952791213989258,23.94444465637207,2.0,2.0,25.94444465637207,0,26.2012939453125,24.44444465637207,2.0,2.0,26.44444465637207,0,23.952791213989258,23.94444465637207,2.0,2.0,25.94444465637207,0
56,1,56,57,20.00000762939453,20.0,2.0,3.0,22.0,0,28.775348663330078,20.0,2.0,3.0,22.0,1,20.00000762939453,20.0,2.0,3.0,22.0,0
56,2,56,57,24.999094009399414,25.0,2.0,0.0,27.0,0,26.976715087890625,25.0,2.0,1.0,27.0,0,24.999094009399414,25.0,2.0,0.0,27.0,0
56,3,56,57,23.889270782470703,23.88888931274414,2.0,2.0,25.88888931274414,0,26.126937866210938,23.94444465637207,2.0,2.0,25.94444465637207,1,23.889270782470703,23.88888931274414,2.0,2.0,25.88888931274414,0
57,1,57,58,22.32158851623535,22.44444465637207,2.0,3.0,24.44444465637207,0,29.29657745361328,20.0,2.0,3.0,22.0,1,22.32158851623535,22.44444465637207,2.0,3.0,24.44444465637207,0
57,2,57,58,24.999141693115234,25.0,2.0,0.0,27.0,0,27.399091720581055,25.0,2.0,0.0,27.0,0,24.999141693115234,25.0,2.0,0.0,27.0,0
57,3,57,58,23.888893127441406,23.88888931274414,2.0,2.0,25.88888931274414,0,26.253217697143555,23.88888931274414,2.0,2.0,25.88888931274414,1,23.888893127441406,23.88888931274414,2.0,2.0,25.88888931274414,0
58,1,58,59,22.769943237304688,22.77777862548828,2.0,3.0,24.77777862548828,0,29.548641204833984,22.44444465637207,2.0,3.0,24.44444465637207,1,22.769943237304688,22.77777862548828,2.0,3.0,24.77777862548828,0
58,2,58,59,24.99886703491211,25.0,2.0,0.0,27.0,0,27.644466400146484,25.0,2.0,0.0,27.0,0,24.99886703491211,25.0,2.0,0.0,27.0,0
58,3,58,59,23.888891220092773,23.88888931274414,2.0,1.0,25.88888931274414,0,26.463314056396484,23.88888931274414,2.0,2.0,25.88888931274414,1,23.888891220092773,23.88888931274414,2.0,1.0,25.88888931274414,0
59,1,59,60,24.340084075927734,24.44444465637207,2.0,2.0,26.44444465637207,0,29.886249542236328,22.77777862548828,2.0,3.0,24.77777862548828,1,24.340084075927734,24.44444465637207,2.0,2.0,26.44444465637207,0
59,2,59,60,24.996706008911133,25.0,2.0,1.0,27.0,0,27.714338302612305,25.0,2.0,0.0,27.0,0,24.996706008911133,25.0,2.0,1.0,27.0,0
59,3,59,60,23.88889503479004,23.88888931274414,2.0,1.0,25.88888931274414,0,26.559852600097656,23.88888931274414,2.0,1.0,25.88888931274414,1,23.88889503479004,23.88888931274414,2.0,1.0,25.88888931274414,0
60,1,60,61,24.44430160522461,24.44444465637207,2.0,2.0,26.44444465637207,0,29.996353149414062,24.44444465637207,2.0,2.0,26.44444465637207,1,24.44430160522461,24.44444465637207,2.0,2.0,26.44444465637207,0
60,2,60,61,24.616710662841797,24.61111068725586,2.0,1.0,26.61111068725586,0,28.09850311279297,25.0,2.0,1.0,27.0,1,24.616710662841797,24.61111068725586,2.0,1.0,26.61111068725586,0
60,3,60,61,23.888898849487305,23.88888931274414,2.0,1.0,25.88888931274414,0,26.442317962646484,23.88888931274414,2.0,1.0,25.88888931274414,1,23.888898849487305,23.88888931274414,2.0,1.0,25.88888931274414,0
61,1,61,62,24.444448471069336,24.44444465637207,2.0,2.0,26.44444465637207,0,29.556365966796875,24.44444465637207,2.0,2.0,26.44444465637207,1,24.444448471069336,24.44444465637207,2.0,2.0,26.44444465637207,0
61,2,61,62,23.3652400970459,23.33333396911621,2.0,1.0,25.33333396911621,0,27.732309341430664,24.61111068725586,2.0,1.0,26.61111068725586,1,23.3652400970459,23.33333396911621,2.0,1.0,25.33333396911621,0
61,3,61,62,23.888896942138672,23.88888931274414,2.0,2.0,25.88888931274414,0,26.21373176574707,23.88888931274414,2.0,1.0,25.88888931274414,1,23.888896942138672,23.88888931274414,2.0,2.0,25.88888931274414,0
62,1,62,63,24.39145278930664,24.38888931274414,2.0,2.0,26.38888931274414,0,29.68231201171875,24.44444465637207,2.0,2.0,26.44444465637207,1,24.39145278930664,24.38888931274414,2.0,2.0,26.38888931274414,0
62,2,62,63,23.69693374633789,23.72222137451172,2.0,1.0,25.72222137451172,0,28.07970428466797,23.33333396911621,2.0,1.0,25.33333396911621,1,23.69693374633789,23.72222137451172,2.0,1.0,25.72222137451172,0
62,3,62,63,23.38384437561035,23.33333396911621,2.0,2.0,25.33333396911621,0,26.457054138183594,23.88888931274414,2.0,2.0,25.88888931274414,1,23.38384437561035,23.33333396911621,2.0,2.0,25.33333396911621,0
63,1,63,64,23.584304809570312,23.55555534362793,2.0,2.0,25.55555534362793,0,29.8353271484375,24.38888931274414,2.0,2.0,26.38888931274414,1,23.584304809570312,23.55555534362793,2.0,2.0,25.55555534362793,0
63,2,63,64,24.994998931884766,25.0,2.0,1.0,27.0,0,28.341781616210938,23.72222137451172,2.0,1.0,25.72222137451172,1,24.994998931884766,25.0,2.0,1.0,27.0,0
63,3,63,64,23.337772369384766,23.33333396911621,2.0,2.0,25.33333396911621,0,26.558046340942383,23.33333396911621,2.0,2.0,25.33333396911621,1,23.337772369384766,23.33333396911621,2.0,2.0,25.33333396911621,0
64,1,64,65,22.246484756469727,22.22222137451172,2.0,2.0,24.22222137451172,0,29.777549743652344,23.55555534362793,2.0,2.0,25.55555534362793,1,22.246484756469727,22.22222137451172,2.0,2.0,24.22222137451172,0
64,2,64,65,24.997177124023438,25.0,2.0,1.0,27.0,0,28.185100555419922,25.0,2.0,1.0,27.0,1,24.997177124023438,25.0,2.0,1.0,27.0,0
64,3,64,65,23.607276916503906,23.61111068725586,2.0,2.0,25.61111068725586,0,26.622793197631836,23.33333396911621,2.0,2.0,25.33333396911621,1,23.607276916503906,23.61111068725586,2.0,2.0,25.61111068725586,0
65,1,65,66,22.554698944091797,22.55555534362793,2.0,2.0,24.55555534362793,0,30.05290985107422,22.22222137451172,2.0,2.0,24.22222137451172,1,22.554698944091797,22.55555534362793,2.0,2.0,24.55555534362793,0
65,2,65,66,24.997554779052734,25.0,2.0,1.0,27.0,0,28.32444190979004,25.0,2.0,1.0,27.0,1,24.997554779052734,25.0,2.0,1.0,27.0,0
65,3,65,66,23.88638687133789,23.88888931274414,2.0,2.0,25.88888931274414,0,26.793289184570312,23.61111068725586,2.0,2.0,25.61111068725586,1,23.88638687133789,23.88888931274414,2.0,2.0,25.88888931274414,0
66,1,66,67,24.380111694335938,24.44444465637207,2.0,3.0,26.44444465637207,0,29.72787857055664,22.55555534362793,2.0,2.0,24.55555534362793,1,24.380111694335938,24.44444465637207,2.0,3.0,26.44444465637207,0
66,2,66,67,24.998260498046875,25.0,2.0,1.0,27.0,0,27.72918128967285,25.0,2.0,1.0,27.0,1,24.998260498046875,25.0,2.0,1.0,27.0,0
66,3,66,67,23.339859008789062,23.33333396911621,2.0,2.0,25.33333396911621,0,26.71996307373047,23.88888931274414,2.0,2.0,25.88888931274414,1,23.339859008789062,23.33333396911621,2.0,2.0,25.33333396911621,0
67,1,67,68,24.4444580078125,24.44444465637207,2.0,3.0,26.44444465637207,0,29.69308853149414,24.44444465637207,2.0,3.0,26.44444465637207,1,24.4444580078125,24.44444465637207,2.0,3.0,26.44444465637207,0
67,2,67,68,24.998722076416016,25.0,2.0,1.0,27.0,0,25.884876251220703,25.0,2.0,1.0,27.0,0,24.998722076416016,25.0,2.0,1.0,27.0,0
67,3,67,68,23.3333797454834,23.33333396911621,2.0,2.0,25.33333396911621,0,25.829998016357422,23.33333396911621,2.0,2.0,25.33333396911621,1,23.3333797454834,23.33333396911621,2.0,2.0,25.33333396911621,0
68,1,68,69,24.44445037841797,24.44444465637207,2.0,3.0,26.44444465637207,0,30.109012603759766,24.44444465637207,2.0,3.0,26.44444465637207,1,24.44445037841797,24.44444465637207,2.0,3.0,26.44444465637207,0
68,2,68,69,24.666534423828125,24.66666603088379,2.0,1.0,26.66666603088379,0,26.215248107910156,25.0,2.0,1.0,27.0,0,24.666534423828125,24.66666603088379,2.0,1.0,26.66666603088379,0
68,3,68,69,23.33333969116211,23.33333396911621,2.0,2.0,25.33333396911621,0,26.472957611083984,23.33333396911621,2.0,2.0,25.33333396911621,1,23.33333969116211,23.33333396911621,2.0,2.0,25.33333396911621,0
69,1,69,70,22.320205688476562,22.22222137451172,2.0,3.0,24.22222137451172,0,30.14739227294922,24.44444465637207,2.0,3.0,26.44444465637207,1,22.320205688476562,22.22222137451172,2.0,3.0,24.22222137451172,0
69,2,69,70,23.624128341674805,23.61111068725586,2.0,1.0,25.61111068725586,0,26.67926025390625,24.66666603088379,2.0,1.0,26.66666603088379,1,23.624128341674805,23.61111068725586,2.0,1.0,25.61111068725586,0
69,3,69,70,23.33333969116211,23.33333396911621,2.0,2.0,25.33333396911621,0,25.539695739746094,23.33333396911621,2.0,2.0,25.33333396911621,1,23.33333969116211,23.33333396911621,2.0,2.0,25.33333396911621,0
70,1,70,71,24.32600212097168,24.44444465637207,2.0,3.0,26.44444465637207,0,30.069271087646484,22.22222137451172,2.0,3.0,24.22222137451172,1,24.32600212097168,24.44444465637207,2.0,3.0,26.44444465637207,0
70,2,70,71,23.33413314819336,23.33333396911621,2.0,1.0,25.33333396911621,0,26.391664505004883,23.61111068725586,2.0,1.0,25.61111068725586,1,23.33413314819336,23.33333396911621,2.0,1.0,25.33333396911621,0
70,3,70,71,23.553159713745117,23.55555534362793,2.0,2.0,25.55555534362793,0,25.290931701660156,23.33333396911621,2.0,2.0,25.33333396911621,0,23.553159713745117,23.55555534362793,2.0,2.0,25.55555534362793,0
71,1,71,72,24.444320678710938,24.44444465637207,2.0,3.0,26.44444465637207,0,29.721271514892578,24.44444465637207,2.0,3.0,26.44444465637207,1,24.444320678710938,24.44444465637207,2.0,3.0,26.44444465637207,0
71,2,71,72,23.971952438354492,24.0,2.0,1.0,26.0,0,26.292675018310547,23.33333396911621,2.0,1.0,25.33333396911621,1,23.971952438354492,24.0,2.0,1.0,26.0,0
71,3,71,72,24.344215393066406,24.44444465637207,2.0,2.0,26.44444465637207,0,24.894855499267578,23.55555534362793,2.0,2.0,25.55555534362793,0,24.344215393066406,24.44444465637207,2.0,2.0,26.44444465637207,0
72,1,72,73,23.268932342529297,23.22222137451172,2.0,3.0,25.22222137451172,0,29.413387298583984,24.44444465637207,2.0,3.0,26.44444465637207,1,23.268932342529297,23.22222137451172,2.0,3.0,25.22222137451172,0
72,2,72,73,24.355989456176758,24.44444465637207,2.0,1.0,26.44444465637207,0,26.151355743408203,24.0,2.0,1.0,26.0,1,24.355989456176758,24.44444465637207,2.0,1.0,26.44444465637207,0
72,3,72,73,24.443920135498047,24.44444465637207,2.0,2.0,26.44444465637207,0,24.845041275024414,24.44444465637207,2.0,2.0,26.44444465637207,0,24.443920135498047,24.44444465637207,2.0,2.0,26.44444465637207,0
73,1,73,74,23.553041458129883,23.55555534362793,2.0,3.0,25.55555534362793,0,28.915176391601562,23.22222137451172,2.0,3.0,25.22222137451172,1,23.553041458129883,23.55555534362793,2.0,3.0,25.55555534362793,0
73,2,73,74,24.277372360229492,24.27777862548828,2.0,1.0,26.27777862548828,0,25.753582000732422,24.44444465637207,2.0,1.0,26.44444465637207,0,24.277372360229492,24.27777862548828,2.0,1.0,26.27777862548828,0
73,3,73,74,24.444442749023438,24.44444465637207,2.0,2.0,26.44444465637207,0,24.674427032470703,24.44444465637207,2.0,2.0,26.44444465637207,0,24.444442749023438,24.44444465637207,2.0,2.0,26.44444465637207,0
74,1,74,75,23.807456970214844,23.83333396911621,2.0,3.0,25.83333396911621,0,28.582969665527344,23.55555534362793,2.0,3.0,25.55555534362793,1,23.807456970214844,23.83333396911621,2.0,3.0,25.83333396911621,0
74,2,74,75,22.812488555908203,22.77777862548828,2.0,1.0,24.77777862548828,0,25.612213134765625,24.27777862548828,2.0,1.0,26.27777862548828,0,22.812488555908203,22.77777862548828,2.0,1.0,24.77777862548828,0
74,3,74,75,24.444446563720703,24.44444465637207,2.0,2.0,26.44444465637207,0,24.519804000854492,24.44444465637207,2.0,2.0,26.44444465637207,0,24.444446563720703,24.44444465637207,2.0,2.0,26.44444465637207,0
75,1,75,76,24.09328842163086,24.11111068725586,2.0,3.0,26.11111068725586,0,28.33621597290039,23.83333396911621,2.0,3.0,25.83333396911621,1,24.09328842163086,24.11111068725586,2.0,3.0,26.11111068725586,0
75,2,75,76,22.937183380126953,22.94444465637207,2.0,1.0,24.94444465637207,0,25.118610382080078,22.77777862548828,2.0,1.0,24.77777862548828,1,22.937183380126953,22.94444465637207,2.0,1.0,24.94444465637207,0
75,3,75,76,24.444440841674805,24.44444465637207,2.0,2.0,26.44444465637207,0,24.395973205566406,24.44444465637207,2.0,2.0,26.44444465637207,0,24.444440841674805,24.44444465637207,2.0,2.0,26.44444465637207,0
76,1,76,77,24.442474365234375,24.44444465637207,2.0,3.0,26.44444465637207,0,28.087400436401367,24.11111068725586,2.0,3.0,26.11111068725586,1,24.442474365234375,24.44444465637207,2.0,3.0,26.44444465637207,0
76,2,76,77,23.555644989013672,24.44444465637207,2.0,1.0,26.44444465637207,0,24.99509620666504,22.94444465637207,2.0,1.0,24.94444465637207,1,23.555644989013672,24.44444465637207,2.0,1.0,26.44444465637207,0
76,3,76,77,24.444429397583008,24.44444465637207,2.0,2.0,26.44444465637207,0,24.277263641357422,24.44444465637207,2.0,2.0,26.44444465637207,0,24.444429397583008,24.44444465637207,2.0,2.0,26.44444465637207,0
77,1,77,78,24.764493942260742,24.77777862548828,2.0,2.0,26.77777862548828,0,27.835355758666992,24.44444465637207,2.0,3.0,26.44444465637207,1,24.764493942260742,24.77777862548828,2.0,2.0,26.77777862548828,0
77,2,77,78,23.736499786376953,24.44444465637207,2.0,1.0,26.44444465637207,0,25.430025100708008,24.44444465637207,2.0,1.0,26.44444465637207,0,23.736499786376953,24.44444465637207,2.0,1.0,26.44444465637207,0
77,3,77,78,24.44443130493164,24.44444465637207,2.0,2.0,26.44444465637207,0,24.159530639648438,24.44444465637207,2.0,2.0,26.44444465637207,0,24.44443130493164,24.44444465637207,2.0,2.0,26.44444465637207,0
78,1,78,79,24.856143951416016,25.05555534362793,2.0,2.0,27.05555534362793,0,27.690757751464844,24.77777862548828,2.0,2.0,26.77777862548828,1,24.856143951416016,25.05555534362793,2.0,2.0,27.05555534362793,0
78,2,78,79,23.93866729736328,24.77777862548828,2.0,1.0,26.77777862548828,0,25.322294235229492,24.44444465637207,2.0,1.0,26.44444465637207,0,23.93866729736328,24.77777862548828,2.0,1.0,26.77777862548828,0
78,3,78,79,24.4444580078125,24.44444465637207,2.0,2.0,26.44444465637207,0,24.23394012451172,24.44444465637207,2.0,2.0,26.44444465637207,0,24.4444580078125,24.44444465637207,2.0,2.0,26.44444465637207,0
79,1,79,80,23.36336898803711,23.33333396911621,2.0,2.0,25.33333396911621,0,27.70285415649414,25.05555534362793,2.0,2.0,27.05555534362793,1,23.36336898803711,23.33333396911621,2.0,2.0,25.33333396911621,0
79,2,79,80,24.304759979248047,25.0,2.0,1.0,27.0,0,25.376256942749023,24.77777862548828,2.0,1.0,26.77777862548828,0,24.304759979248047,25.0,2.0,1.0,27.0,0
79,3,79,80,24.444448471069336,24.44444465637207,2.0,1.0,26.44444465637207,0,24.392498016357422,24.44444465637207,2.0,2.0,26.44444465637207,0,24.444448471069336,24.44444465637207,2.0,1.0,26.44444465637207,0
80,1,80,81,23.86579704284668,23.88888931274414,2.0,2.0,25.88888931274414,0,27.975156784057617,23.33333396911621,2.0,2.0,25.33333396911621,1,23.86579704284668,23.88888931274414,2.0,2.0,25.88888931274414,0
80,2,80,81,24.716257095336914,25.0,2.0,0.0,27.0,0,25.407840728759766,25.0,2.0,1.0,27.0,0,24.716257095336914,25.0,2.0,0.0,27.0,0
80,3,80,81,24.44445037841797,24.44444465637207,2.0,1.0,26.44444465637207,0,24.880897521972656,24.44444465637207,2.0,1.0,26.44444465637207,0,24.44445037841797,24.44444465637207,2.0,1.0,26.44444465637207,0
81,1,81,82,23.888803482055664,23.88888931274414,2.0,2.0,25.88888931274414,0,28.15627098083496,23.88888931274414,2.0,2.0,25.88888931274414,1,23.888803482055664,23.88888931274414,2.0,2.0,25.88888931274414,0
81,2,81,82,24.984586715698242,25.0,2.0,0.0,27.0,0,25.164669036865234,25.0,2.0,0.0,27.0,0,24.984586715698242,25.0,2.0,0.0,27.0,0
81,3,81,82,24.444448471069336,24.44444465637207,2.0,1.0,26.44444465637207,0,25.230262756347656,24.44444465637207,2.0,1.0,26.44444465637207,0,24.444448471069336,24.44444465637207,2.0,1.0,26.44444465637207,0
82,1,82,83,25.463703155517578,25.66666603088379,2.0,1.0,27.66666603088379,0,28.447154998779297,23.88888931274414,2.0,2.0,25.88888931274414,1,25.463703155517578,25.66666603088379,2.0,1.0,27.66666603088379,0
82,2,82,83,24.99929428100586,25.0,2.0,0.0,27.0,0,25.44538116455078,25.0,2.0,0.0,27.0,0,24.99929428100586,25.0,2.0,0.0,27.0,0
82,3,82,83,24.444446563720703,24.44444465637207,2.0,1.0,26.44444465637207,0,25.41718864440918,24.44444465637207,2.0,1.0,26.44444465637207,0,24.444446563720703,24.44444465637207,2.0,1.0,26.44444465637207,0
83,1,83,84,24.444374084472656,24.44444465637207,2.0,1.0,26.44444465637207,0,28.258995056152344,25.66666603088379,2.0,1.0,27.66666603088379,1,24.444374084472656,24.44444465637207,2.0,1.0,26.44444465637207,0
83,2,83,84,24.998924255371094,25.0,2.0,0.0,27.0,0,25.706283569335938,25.0,2.0,0.0,27.0,0,24.998924255371094,25.0,2.0,0.0,27.0,0
83,3,83,84,24.444446563720703,24.44444465637207,2.0,0.0,26.44444465637207,0,25.290822982788086,24.44444465637207,2.0,1.0,26.44444465637207,0,24.444446563720703,24.44444465637207,2.0,0.0,26.44444465637207,0
84,1,84,85,24.44445037841797,24.44444465637207,2.0,2.0,26.44444465637207,0,28.184040069580078,24.44444465637207,2.0,1.0,26.44444465637207,1,24.44445037841797,24.44444465637207,2.0,2.0,26.44444465637207,0
84,2,84,85,24.998371124267578,25.0,2.0,0.0,27.0,0,25.74655532836914,25.0,2.0,0.0,27.0,0,24.998371124267578,25.0,2.0,0.0,27.0,0
84,3,84,85,24.444448471069336,24.44444465637207,2.0,0.0,26.44444465637207,0,24.999351501464844,24.44444465637207,2.0,0.0,26.44444465637207,0,24.444448471069336,24.44444465637207,2.0,0.0,26.44444465637207,0
85,1,85,86,25.74015235900879,25.83333396911621,2.0,1.0,27.83333396911621,0,28.285781860351562,24.44444465637207,2.0,2.0,26.44444465637207,1,25.74015235900879,25.83333396911621,2.0,1.0,27.83333396911621,0
85,2,85,86,24.997665405273438,25.0,2.0,0.0,27.0,0,26.23216438293457,25.0,2.0,0.0,27.0,0,24.997665405273438,25.0,2.0,0.0,27.0,0
85,3,85,86,24.444448471069336,24.44444465637207,2.0,0.0,26.44444465637207,0,24.700345993041992,24.44444465637207,2.0,0.0,26.44444465637207,0,24.444448471069336,24.44444465637207,2.0,0.0,26.44444465637207,0
86,1,86,87,25.008886337280273,25.0,2.0,1.0,27.0,0,27.964744567871094,25.83333396911621,2.0,1.0,27.83333396911621,1,25.008886337280273,25.0,2.0,1.0,27.0,0
86,2,86,87,24.995718002319336,25.0,2.0,1.0,27.0,0,25.983285903930664,25.0,2.0,0.0,27.0,0,24.995718002319336,25.0,2.0,1.0,27.0,0
86,3,86,87,24.44445037841797,24.44444465637207,2.0,0.0,26.44444465637207,0,24.443937301635742,24.44444465637207,2.0,0.0,26.44444465637207,0,24.44445037841797,24.44444465637207,2.0,0.0,26.44444465637207,0
87,1,87,88,25.819984436035156,25.83333396911621,2.0,1.0,27.83333396911621,0,28.083675384521484,25.0,2.0,1.0,27.0,1,25.819984436035156,25.83333396911621,2.0,1.0,27.83333396911621,0
87,2,87,88,24.993818283081055,25.0,2.0,1.0,27.0,0,26.264554977416992,25.0,2.0,1.0,27.0,0,24.993818283081055,25.0,2.0,1.0,27.0,0
87,3,87,88,24.444454193115234,24.44444465637207,2.0,1.0,26.44444465637207,0,24.441553115844727,24.44444465637207,2.0,0.0,26.44444465637207,0,24.444454193115234,24.44444465637207,2.0,1.0,26.44444465637207,0
88,1,88,89,24.517105102539062,24.44444465637207,2.0,2.0,26.44444465637207,0,28.035398483276367,25.83333396911621,2.0,1.0,27.83333396911621,1,24.517105102539062,24.44444465637207,2.0,2.0,26.44444465637207,0
88,2,88,89,24.992023468017578,25.0,2.0,1.0,27.0,0,26.4241943359375,25.0,2.0,1.0,27.0,0,24.992023468017578,25.0,2.0,1.0,27.0,0
88,3,88,89,24.4444637298584,24.44444465637207,2.0,1.0,26.44444465637207,0,24.627262115478516,24.44444465637207,2.0,1.0,26.44444465637207,0,24.4444637298584,24.44444465637207,2.0,1.0,26.44444465637207,0
89,1,89,90,24.44514274597168,24.44444465637207,2.0,2.0,26.44444465637207,0,28.24713134765625,24.44444465637207,2.0,2.0,26.44444465637207,1,24.44514274597168,24.44444465637207,2.0,2.0,26.44444465637207,0
89,2,89,90,24.994142532348633,25.0,2.0,1.0,27.0,0,26.577281951904297,25.0,2.0,1.0,27.0,0,24.994142532348633,25.0,2.0,1.0,27.0,0
89,3,89,90,24.4444522857666,24.44444465637207,2.0,1.0,26.44444465637207,0,24.782007217407227,24.44444465637207,2.0,1.0,26.44444465637207,0,24.4444522857666,24.44444465637207,2.0,1.0,26.44444465637207,0
90,1,90,91,24.4444522857666,24.44444465637207,2.0,2.0,26.44444465637207,0,28.525733947753906,24.44444465637207,2.0,2.0,26.44444465637207,1,24.4444522857666,24.44444465637207,2.0,2.0,26.44444465637207,0
90,2,90,91,24.997167587280273,25.0,2.0,1.0,27.0,0,26.8118896484375,25.0,2.0,1.0,27.0,0,24.997167587280273,25.0,2.0,1.0,27.0,0
90,3,90,91,24.44445037841797,24.44444465637207,2.0,2.0,26.44444465637207,0,24.982088088989258,24.44444465637207,2.0,1.0,26.44444465637207,0,24.44445037841797,24.44444465637207,2.0,2.0,26.44444465637207,0
91,1,91,92,24.44445037841797,24.44444465637207,2.0,3.0,26.44444465637207,0,28.706371307373047,24.44444465637207,2.0,2.0,26.44444465637207,1,24.44445037841797,24.44444465637207,2.0,3.0,26.44444465637207,0
91,2,91,92,24.998567581176758,25.0,2.0,1.0,27.0,0,24.661043167114258,25.0,2.0,1.0,27.0,0,24.998567581176758,25.0,2.0,1.0,27.0,0
91,3,91,92,24.444448471069336,24.44444465637207,2.0,2.0,26.44444465637207,0,24.52365493774414,24.44444465637207,2.0,2.0,26.44444465637207,0,24.444448471069336,24.44444465637207,2.0,2.0,26.44444465637207,0
92,1,92,93,24.44445037841797,24.44444465637207,2.0,2.0,26.44444465637207,0,27.772621154785156,24.44444465637207,2.0,3.0,26.44444465637207,1,24.44445037841797,24.44444465637207,2.0,2.0,26.44444465637207,0
92,2,92,93,24.998943328857422,25.0,2.0,1.0,27.0,0,25.151222229003906,25.0,2.0,1.0,27.0,0,24.998943328857422,25.0,2.0,1.0,27.0,0
92,3,92,93,23.78448486328125,23.77777862548828,2.0,2.0,25.77777862548828,0,24.668132781982422,24.44444465637207,2.0,2.0,26.44444465637207,0,23.78448486328125,23.77777862548828,2.0,2.0,25.77777862548828,0
93,1,93,94,24.44445037841797,24.44444465637207,2.0,3.0,26.44444465637207,0,27.231542587280273,24.44444465637207,2.0,2.0,26.44444465637207,1,24.44445037841797,24.44444465637207,2.0,3.0,26.44444465637207,0
93,2,93,94,24.94344711303711,24.94444465637207,2.0,1.0,26.94444465637207,0,24.627471923828125,25.0,2.0,1.0,27.0,0,24.94344711303711,24.94444465637207,2.0,1.0,26.94444465637207,0
93,3,93,94,23.339256286621094,23.33333396911621,2.0,2.0,25.33333396911621,0,24.312030792236328,23.77777862548828,2.0,2.0,25.77777862548828,0,23.339256286621094,23.33333396911621,2.0,2.0,25.33333396911621,0
94,1,94,95,24.44445037841797,24.44444465637207,2.0,3.0,26.44444465637207,0,26.87371063232422,24.44444465637207,2.0,3.0,26.44444465637207,1,24.44445037841797,24.44444465637207,2.0,3.0,26.44444465637207,0
94,2,94,95,24.446552276611328,24.44444465637207,2.0,1.0,26.44444465637207,0,24.334197998046875,24.94444465637207,2.0,1.0,26.94444465637207,0,24.446552276611328,24.44444465637207,2.0,1.0,26.44444465637207,0
94,3,94,95,23.388330459594727,23.38888931274414,2.0,2.0,25.38888931274414,0,23.985214233398438,23.33333396911621,2.0,2.0,25.33333396911621,0,23.388330459594727,23.38888931274414,2.0,2.0,25.38888931274414,0
95,1,95,96,22.326231002807617,22.22222137451172,2.0,3.0,24.22222137451172,0,26.34169578552246,24.44444465637207,2.0,3.0,26.44444465637207,0,22.326231002807617,22.22222137451172,2.0,3.0,24.22222137451172,0
95,2,95,96,23.6234188079834,23.61111068725586,2.0,1.0,25.61111068725586,0,23.727102279663086,24.44444465637207,2.0,1.0,26.44444465637207,0,23.6234188079834,23.61111068725586,2.0,1.0,25.61111068725586,0
95,3,95,96,23.719953536987305,23.72222137451172,2.0,2.0,25.72222137451172,0,23.663652420043945,23.38888931274414,2.0,2.0,25.38888931274414,0,23.719953536987305,23.72222137451172,2.0,2.0,25.72222137451172,0
96,1,96,97,23.221450805664062,23.22222137451172,2.0,3.0,25.22222137451172,0,25.970226287841797,22.22222137451172,2.0,3.0,24.22222137451172,1,23.221450805664062,23.22222137451172,2.0,3.0,25.22222137451172,0
96,2,96,97,22.797500610351562,22.77777862548828,2.0,1.0,24.77777862548828,0,23.21727752685547,23.61111068725586,2.0,1.0,25.61111068725586,0,22.797500610351562,22.77777862548828,2.0,1.0,24.77777862548828,0
96,3,96,97,23.886842727661133,23.88888931274414,2.0,2.0,25.88888931274414,0,23.4940242767334,23.72222137451172,2.0,2.0,25.72222137451172,0,23.886842727661133,23.88888931274414,2.0,2.0,25.88888931274414,0
97,1,97,98,22.274980545043945,22.22222137451172,2.0,3.0,24.22222137451172,0,26.096467971801758,23.22222137451172,2.0,3.0,25.22222137451172,1,22.274980545043945,22.22222137451172,2.0,3.0,24.22222137451172,0
97,2,97,98,23.56316375732422,23.61111068725586,2.0,1.0,25.61111068725586,0,23.218647003173828,22.77777862548828,2.0,1.0,24.77777862548828,0,23.56316375732422,23.61111068725586,2.0,1.0,25.61111068725586,0
97,3,97,98,23.88886260986328,23.88888931274414,2.0,2.0,25.88888931274414,0,23.546472549438477,23.88888931274414,2.0,2.0,25.88888931274414,0,23.88886260986328,23.88888931274414,2.0,2.0,25.88888931274414,0
98,1,98,99,22.2275390625,22.22222137451172,2.0,3.0,24.22222137451172,0,25.9124755859375,22.22222137451172,2.0,3.0,24.22222137451172,1,22.2275390625,22.22222137451172,2.0,3.0,24.22222137451172,0
98,2,98,99,23.871755599975586,24.44444465637207,2.0,1.0,26.44444465637207,0,23.265714645385742,23.61111068725586,2.0,1.0,25.61111068725586,0,23.871755599975586,24.44444465637207,2.0,1.0,26.44444465637207,0
98,3,98,99,23.888893127441406,23.88888931274414,2.0,2.0,25.88888931274414,0,23.348495483398438,23.88888931274414,2.0,2.0,25.88888931274414,0,23.888893127441406,23.88888931274414,2.0,2.0,25.88888931274414,0
99,1,99,100,22.222787857055664,22.22222137451172,2.0,3.0,24.22222137451172,0,26.068626403808594,22.22222137451172,2.0,3.0,24.22222137451172,1,22.222787857055664,22.22222137451172,2.0,3.0,24.22222137451172,0
99,2,99,100,23.875919342041016,24.44444465637207,2.0,1.0,26.44444465637207,0,23.75516700744629,24.44444465637207,2.0,1.0,26.44444465637207,0,23.875919342041016,24.44444465637207,2.0,1.0,26.44444465637207,0
99,3,99,100,23.88888168334961,23.88888931274414,2.0,2.0,25.88888931274414,0,23.28415870666504,23.88888931274414,2.0,2.0,25.88888931274414,0,23.88888168334961,23.88888931274414,2.0,2.0,25.88888931274414,0
100,1,100,101,22.22226905822754,22.22222137451172,2.0,3.0,24.22222137451172,0,25.890783309936523,22.22222137451172,2.0,3.0,24.22222137451172,1,22.22226905822754,22.22222137451172,2.0,3.0,24.22222137451172,0
100,2,100,101,23.87540054321289,24.44444465637207,2.0,1.0,26.44444465637207,0,23.810707092285156,24.44444465637207,2.0,1.0,26.44444465637207,0,23.87540054321289,24.44444465637207,2.0,1.0,26.44444465637207,0
100,3,100,101,23.888874053955078,23.88888931274414,2.0,2.0,25.88888931274414,0,23.200855255126953,23.88888931274414,2.0,2.0,25.88888931274414,0,23.888874053955078,23.88888931274414,2.0,2.0,25.88888931274414,0
101,1,101,102,22.22223663330078,22.22222137451172,2.0,3.0,24.22222137451172,0,25.737884521484375,22.22222137451172,2.0,3.0,24.22222137451172,1,22.22223663330078,22.22222137451172,2.0,3.0,24.22222137451172,0
101,2,101,102,23.829883575439453,24.44444465637207,2.0,1.0,26.44444465637207,0,23.827190399169922,24.44444465637207,2.0,1.0,26.44444465637207,0,23.829883575439453,24.44444465637207,2.0,1.0,26.44444465637207,0
101,3,101,102,24.182451248168945,24.44444465637207,2.0,2.0,26.44444465637207,0,23.157405853271484,23.88888931274414,2.0,2.0,25.88888931274414,0,24.182451248168945,24.44444465637207,2.0,2.0,26.44444465637207,0
102,1,102,103,22.222230911254883,22.22222137451172,2.0,2.0,24.22222137451172,0,25.606307983398438,22.22222137451172,2.0,3.0,24.22222137451172,1,22.222230911254883,22.22222137451172,2.0,2.0,24.22222137451172,0
102,2,102,103,24.29742431640625,24.94444465637207,2.0,1.0,26.94444465637207,0,23.869117736816406,24.44444465637207,2.0,1.0,26.44444465637207,0,24.29742431640625,24.94444465637207,2.0,1.0,26.94444465637207,0
102,3,102,103,24.393583297729492,24.44444465637207,2.0,1.0,26.44444465637207,0,23.51197624206543,24.44444465637207,2.0,2.0,26.44444465637207,0,24.393583297729492,24.44444465637207,2.0,1.0,26.44444465637207,0
103,1,103,104,22.332090377807617,22.33333396911621,2.0,1.0,24.33333396911621,0,25.659353256225586,22.22222137451172,2.0,2.0,24.22222137451172,1,22.332090377807617,22.33333396911621,2.0,1.0,24.33333396911621,0
103,2,103,104,24.994035720825195,25.0,2.0,1.0,27.0,0,24.63140106201172,24.94444465637207,2.0,1.0,26.94444465637207,0,24.994035720825195,25.0,2.0,1.0,27.0,0
103,3,103,104,24.444385528564453,24.44444465637207,2.0,1.0,26.44444465637207,0,23.8309326171875,24.44444465637207,2.0,1.0,26.44444465637207,0,24.444385528564453,24.44444465637207,2.0,1.0,26.44444465637207,0
104,1,104,105,22.77596664428711,22.77777862548828,2.0,1.0,24.77777862548828,0,25.468143463134766,22.33333396911621,2.0,1.0,24.33333396911621,1,22.77596664428711,22.77777862548828,2.0,1.0,24.77777862548828,0
104,2,104,105,24.998735427856445,25.0,2.0,1.0,27.0,0,24.749427795410156,25.0,2.0,1.0,27.0,0,24.998735427856445,25.0,2.0,1.0,27.0,0
104,3,104,105,24.444446563720703,24.44444465637207,2.0,0.0,26.44444465637207,0,24.02202033996582,24.44444465637207,2.0,1.0,26.44444465637207,0,24.444446563720703,24.44444465637207,2.0,0.0,26.44444465637207,0
105,1,105,106,23.331836700439453,23.33333396911621,2.0,1.0,25.33333396911621,0,25.900470733642578,22.77777862548828,2.0,1.0,24.77777862548828,1,23.331836700439453,23.33333396911621,2.0,1.0,25.33333396911621,0
105,2,105,106,24.99860191345215,25.0,2.0,1.0,27.0,0,25.009639739990234,25.0,2.0,1.0,27.0,0,24.99860191345215,25.0,2.0,1.0,27.0,0
105,3,105,106,24.444446563720703,24.44444465637207,2.0,0.0,26.44444465637207,0,24.127429962158203,24.44444465637207,2.0,0.0,26.44444465637207,0,24.444446563720703,24.44444465637207,2.0,0.0,26.44444465637207,0
106,1,106,107,23.881792068481445,23.88888931274414,2.0,1.0,25.88888931274414,0,26.183589935302734,23.33333396911621,2.0,1.0,25.33333396911621,1,23.881792068481445,23.88888931274414,2.0,1.0,25.88888931274414,0
106,2,106,107,23.382963180541992,23.33333396911621,2.0,0.0,25.33333396911621,0,25.35161590576172,25.0,2.0,1.0,27.0,0,23.382963180541992,23.33333396911621,2.0,0.0,25.33333396911621,0
106,3,106,107,24.444446563720703,24.44444465637207,2.0,0.0,26.44444465637207,0,24.21701431274414,24.44444465637207,2.0,0.0,26.44444465637207,0,24.444446563720703,24.44444465637207,2.0,0.0,26.44444465637207,0
107,1,107,108,24.438133239746094,24.44444465637207,2.0,1.0,26.44444465637207,0,26.847637176513672,23.88888931274414,2.0,1.0,25.88888931274414,1,24.438133239746094,24.44444465637207,2.0,1.0,26.44444465637207,0
107,2,107,108,23.33001136779785,23.33333396911621,2.0,0.0,25.33333396911621,0,25.234386444091797,23.33333396911621,2.0,0.0,25.33333396911621,0,23.33001136779785,23.33333396911621,2.0,0.0,25.33333396911621,0
107,3,107,108,24.444448471069336,24.44444465637207,2.0,0.0,26.44444465637207,0,24.360881805419922,24.44444465637207,2.0,0.0,26.44444465637207,0,24.444448471069336,24.44444465637207,2.0,0.0,26.44444465637207,0
108,1,108,109,24.44442367553711,24.44444465637207,2.0,1.0,26.44444465637207,0,27.22766876220703,24.44444465637207,2.0,1.0,26.44444465637207,1,24.44442367553711,24.44444465637207,2.0,1.0,26.44444465637207,0
108,2,108,109,23.440322875976562,23.44444465637207,2.0,0.0,25.44444465637207,0,25.658130645751953,23.33333396911621,2.0,0.0,25.33333396911621,0,23.440322875976562,23.44444465637207,2.0,0.0,25.44444465637207,0
108,3,108,109,24.444448471069336,24.44444465637207,2.0,1.0,26.44444465637207,0,24.567859649658203,24.44444465637207,2.0,0.0,26.44444465637207,0,24.444448471069336,24.44444465637207,2.0,1.0,26.44444465637207,0
109,1,109,110,24.44445037841797,24.44444465637207,2.0,1.0,26.44444465637207,0,27.86614418029785,24.44444465637207,2.0,1.0,26.44444465637207,1,24.44445037841797,24.44444465637207,2.0,1.0,26.44444465637207,0
109,2,109,110,23.49475860595703,23.5,2.0,0.0,25.5,0,26.638843536376953,23.44444465637207,2.0,0.0,25.44444465637207,0,23.49475860595703,23.5,2.0,0.0,25.5,0
109,3,109,110,24.44445037841797,24.44444465637207,2.0,2.0,26.44444465637207,0,25.165390014648438,24.44444465637207,2.0,1.0,26.44444465637207,0,24.44445037841797,24.44444465637207,2.0,2.0,26.44444465637207,0
110,1,110,111,24.444456100463867,24.44444465637207,2.0,1.0,26.44444465637207,0,28.106643676757812,24.44444465637207,2.0,1.0,26.44444465637207,1,24.444456100463867,24.44444465637207,2.0,1.0,26.44444465637207,0
110,2,110,111,23.601396560668945,23.61111068725586,2.0,0.0,25.61111068725586,0,27.03331756591797,23.5,2.0,0.0,25.5,0,23.601396560668945,23.61111068725586,2.0,0.0,25.61111068725586,0
110,3,110,111,24.4444522857666,24.44444465637207,2.0,1.0,26.44444465637207,0,25.78026008605957,24.44444465637207,2.0,2.0,26.44444465637207,0,24.4444522857666,24.44444465637207,2.0,1.0,26.44444465637207,0
111,1,111,112,24.444454193115234,24.44444465637207,2.0,1.0,26.44444465637207,0,28.544198989868164,24.44444465637207,2.0,1.0,26.44444465637207,1,24.444454193115234,24.44444465637207,2.0,1.0,26.44444465637207,0
111,2,111,112,23.653154373168945,23.66666603088379,2.0,0.0,25.66666603088379,0,27.832372665405273,23.61111068725586,2.0,0.0,25.61111068725586,0,23.653154373168945,23.66666603088379,2.0,0.0,25.66666603088379,0
111,3,111,112,24.444456100463867,24.44444465637207,2.0,1.0,26.44444465637207,0,26.15407943725586,24.44444465637207,2.0,1.0,26.44444465637207,0,24.444456100463867,24.44444465637207,2.0,1.0,26.44444465637207,0
112,1,112,113,24.390066146850586,24.38888931274414,2.0,2.0,26.38888931274414,0,29.137378692626953,24.44444465637207,2.0,1.0,26.44444465637207,1,24.390066146850586,24.38888931274414,2.0,2.0,26.38888931274414,0
112,2,112,113,23.766674041748047,23.77777862548828,2.0,1.0,25.77777862548828,0,28.877277374267578,23.66666603088379,2.0,0.0,25.66666603088379,0,23.766674041748047,23.77777862548828,2.0,1.0,25.77777862548828,0
112,3,112,113,24.4444522857666,24.44444465637207,2.0,1.0,26.44444465637207,0,26.820526123046875,24.44444465637207,2.0,1.0,26.44444465637207,1,24.4444522857666,24.44444465637207,2.0,1.0,26.44444465637207,0
113,1,113,114,24.388906478881836,24.38888931274414,2.0,2.0,26.38888931274414,0,29.500709533691406,24.38888931274414,2.0,2.0,26.38888931274414,1,24.388906478881836,24.38888931274414,2.0,2.0,26.38888931274414,0
113,2,113,114,23.88254737854004,23.88888931274414,2.0,1.0,25.88888931274414,0,29.641254425048828,23.77777862548828,2.0,1.0,25.77777862548828,1,23.88254737854004,23.88888931274414,2.0,1.0,25.88888931274414,0
113,3,113,114,24.44445037841797,24.44444465637207,2.0,0.0,26.44444465637207,0,27.161699295043945,24.44444465637207,2.0,1.0,26.44444465637207,1,24.44445037841797,24.44444465637207,2.0,0.0,26.44444465637207,0
114,1,114,115,24.388893127441406,24.38888931274414,2.0,3.0,26.38888931274414,0,29.857376098632812,24.38888931274414,2.0,2.0,26.38888931274414,1,24.388893127441406,24.38888931274414,2.0,3.0,26.38888931274414,0
114,2,114,115,23.940534591674805,23.94444465637207,2.0,0.0,25.94444465637207,0,30.182479858398438,23.88888931274414,2.0,1.0,25.88888931274414,1,23.940534591674805,23.94444465637207,2.0,0.0,25.94444465637207,0
114,3,114,115,24.444448471069336,24.44444465637207,2.0,2.0,26.44444465637207,0,27.157625198364258,24.44444465637207,2.0,0.0,26.44444465637207,0,24.444448471069336,24.44444465637207,2.0,2.0,26.44444465637207,0
115,1,115,116,24.388893127441406,24.38888931274414,2.0,3.0,26.38888931274414,0,30.192581176757812,24.38888931274414,2.0,3.0,26.38888931274414,1,24.388893127441406,24.38888931274414,2.0,3.0,26.38888931274414,0
115,2,115,116,24.05366325378418,24.05555534362793,2.0,0.0,26.05555534362793,0,30.176044464111328,23.94444465637207,2.0,0.0,25.94444465637207,0,24.05366325378418,24.05555534362793,2.0,0.0,26.05555534362793,0
115,3,115,116,24.444446563720703,24.44444465637207,2.0,2.0,26.44444465637207,0,27.660186767578125,24.44444465637207,2.0,2.0,26.44444465637207,1,24.444446563720703,24.44444465637207,2.0,2.0,26.44444465637207,0
116,1,116,117,24.38889503479004,24.38888931274414,2.0,3.0,26.38888931274414,0,29.728572845458984,24.38888931274414,2.0,3.0,26.38888931274414,1,24.38889503479004,24.38888931274414,2.0,3.0,26.38888931274414,0
116,2,116,117,24.109241485595703,24.11111068725586,2.0,1.0,26.11111068725586,0,28.791044235229492,24.05555534362793,2.0,0.0,26.05555534362793,0,24.109241485595703,24.11111068725586,2.0,1.0,26.11111068725586,0
116,3,116,117,24.444448471069336,24.44444465637207,2.0,2.0,26.44444465637207,0,27.04863739013672,24.44444465637207,2.0,2.0,26.44444465637207,1,24.444448471069336,24.44444465637207,2.0,2.0,26.44444465637207,0
117,1,117,118,24.333984375,24.33333396911621,2.0,3.0,26.33333396911621,0,29.00737762451172,24.38888931274414,2.0,3.0,26.38888931274414,1,24.333984375,24.33333396911621,2.0,3.0,26.33333396911621,0
117,2,117,118,24.220129013061523,24.22222137451172,2.0,1.0,26.22222137451172,0,27.85596466064453,24.11111068725586,2.0,1.0,26.11111068725586,1,24.220129013061523,24.22222137451172,2.0,1.0,26.22222137451172,0
117,3,117,118,24.444448471069336,24.44444465637207,2.0,2.0,26.44444465637207,0,26.933658599853516,24.44444465637207,2.0,2.0,26.44444465637207,1,24.444448471069336,24.44444465637207,2.0,2.0,26.44444465637207,0
118,1,118,119,24.333358764648438,24.33333396911621,2.0,3.0,26.33333396911621,0,28.664939880371094,24.33333396911621,2.0,3.0,26.33333396911621,1,24.333358764648438,24.33333396911621,2.0,3.0,26.33333396911621,0
118,2,118,119,24.331100463867188,24.33333396911621,2.0,1.0,26.33333396911621,0,26.92131805419922,24.22222137451172,2.0,1.0,26.22222137451172,1,24.331100463867188,24.33333396911621,2.0,1.0,26.33333396911621,0
118,3,118,119,24.44445037841797,24.44444465637207,2.0,2.0,26.44444465637207,0,26.64478302001953,24.44444465637207,2.0,2.0,26.44444465637207,1,24.44445037841797,24.44444465637207,2.0,2.0,26.44444465637207,0
119,1,119,120,24.333343505859375,24.33333396911621,2.0,3.0,26.33333396911621,0,28.27926254272461,24.33333396911621,2.0,3.0,26.33333396911621,1,24.333343505859375,24.33333396911621,2.0,3.0,26.33333396911621,0
119,2,119,120,24.386869430541992,24.38888931274414,2.0,1.0,26.38888931274414,0,26.049644470214844,24.33333396911621,2.0,1.0,26.33333396911621,0,24.386869430541992,24.38888931274414,2.0,1.0,26.38888931274414,0
119,3,119,120,24.44445037841797,24.44444465637207,2.0,2.0,26.44444465637207,0,26.334800720214844,24.44444465637207,2.0,2.0,26.44444465637207,0,24.44445037841797,24.44444465637207,2.0,2.0,26.44444465637207,0
120,1,120,121,24.333324432373047,24.33333396911621,2.0,3.0,26.33333396911621,0,27.860727310180664,24.33333396911621,2.0,3.0,26.33333396911621,1,24.333324432373047,24.33333396911621,2.0,3.0,26.33333396911621,0
120,2,120,121,23.352306365966797,23.33333396911621,2.0,1.0,25.33333396911621,0,25.261940002441406,24.38888931274414,2.0,1.0,26.38888931274414,0,23.352306365966797,23.33333396911621,2.0,1.0,25.33333396911621,0
120,3,120,121,24.44444465637207,24.44444465637207,2.0,2.0,26.44444465637207,0,25.96402931213379,24.44444465637207,2.0,2.0,26.44444465637207,0,24.44444465637207,24.44444465637207,2.0,2.0,26.44444465637207,0
121,1,121,122,24.44107437133789,24.44444465637207,2.0,3.0,26.44444465637207,0,27.78719139099121,24.33333396911621,2.0,3.0,26.33333396911621,1,24.44107437133789,24.44444465637207,2.0,3.0,26.44444465637207,0
121,2,121,122,23.942842483520508,23.94444465637207,2.0,1.0,25.94444465637207,0,24.91693115234375,23.33333396911621,2.0,1.0,25.33333396911621,0,23.942842483520508,23.94444465637207,2.0,1.0,25.94444465637207,0
121,3,121,122,24.444448471069336,24.44444465637207,2.0,2.0,26.44444465637207,0,25.77705955505371,24.44444465637207,2.0,2.0,26.44444465637207,0,24.444448471069336,24.44444465637207,2.0,2.0,26.44444465637207,0
122,1,122,123,22.31810188293457,22.22222137451172,2.0,3.0,24.22222137451172,0,27.88886260986328,24.44444465637207,2.0,3.0,26.44444465637207,1,22.31810188293457,22.22222137451172,2.0,3.0,24.22222137451172,0
122,2,122,123,24.387489318847656,25.0,2.0,1.0,27.0,0,24.90752410888672,23.94444465637207,2.0,1.0,25.94444465637207,0,24.387489318847656,25.0,2.0,1.0,27.0,0
122,3,122,123,24.444448471069336,24.44444465637207,2.0,2.0,26.44444465637207,0,25.43617057800293,24.44444465637207,2.0,2.0,26.44444465637207,0,24.444448471069336,24.44444465637207,2.0,2.0,26.44444465637207,0
123,1,123,124,22.223222732543945,22.22222137451172,2.0,3.0,24.22222137451172,0,28.074748992919922,22.22222137451172,2.0,3.0,24.22222137451172,1,22.223222732543945,22.22222137451172,2.0,3.0,24.22222137451172,0
123,2,123,124,24.488786697387695,25.0,2.0,1.0,27.0,0,25.261863708496094,25.0,2.0,1.0,27.0,0,24.488786697387695,25.0,2.0,1.0,27.0,0
123,3,123,124,24.44443702697754,24.44444465637207,2.0,2.0,26.44444465637207,0,25.204727172851562,24.44444465637207,2.0,2.0,26.44444465637207,0,24.44443702697754,24.44444465637207,2.0,2.0,26.44444465637207,0
124,1,124,125,22.222347259521484,22.22222137451172,2.0,3.0,24.22222137451172,0,27.926298141479492,22.22222137451172,2.0,3.0,24.22222137451172,1,22.222347259521484,22.22222137451172,2.0,3.0,24.22222137451172,0
124,2,124,125,24.48940086364746,25.0,2.0,1.0,27.0,0,25.184593200683594,25.0,2.0,1.0,27.0,0,24.48940086364746,25.0,2.0,1.0,27.0,0
124,3,124,125,24.444446563720703,24.44444465637207,2.0,1.0,26.44444465637207,0,25.018056869506836,24.44444465637207,2.0,2.0,26.44444465637207,0,24.444446563720703,24.44444465637207,2.0,1.0,26.44444465637207,0
125,1,125,126,22.22223663330078,22.22222137451172,2.0,3.0,24.22222137451172,0,27.744396209716797,22.22222137451172,2.0,3.0,24.22222137451172,1,22.22223663330078,22.22222137451172,2.0,3.0,24.22222137451172,0
125,2,125,126,24.49726104736328,25.0,2.0,1.0,27.0,0,25.021331787109375,25.0,2.0,1.0,27.0,0,24.49726104736328,25.0,2.0,1.0,27.0,0
125,3,125,126,24.444429397583008,24.44444465637207,2.0,1.0,26.44444465637207,0,24.893674850463867,24.44444465637207,2.0,1.0,26.44444465637207,0,24.444429397583008,24.44444465637207,2.0,1.0,26.44444465637207,0
126,1,126,127,22.222230911254883,22.22222137451172,2.0,2.0,24.22222137451172,0,27.614208221435547,22.22222137451172,2.0,3.0,24.22222137451172,1,22.222230911254883,22.22222137451172,2.0,2.0,24.22222137451172,0
126,2,126,127,24.890995025634766,25.0,2.0,1.0,27.0,0,24.897361755371094,25.0,2.0,1.0,27.0,0,24.890995025634766,25.0,2.0,1.0,27.0,0
126,3,126,127,24.4444522857666,24.44444465637207,2.0,2.0,26.44444465637207,0,24.728918075561523,24.44444465637207,2.0,1.0,26.44444465637207,0,24.4444522857666,24.44444465637207,2.0,2.0,26.44444465637207,0
127,1,127,128,22.222230911254883,22.22222137451172,2.0,2.0,24.22222137451172,0,27.660648345947266,22.22222137451172,2.0,2.0,24.22222137451172,1,22.222230911254883,22.22222137451172,2.0,2.0,24.22222137451172,0
127,2,127,128,24.99860954284668,25.0,2.0,1.0,27.0,0,25.22760009765625,25.0,2.0,1.0,27.0,0,24.99860954284668,25.0,2.0,1.0,27.0,0
127,3,127,128,24.169713973999023,24.16666603088379,2.0,1.0,26.16666603088379,0,24.889606475830078,24.44444465637207,2.0,2.0,26.44444465637207,0,24.169713973999023,24.16666603088379,2.0,1.0,26.16666603088379,0
128,1,128,129,22.22222900390625,22.22222137451172,2.0,3.0,24.22222137451172,0,27.583553314208984,22.22222137451172,2.0,2.0,24.22222137451172,1,22.22222900390625,22.22222137451172,2.0,3.0,24.22222137451172,0
128,2,128,129,24.998376846313477,25.0,2.0,1.0,27.0,0,25.26579475402832,25.0,2.0,1.0,27.0,0,24.998376846313477,25.0,2.0,1.0,27.0,0
128,3,128,129,23.34268569946289,23.33333396911621,2.0,1.0,25.33333396911621,0,25.117305755615234,24.16666603088379,2.0,1.0,26.16666603088379,0,23.34268569946289,23.33333396911621,2.0,1.0,25.33333396911621,0
129,1,129,130,22.771745681762695,22.77777862548828,2.0,2.0,24.77777862548828,0,28.165454864501953,22.22222137451172,2.0,3.0,24.22222137451172,1,22.771745681762695,22.77777862548828,2.0,2.0,24.77777862548828,0
129,2,129,130,24.99856185913086,25.0,2.0,0.0,27.0,0,25.59446907043457,25.0,2.0,1.0,27.0,0,24.99856185913086,25.0,2.0,0.0,27.0,0
129,3,129,130,23.333385467529297,23.33333396911621,2.0,1.0,25.33333396911621,0,25.013446807861328,23.33333396911621,2.0,1.0,25.33333396911621,0,23.333385467529297,23.33333396911621,2.0,1.0,25.33333396911621,0
130,1,130,131,23.874990463256836,23.88888931274414,2.0,2.0,25.88888931274414,0,28.535057067871094,22.77777862548828,2.0,2.0,24.77777862548828,1,23.874990463256836,23.88888931274414,2.0,2.0,25.88888931274414,0
130,2,130,131,24.998382568359375,25.0,2.0,0.0,27.0,0,25.771751403808594,25.0,2.0,0.0,27.0,0,24.998382568359375,25.0,2.0,0.0,27.0,0
130,3,130,131,23.333337783813477,23.33333396911621,2.0,1.0,25.33333396911621,0,24.99763298034668,23.33333396911621,2.0,1.0,25.33333396911621,0,23.333337783813477,23.33333396911621,2.0,1.0,25.33333396911621,0
131,1,131,132,24.43617820739746,24.44444465637207,2.0,2.0,26.44444465637207,0,28.761587142944336,23.88888931274414,2.0,2.0,25.88888931274414,1,24.43617820739746,24.44444465637207,2.0,2.0,26.44444465637207,0
131,2,131,132,24.99795150756836,25.0,2.0,0.0,27.0,0,25.838857650756836,25.0,2.0,0.0,27.0,0,24.99795150756836,25.0,2.0,0.0,27.0,0
131,3,131,132,23.333337783813477,23.33333396911621,2.0,0.0,25.33333396911621,0,25.134307861328125,23.33333396911621,2.0,1.0,25.33333396911621,0,23.333337783813477,23.33333396911621,2.0,0.0,25.33333396911621,0
132,1,132,133,24.444419860839844,24.44444465637207,2.0,1.0,26.44444465637207,0,29.334232330322266,24.44444465637207,2.0,2.0,26.44444465637207,1,24.444419860839844,24.44444465637207,2.0,1.0,26.44444465637207,0
132,2,132,133,24.117393493652344,24.11111068725586,2.0,0.0,26.11111068725586,0,26.486623764038086,25.0,2.0,0.0,27.0,0,24.117393493652344,24.11111068725586,2.0,0.0,26.11111068725586,0
132,3,132,133,23.333337783813477,23.33333396911621,2.0,0.0,25.33333396911621,0,25.097373962402344,23.33333396911621,2.0,0.0,25.33333396911621,0,23.333337783813477,23.33333396911621,2.0,0.0,25.33333396911621,0
133,1,133,134,25.21987533569336,25.22222137451172,2.0,1.0,27.22222137451172,0,29.533523559570312,24.44444465637207,2.0,1.0,26.44444465637207,1,25.21987533569336,25.22222137451172,2.0,1.0,27.22222137451172,0
133,2,133,134,23.886781692504883,23.88888931274414,2.0,0.0,25.88888931274414,0,27.108116149902344,24.11111068725586,2.0,0.0,26.11111068725586,0,23.886781692504883,23.88888931274414,2.0,0.0,25.88888931274414,0
133,3,133,134,23.33333969116211,23.33333396911621,2.0,0.0,25.33333396911621,0,25.19379425048828,23.33333396911621,2.0,0.0,25.33333396911621,0,23.33333969116211,23.33333396911621,2.0,0.0,25.33333396911621,0
134,1,134,135,25.00603675842285,25.0,2.0,1.0,27.0,0,29.687454223632812,25.22222137451172,2.0,1.0,27.22222137451172,1,25.00603675842285,25.0,2.0,1.0,27.0,0
134,2,134,135,24.748523712158203,24.77777862548828,2.0,0.0,26.77777862548828,0,27.607723236083984,23.88888931274414,2.0,0.0,25.88888931274414,0,24.748523712158203,24.77777862548828,2.0,0.0,26.77777862548828,0
134,3,134,135,23.333343505859375,23.33333396911621,2.0,0.0,25.33333396911621,0,25.285484313964844,23.33333396911621,2.0,0.0,25.33333396911621,0,23.333343505859375,23.33333396911621,2.0,0.0,25.33333396911621,0
135,1,135,136,27.09808349609375,27.22222137451172,2.0,1.0,29.22222137451172,0,30.040740966796875,25.0,2.0,1.0,27.0,1,27.09808349609375,27.22222137451172,2.0,1.0,29.22222137451172,0
135,2,135,136,24.970088958740234,25.0,2.0,0.0,27.0,0,28.106142044067383,24.77777862548828,2.0,0.0,26.77777862548828,0,24.970088958740234,25.0,2.0,0.0,27.0,0
135,3,135,136,23.333343505859375,23.33333396911621,2.0,1.0,25.33333396911621,0,25.577573776245117,23.33333396911621,2.0,0.0,25.33333396911621,0,23.333343505859375,23.33333396911621,2.0,1.0,25.33333396911621,0
136,1,136,137,27.218833923339844,27.22222137451172,2.0,1.0,29.22222137451172,0,30.493377685546875,27.22222137451172,2.0,1.0,29.22222137451172,1,27.218833923339844,27.22222137451172,2.0,1.0,29.22222137451172,0
136,2,136,137,24.993736267089844,25.0,2.0,0.0,27.0,0,28.805431365966797,25.0,2.0,0.0,27.0,0,24.993736267089844,25.0,2.0,0.0,27.0,0
136,3,136,137,23.33333969116211,23.33333396911621,2.0,1.0,25.33333396911621,0,26.245594024658203,23.33333396911621,2.0,1.0,25.33333396911621,1,23.33333969116211,23.33333396911621,2.0,1.0,25.33333396911621,0
137,1,137,138,27.222183227539062,27.22222137451172,2.0,2.0,29.22222137451172,0,30.853984832763672,27.22222137451172,2.0,1.0,29.22222137451172,1,27.222183227539062,27.22222137451172,2.0,2.0,29.22222137451172,0
137,2,137,138,24.995559692382812,25.0,2.0,0.0,27.0,0,29.316686630249023,25.0,2.0,0.0,27.0,0,24.995559692382812,25.0,2.0,0.0,27.0,0
137,3,137,138,24.43964385986328,24.44444465637207,2.0,1.0,26.44444465637207,0,26.57292938232422,23.33333396911621,2.0,1.0,25.33333396911621,1,24.43964385986328,24.44444465637207,2.0,1.0,26.44444465637207,0
138,1,138,139,26.66942596435547,26.66666603088379,2.0,3.0,28.66666603088379,0,31.144454956054688,27.22222137451172,2.0,2.0,29.22222137451172,1,26.66942596435547,26.66666603088379,2.0,3.0,28.66666603088379,0
138,2,138,139,24.996801376342773,25.0,2.0,1.0,27.0,0,29.240360260009766,25.0,2.0,0.0,27.0,0,24.996801376342773,25.0,2.0,1.0,27.0,0
138,3,138,139,24.444406509399414,24.44444465637207,2.0,2.0,26.44444465637207,0,27.133609771728516,24.44444465637207,2.0,1.0,26.44444465637207,1,24.444406509399414,24.44444465637207,2.0,2.0,26.44444465637207,0
139,1,139,140,25.677583694458008,25.66666603088379,2.0,2.0,27.66666603088379,0,31.130123138427734,26.66666603088379,2.0,3.0,28.66666603088379,1,25.677583694458008,25.66666603088379,2.0,2.0,27.66666603088379,0
139,2,139,140,24.998294830322266,25.0,2.0,1.0,27.0,0,27.568946838378906,25.0,2.0,1.0,27.0,1,24.998294830322266,25.0,2.0,1.0,27.0,0
139,3,139,140,24.444448471069336,24.44444465637207,2.0,1.0,26.44444465637207,0,26.562049865722656,24.44444465637207,2.0,2.0,26.44444465637207,1,24.444448471069336,24.44444465637207,2.0,1.0,26.44444465637207,0
140,1,140,141,25.777297973632812,25.77777862548828,2.0,3.0,27.77777862548828,0,31.109512329101562,25.66666603088379,2.0,2.0,27.66666603088379,1,25.777297973632812,25.77777862548828,2.0,3.0,27.77777862548828,0
140,2,140,141,24.998353958129883,25.0,2.0,1.0,27.0,0,28.039926528930664,25.0,2.0,1.0,27.0,1,24.998353958129883,25.0,2.0,1.0,27.0,0
140,3,140,141,24.444448471069336,24.44444465637207,2.0,2.0,26.44444465637207,0,26.775897979736328,24.44444465637207,2.0,1.0,26.44444465637207,1,24.444448471069336,24.44444465637207,2.0,2.0,26.44444465637207,0
141,1,141,142,24.473604202270508,24.44444465637207,2.0,3.0,26.44444465637207,0,31.34229278564453,25.77777862548828,2.0,3.0,27.77777862548828,1,24.473604202270508,24.44444465637207,2.0,3.0,26.44444465637207,0
141,2,141,142,24.99826431274414,25.0,2.0,1.0,27.0,0,27.860918045043945,25.0,2.0,1.0,27.0,1,24.99826431274414,25.0,2.0,1.0,27.0,0
141,3,141,142,24.444448471069336,24.44444465637207,2.0,2.0,26.44444465637207,0,26.738872528076172,24.44444465637207,2.0,2.0,26.44444465637207,1,24.444448471069336,24.44444465637207,2.0,2.0,26.44444465637207,0
142,1,142,143,24.444917678833008,24.44444465637207,2.0,3.0,26.44444465637207,0,31.736530303955078,24.44444465637207,2.0,3.0,26.44444465637207,1,24.444917678833008,24.44444465637207,2.0,3.0,26.44444465637207,0
142,2,142,143,24.998212814331055,25.0,2.0,1.0,27.0,0,27.990516662597656,25.0,2.0,1.0,27.0,1,24.998212814331055,25.0,2.0,1.0,27.0,0
142,3,142,143,24.44445037841797,24.44444465637207,2.0,2.0,26.44444465637207,0,26.63312530517578,24.44444465637207,2.0,2.0,26.44444465637207,1,24.44445037841797,24.44444465637207,2.0,2.0,26.44444465637207,0
143,1,143,144,24.44448471069336,24.44444465637207,2.0,3.0,26.44444465637207,0,31.929218292236328,24.44444465637207,2.0,3.0,26.44444465637207,1,24.44448471069336,24.44444465637207,2.0,3.0,26.44444465637207,0
143,2,143,144,23.37066650390625,23.33333396911621,2.0,1.0,25.33333396911621,0,27.949241638183594,25.0,2.0,1.0,27.0,1,23.37066650390625,23.33333396911621,2.0,1.0,25.33333396911621,0
143,3,143,144,24.44445037841797,24.44444465637207,2.0,2.0,26.44444465637207,0,26.432392120361328,24.44444465637207,2.0,2.0,26.44444465637207,0,24.44445037841797,24.44444465637207,2.0,2.0,26.44444465637207,0
144,1,144,145,23.301612854003906,23.22222137451172,2.0,3.0,25.22222137451172,0,30.95956802368164,24.44444465637207,2.0,3.0,26.44444465637207,1,23.301612854003906,23.22222137451172,2.0,3.0,25.22222137451172,0
144,2,144,145,23.329891204833984,23.33333396911621,2.0,1.0,25.33333396911621,0,26.543289184570312,23.33333396911621,2.0,1.0,25.33333396911621,1,23.329891204833984,23.33333396911621,2.0,1.0,25.33333396911621,0
144,3,144,145,24.44445037841797,24.44444465637207,2.0,2.0,26.44444465637207,0,26.07646942138672,24.44444465637207,2.0,2.0,26.44444465637207,0,24.44445037841797,24.44444465637207,2.0,2.0,26.44444465637207,0
145,1,145,146,22.262651443481445,22.22222137451172,2.0,3.0,24.22222137451172,0,30.843841552734375,23.22222137451172,2.0,3.0,25.22222137451172,1,22.262651443481445,22.22222137451172,2.0,3.0,24.22222137451172,0
145,2,145,146,24.38152313232422,25.0,2.0,1.0,27.0,0,26.490467071533203,23.33333396911621,2.0,1.0,25.33333396911621,1,24.38152313232422,25.0,2.0,1.0,27.0,0
145,3,145,146,24.444429397583008,24.44444465637207,2.0,2.0,26.44444465637207,0,26.04739761352539,24.44444465637207,2.0,2.0,26.44444465637207,0,24.444429397583008,24.44444465637207,2.0,2.0,26.44444465637207,0
146,1,146,147,22.22332000732422,22.22222137451172,2.0,3.0,24.22222137451172,0,30.577198028564453,22.22222137451172,2.0,3.0,24.22222137451172,1,22.22332000732422,22.22222137451172,2.0,3.0,24.22222137451172,0
146,2,146,147,24.72818374633789,25.0,2.0,1.0,27.0,0,26.24609375,25.0,2.0,1.0,27.0,0,24.72818374633789,25.0,2.0,1.0,27.0,0
146,3,146,147,24.444421768188477,24.44444465637207,2.0,2.0,26.44444465637207,0,25.74475860595703,24.44444465637207,2.0,2.0,26.44444465637207,0,24.444421768188477,24.44444465637207,2.0,2.0,26.44444465637207,0
147,1,147,148,22.22236442565918,22.22222137451172,2.0,3.0,24.22222137451172,0,29.956188201904297,22.22222137451172,2.0,3.0,24.22222137451172,1,22.22236442565918,22.22222137451172,2.0,3.0,24.22222137451172,0
147,2,147,148,24.76618003845215,25.0,2.0,1.0,27.0,0,25.701824188232422,25.0,2.0,1.0,27.0,0,24.76618003845215,25.0,2.0,1.0,27.0,0
147,3,147,148,24.44445037841797,24.44444465637207,2.0,2.0,26.44444465637207,0,25.40155792236328,24.44444465637207,2.0,2.0,26.44444465637207,0,24.44445037841797,24.44444465637207,2.0,2.0,26.44444465637207,0
148,1,148,149,22.2222843170166,22.22222137451172,2.0,3.0,24.22222137451172,0,29.573017120361328,22.22222137451172,2.0,3.0,24.22222137451172,1,22.2222843170166,22.22222137451172,2.0,3.0,24.22222137451172,0
148,2,148,149,24.739748001098633,25.0,2.0,1.0,27.0,0,25.302610397338867,25.0,2.0,1.0,27.0,0,24.739748001098633,25.0,2.0,1.0,27.0,0
148,3,148,149,24.444427490234375,24.44444465637207,2.0,2.0,26.44444465637207,0,25.15663719177246,24.44444465637207,2.0,2.0,26.44444465637207,0,24.444427490234375,24.44444465637207,2.0,2.0,26.44444465637207,0
149,1,149,150,22.222261428833008,22.22222137451172,2.0,3.0,24.22222137451172,0,29.493167877197266,22.22222137451172,2.0,3.0,24.22222137451172,1,22.222261428833008,22.22222137451172,2.0,3.0,24.22222137451172,0
149,2,149,150,24.679922103881836,25.0,2.0,1.0,27.0,0,25.199329376220703,25.0,2.0,1.0,27.0,0,24.679922103881836,25.0,2.0,1.0,27.0,0
149,3,149,150,24.444448471069336,24.44444465637207,2.0,2.0,26.44444465637207,0,25.014888763427734,24.44444465637207,2.0,2.0,26.44444465637207,0,24.444448471069336,24.44444465637207,2.0,2.0,26.44444465637207,0
150,1,150,151,22.222230911254883,22.22222137451172,2.0,2.0,24.22222137451172,0,29.296184539794922,22.22222137451172,2.0,3.0,24.22222137451172,1,22.222230911254883,22.22222137451172,2.0,2.0,24.22222137451172,0
150,2,150,151,24.990005493164062,25.0,2.0,1.0,27.0,0,25.02621078491211,25.0,2.0,1.0,27.0,0,24.990005493164062,25.0,2.0,1.0,27.0,0
150,3,150,151,24.444448471069336,24.44444465637207,2.0,2.0,26.44444465637207,0,24.951251983642578,24.44444465637207,2.0,2.0,26.44444465637207,0,24.444448471069336,24.44444465637207,2.0,2.0,26.44444465637207,0
151,1,151,152,22.332048416137695,22.33333396911621,2.0,2.0,24.33333396911621,0,29.475868225097656,22.22222137451172,2.0,2.0,24.22222137451172,1,22.332048416137695,22.33333396911621,2.0,2.0,24.33333396911621,0
151,2,151,152,24.99869728088379,25.0,2.0,0.0,27.0,0,25.496135711669922,25.0,2.0,1.0,27.0,0,24.99869728088379,25.0,2.0,0.0,27.0,0
151,3,151,152,24.444448471069336,24.44444465637207,2.0,1.0,26.44444465637207,0,25.231430053710938,24.44444465637207,2.0,2.0,26.44444465637207,0,24.444448471069336,24.44444465637207,2.0,1.0,26.44444465637207,0
152,1,152,153,22.77483558654785,22.77777862548828,2.0,3.0,24.77777862548828,0,29.873424530029297,22.33333396911621,2.0,2.0,24.33333396911621,1,22.77483558654785,22.77777862548828,2.0,3.0,24.77777862548828,0
152,2,152,153,24.44544792175293,24.44444465637207,2.0,0.0,26.44444465637207,0,25.99139404296875,25.0,2.0,0.0,27.0,0,24.44544792175293,24.44444465637207,2.0,0.0,26.44444465637207,0
152,3,152,153,24.444448471069336,24.44444465637207,2.0,1.0,26.44444465637207,0,25.549530029296875,24.44444465637207,2.0,1.0,26.44444465637207,0,24.444448471069336,24.44444465637207,2.0,1.0,26.44444465637207,0
153,1,153,154,23.328283309936523,23.33333396911621,2.0,2.0,25.33333396911621,0,30.25183868408203,22.77777862548828,2.0,3.0,24.77777862548828,1,23.328283309936523,23.33333396911621,2.0,2.0,25.33333396911621,0
153,2,153,154,23.24822998046875,23.22222137451172,2.0,0.0,25.22222137451172,0,26.234569549560547,24.44444465637207,2.0,0.0,26.44444465637207,0,23.24822998046875,23.22222137451172,2.0,0.0,25.22222137451172,0
153,3,153,154,24.444448471069336,24.44444465637207,2.0,0.0,26.44444465637207,0,25.732086181640625,24.44444465637207,2.0,1.0,26.44444465637207,0,24.444448471069336,24.44444465637207,2.0,0.0,26.44444465637207,0
154,1,154,155,23.88870620727539,23.88888931274414,2.0,2.0,25.88888931274414,0,30.531639099121094,23.33333396911621,2.0,2.0,25.33333396911621,1,23.88870620727539,23.88888931274414,2.0,2.0,25.88888931274414,0
154,2,154,155,24.814910888671875,24.88888931274414,2.0,0.0,26.88888931274414,0,26.232778549194336,23.22222137451172,2.0,0.0,25.22222137451172,0,24.814910888671875,24.88888931274414,2.0,0.0,26.88888931274414,0
154,3,154,155,24.444448471069336,24.44444465637207,2.0,0.0,26.44444465637207,0,25.82880401611328,24.44444465637207,2.0,0.0,26.44444465637207,0,24.444448471069336,24.44444465637207,2.0,0.0,26.44444465637207,0
155,1,155,156,24.443252563476562,24.44444465637207,2.0,2.0,26.44444465637207,0,31.137989044189453,23.88888931274414,2.0,2.0,25.88888931274414,1,24.443252563476562,24.44444465637207,2.0,2.0,26.44444465637207,0
155,2,155,156,24.997549057006836,25.0,2.0,0.0,27.0,0,27.448101043701172,24.88888931274414,2.0,0.0,26.88888931274414,0,24.997549057006836,25.0,2.0,0.0,27.0,0
155,3,155,156,24.444448471069336,24.44444465637207,2.0,1.0,26.44444465637207,0,25.888530731201172,24.44444465637207,2.0,0.0,26.44444465637207,0,24.444448471069336,24.44444465637207,2.0,1.0,26.44444465637207,0
156,1,156,157,24.44443702697754,24.44444465637207,2.0,2.0,26.44444465637207,0,31.31380844116211,24.44444465637207,2.0,2.0,26.44444465637207,1,24.44443702697754,24.44444465637207,2.0,2.0,26.44444465637207,0
156,2,156,157,24.99721908569336,25.0,2.0,0.0,27.0,0,27.211565017700195,25.0,2.0,0.0,27.0,0,24.99721908569336,25.0,2.0,0.0,27.0,0
156,3,156,157,24.444448471069336,24.44444465637207,2.0,1.0,26.44444465637207,0,26.052173614501953,24.44444465637207,2.0,1.0,26.44444465637207,0,24.444448471069336,24.44444465637207,2.0,1.0,26.44444465637207,0
157,1,157,158,24.4444522857666,24.44444465637207,2.0,2.0,26.44444465637207,0,31.738758087158203,24.44444465637207,2.0,2.0,26.44444465637207,1,24.4444522857666,24.44444465637207,2.0,2.0,26.44444465637207,0
157,2,157,158,24.995315551757812,25.0,2.0,0.0,27.0,0,27.82543182373047,25.0,2.0,0.0,27.0,0,24.995315551757812,25.0,2.0,0.0,27.0,0
157,3,157,158,24.4444522857666,24.44444465637207,2.0,1.0,26.44444465637207,0,26.235408782958984,24.44444465637207,2.0,1.0,26.44444465637207,0,24.4444522857666,24.44444465637207,2.0,1.0,26.44444465637207,0
158,1,158,159,24.444456100463867,24.44444465637207,2.0,2.0,26.44444465637207,0,31.805885314941406,24.44444465637207,2.0,2.0,26.44444465637207,1,24.444456100463867,24.44444465637207,2.0,2.0,26.44444465637207,0
158,2,158,159,24.991403579711914,25.0,2.0,0.0,27.0,0,27.957548141479492,25.0,2.0,0.0,27.0,0,24.991403579711914,25.0,2.0,0.0,27.0,0
158,3,158,159,24.444454193115234,24.44444465637207,2.0,1.0,26.44444465637207,0,26.49925994873047,24.44444465637207,2.0,1.0,26.44444465637207,1,24.444454193115234,24.44444465637207,2.0,1.0,26.44444465637207,0
159,1,159,160,25.48277473449707,25.55555534362793,2.0,2.0,27.55555534362793,0,32.56865310668945,24.44444465637207,2.0,2.0,26.44444465637207,1,25.48277473449707,25.55555534362793,2.0,2.0,27.55555534362793,0
159,2,159,160,24.990541458129883,25.0,2.0,0.0,27.0,0,28.960039138793945,25.0,2.0,0.0,27.0,0,24.990541458129883,25.0,2.0,0.0,27.0,0
159,3,159,160,24.444456100463867,24.44444465637207,2.0,0.0,26.44444465637207,0,26.992820739746094,24.44444465637207,2.0,1.0,26.44444465637207,1,24.444456100463867,24.44444465637207,2.0,0.0,26.44444465637207,0
160,1,160,161,27.219078063964844,27.22222137451172,2.0,3.0,29.22222137451172,0,32.72191619873047,25.55555534362793,2.0,2.0,27.55555534362793,1,27.219078063964844,27.22222137451172,2.0,3.0,29.22222137451172,0
160,2,160,161,24.992902755737305,25.0,2.0,0.0,27.0,0,29.24629783630371,25.0,2.0,0.0,27.0,0,24.992902755737305,25.0,2.0,0.0,27.0,0
160,3,160,161,24.444454193115234,24.44444465637207,2.0,1.0,26.44444465637207,0,27.05831527709961,24.44444465637207,2.0,0.0,26.44444465637207,0,24.444454193115234,24.44444465637207,2.0,1.0,26.44444465637207,0
161,1,161,162,27.221988677978516,27.22222137451172,2.0,3.0,29.22222137451172,0,33.03976058959961,27.22222137451172,2.0,3.0,29.22222137451172,1,27.221988677978516,27.22222137451172,2.0,3.0,29.22222137451172,0
161,2,161,162,24.995607376098633,25.0,2.0,0.0,27.0,0,29.744373321533203,25.0,2.0,0.0,27.0,0,24.995607376098633,25.0,2.0,0.0,27.0,0
161,3,161,162,24.444448471069336,24.44444465637207,2.0,2.0,26.44444465637207,0,27.685251235961914,24.44444465637207,2.0,1.0,26.44444465637207,1,24.444448471069336,24.44444465637207,2.0,2.0,26.44444465637207,0
162,1,162,163,27.222225189208984,27.22222137451172,2.0,3.0,29.22222137451172,0,32.98380661010742,27.22222137451172,2.0,3.0,29.22222137451172,1,27.222225189208984,27.22222137451172,2.0,3.0,29.22222137451172,0
162,2,162,163,24.99736785888672,25.0,2.0,0.0,27.0,0,29.37912368774414,25.0,2.0,0.0,27.0,0,24.99736785888672,25.0,2.0,0.0,27.0,0
162,3,162,163,24.444448471069336,24.44444465637207,2.0,2.0,26.44444465637207,0,28.11565399169922,24.44444465637207,2.0,2.0,26.44444465637207,1,24.444448471069336,24.44444465637207,2.0,2.0,26.44444465637207,0
163,1,163,164,27.222219467163086,27.22222137451172,2.0,3.0,29.22222137451172,0,33.8243522644043,27.22222137451172,2.0,3.0,29.22222137451172,1,27.222219467163086,27.22222137451172,2.0,3.0,29.22222137451172,0
163,2,163,164,24.998321533203125,25.0,2.0,0.0,27.0,0,27.265430450439453,25.0,2.0,0.0,27.0,0,24.998321533203125,25.0,2.0,0.0,27.0,0
163,3,163,164,24.444448471069336,24.44444465637207,2.0,2.0,26.44444465637207,0,27.947113037109375,24.44444465637207,2.0,2.0,26.44444465637207,1,24.444448471069336,24.44444465637207,2.0,2.0,26.44444465637207,0
164,1,164,165,27.222225189208984,27.22222137451172,2.0,3.0,29.22222137451172,0,33.351531982421875,27.22222137451172,2.0,3.0,29.22222137451172,1,27.222225189208984,27.22222137451172,2.0,3.0,29.22222137451172,0
164,2,164,165,24.998249053955078,25.0,2.0,1.0,27.0,0,28.13568115234375,25.0,2.0,0.0,27.0,0,24.998249053955078,25.0,2.0,1.0,27.0,0
164,3,164,165,24.444448471069336,24.44444465637207,2.0,2.0,26.44444465637207,0,28.244441986083984,24.44444465637207,2.0,2.0,26.44444465637207,1,24.444448471069336,24.44444465637207,2.0,2.0,26.44444465637207,0
165,1,165,166,27.222225189208984,27.22222137451172,2.0,3.0,29.22222137451172,0,32.94074249267578,27.22222137451172,2.0,3.0,29.22222137451172,1,27.222225189208984,27.22222137451172,2.0,3.0,29.22222137451172,0
165,2,165,166,24.99814224243164,25.0,2.0,1.0,27.0,0,27.825618743896484,25.0,2.0,1.0,27.0,1,24.99814224243164,25.0,2.0,1.0,27.0,0
165,3,165,166,24.44445037841797,24.44444465637207,2.0,2.0,26.44444465637207,0,28.103954315185547,24.44444465637207,2.0,2.0,26.44444465637207,1,24.44445037841797,24.44444465637207,2.0,2.0,26.44444465637207,0
166,1,166,167,27.222225189208984,27.22222137451172,2.0,3.0,29.22222137451172,0,32.27517318725586,27.22222137451172,2.0,3.0,29.22222137451172,1,27.222225189208984,27.22222137451172,2.0,3.0,29.22222137451172,0
166,2,166,167,24.55718421936035,24.55555534362793,2.0,1.0,26.55555534362793,0,27.108997344970703,25.0,2.0,1.0,27.0,1,24.55718421936035,24.55555534362793,2.0,1.0,26.55555534362793,0
166,3,166,167,24.44445037841797,24.44444465637207,2.0,2.0,26.44444465637207,0,27.844005584716797,24.44444465637207,2.0,2.0,26.44444465637207,1,24.44445037841797,24.44444465637207,2.0,2.0,26.44444465637207,0
167,1,167,168,27.22221565246582,27.22222137451172,2.0,3.0,29.22222137451172,0,32.68403244018555,27.22222137451172,2.0,3.0,29.22222137451172,1,27.22221565246582,27.22222137451172,2.0,3.0,29.22222137451172,0
167,2,167,168,23.40895652770996,23.38888931274414,2.0,1.0,25.38888931274414,0,27.385223388671875,24.55555534362793,2.0,1.0,26.55555534362793,1,23.40895652770996,23.38888931274414,2.0,1.0,25.38888931274414,0
167,3,167,168,24.44445037841797,24.44444465637207,2.0,2.0,26.44444465637207,0,27.484928131103516,24.44444465637207,2.0,2.0,26.44444465637207,1,24.44445037841797,24.44444465637207,2.0,2.0,26.44444465637207,0
168,1,168,169,27.222225189208984,27.22222137451172,2.0,3.0,29.22222137451172,0,31.05228042602539,27.22222137451172,2.0,3.0,29.22222137451172,1,27.222225189208984,27.22222137451172,2.0,3.0,29.22222137451172,0
168,2,168,169,22.24501609802246,22.22222137451172,2.0,1.0,24.22222137451172,0,25.561885833740234,23.38888931274414,2.0,1.0,25.38888931274414,1,22.24501609802246,22.22222137451172,2.0,1.0,24.22222137451172,0
168,3,168,169,24.44445037841797,24.44444465637207,2.0,2.0,26.44444465637207,0,27.112903594970703,24.44444465637207,2.0,2.0,26.44444465637207,1,24.44445037841797,24.44444465637207,2.0,2.0,26.44444465637207,0
169,1,169,170,27.222217559814453,27.22222137451172,2.0,3.0,29.22222137451172,0,30.277454376220703,27.22222137451172,2.0,3.0,29.22222137451172,1,27.222217559814453,27.22222137451172,2.0,3.0,29.22222137451172,0
169,2,169,170,21.675273895263672,21.66666603088379,2.0,1.0,23.66666603088379,0,24.827312469482422,22.22222137451172,2.0,1.0,24.22222137451172,1,21.675273895263672,21.66666603088379,2.0,1.0,23.66666603088379,0
169,3,169,170,24.444448471069336,24.44444465637207,2.0,2.0,26.44444465637207,0,26.554527282714844,24.44444465637207,2.0,2.0,26.44444465637207,1,24.444448471069336,24.44444465637207,2.0,2.0,26.44444465637207,0
170,1,170,171,27.22222328186035,27.22222137451172,2.0,3.0,29.22222137451172,0,30.62255096435547,27.22222137451172,2.0,3.0,29.22222137451172,1,27.22222328186035,27.22222137451172,2.0,3.0,29.22222137451172,0
170,2,170,171,23.039249420166016,23.27777862548828,2.0,1.0,25.27777862548828,0,25.276206970214844,21.66666603088379,2.0,1.0,23.66666603088379,1,23.039249420166016,23.27777862548828,2.0,1.0,25.27777862548828,0
170,3,170,171,24.44444465637207,24.44444465637207,2.0,2.0,26.44444465637207,0,26.2882022857666,24.44444465637207,2.0,2.0,26.44444465637207,0,24.44444465637207,24.44444465637207,2.0,2.0,26.44444465637207,0
171,1,171,172,27.18806266784668,27.22222137451172,2.0,3.0,29.22222137451172,0,29.907184600830078,27.22222137451172,2.0,3.0,29.22222137451172,1,27.18806266784668,27.22222137451172,2.0,3.0,29.22222137451172,0
171,2,171,172,23.53907585144043,25.0,2.0,1.0,27.0,0,24.810291290283203,23.27777862548828,2.0,1.0,25.27777862548828,0,23.53907585144043,25.0,2.0,1.0,27.0,0
171,3,171,172,24.44444465637207,24.44444465637207,2.0,2.0,26.44444465637207,0,25.74219512939453,24.44444465637207,2.0,2.0,26.44444465637207,0,24.44444465637207,24.44444465637207,2.0,2.0,26.44444465637207,0
172,1,172,173,26.98354721069336,27.22222137451172,2.0,3.0,29.22222137451172,0,29.858078002929688,27.22222137451172,2.0,3.0,29.22222137451172,1,26.98354721069336,27.22222137451172,2.0,3.0,29.22222137451172,0
172,2,172,173,23.73031997680664,25.0,2.0,1.0,27.0,0,25.432497024536133,25.0,2.0,1.0,27.0,0,23.73031997680664,25.0,2.0,1.0,27.0,0
172,3,172,173,24.444446563720703,24.44444465637207,2.0,2.0,26.44444465637207,0,25.41981315612793,24.44444465637207,2.0,2.0,26.44444465637207,0,24.444446563720703,24.44444465637207,2.0,2.0,26.44444465637207,0
173,1,173,174,27.207456588745117,27.22222137451172,2.0,3.0,29.22222137451172,0,29.64041519165039,27.22222137451172,2.0,3.0,29.22222137451172,1,27.207456588745117,27.22222137451172,2.0,3.0,29.22222137451172,0
173,2,173,174,23.833417892456055,25.0,2.0,1.0,27.0,0,25.197032928466797,25.0,2.0,1.0,27.0,0,23.833417892456055,25.0,2.0,1.0,27.0,0
173,3,173,174,24.444446563720703,24.44444465637207,2.0,2.0,26.44444465637207,0,25.12189292907715,24.44444465637207,2.0,2.0,26.44444465637207,0,24.444446563720703,24.44444465637207,2.0,2.0,26.44444465637207,0
174,1,174,175,27.222110748291016,27.22222137451172,2.0,3.0,29.22222137451172,0,29.488136291503906,27.22222137451172,2.0,3.0,29.22222137451172,1,27.222110748291016,27.22222137451172,2.0,3.0,29.22222137451172,0
174,2,174,175,24.184696197509766,25.0,2.0,1.0,27.0,0,24.905529022216797,25.0,2.0,1.0,27.0,0,24.184696197509766,25.0,2.0,1.0,27.0,0
174,3,174,175,24.4444522857666,24.44444465637207,2.0,2.0,26.44444465637207,0,24.91242790222168,24.44444465637207,2.0,2.0,26.44444465637207,0,24.4444522857666,24.44444465637207,2.0,2.0,26.44444465637207,0
175,1,175,176,27.22222328186035,27.22222137451172,2.0,2.0,29.22222137451172,0,29.744617462158203,27.22222137451172,2.0,3.0,29.22222137451172,1,27.22222328186035,27.22222137451172,2.0,2.0,29.22222137451172,0
175,2,175,176,24.968313217163086,25.0,2.0,1.0,27.0,0,25.022722244262695,25.0,2.0,1.0,27.0,0,24.968313217163086,25.0,2.0,1.0,27.0,0
175,3,175,176,24.444448471069336,24.44444465637207,2.0,0.0,26.44444465637207,0,25.052595138549805,24.44444465637207,2.0,2.0,26.44444465637207,0,24.444448471069336,24.44444465637207,2.0,0.0,26.44444465637207,0
176,1,176,177,27.222225189208984,27.22222137451172,2.0,2.0,29.22222137451172,0,30.55297088623047,27.22222137451172,2.0,2.0,29.22222137451172,1,27.222225189208984,27.22222137451172,2.0,2.0,29.22222137451172,0
176,2,176,177,24.999046325683594,25.0,2.0,0.0,27.0,0,25.187320709228516,25.0,2.0,1.0,27.0,0,24.999046325683594,25.0,2.0,0.0,27.0,0
176,3,176,177,24.444446563720703,24.44444465637207,2.0,0.0,26.44444465637207,0,25.54183578491211,24.44444465637207,2.0,0.0,26.44444465637207,0,24.444446563720703,24.44444465637207,2.0,0.0,26.44444465637207,0
177,1,177,178,27.222225189208984,27.22222137451172,2.0,1.0,29.22222137451172,0,30.93033218383789,27.22222137451172,2.0,2.0,29.22222137451172,1,27.222225189208984,27.22222137451172,2.0,1.0,29.22222137451172,0
177,2,177,178,24.998886108398438,25.0,2.0,0.0,27.0,0,25.319904327392578,25.0,2.0,0.0,27.0,0,24.998886108398438,25.0,2.0,0.0,27.0,0
177,3,177,178,24.444446563720703,24.44444465637207,2.0,0.0,26.44444465637207,0,25.576248168945312,24.44444465637207,2.0,0.0,26.44444465637207,0,24.444446563720703,24.44444465637207,2.0,0.0,26.44444465637207,0
178,1,178,179,27.22222328186035,27.22222137451172,2.0,1.0,29.22222137451172,0,30.9371337890625,27.22222137451172,2.0,1.0,29.22222137451172,1,27.22222328186035,27.22222137451172,2.0,1.0,29.22222137451172,0
178,2,178,179,24.9986572265625,25.0,2.0,0.0,27.0,0,25.44390869140625,25.0,2.0,0.0,27.0,0,24.9986572265625,25.0,2.0,0.0,27.0,0
178,3,178,179,24.444446563720703,24.44444465637207,2.0,0.0,26.44444465637207,0,25.43159294128418,24.44444465637207,2.0,0.0,26.44444465637207,0,24.444446563720703,24.44444465637207,2.0,0.0,26.44444465637207,0
179,1,179,180,27.222225189208984,27.22222137451172,2.0,1.0,29.22222137451172,0,31.18777084350586,27.22222137451172,2.0,1.0,29.22222137451172,1,27.222225189208984,27.22222137451172,2.0,1.0,29.22222137451172,0
179,2,179,180,24.998132705688477,25.0,2.0,0.0,27.0,0,25.823299407958984,25.0,2.0,0.0,27.0,0,24.998132705688477,25.0,2.0,0.0,27.0,0
179,3,179,180,24.444448471069336,24.44444465637207,2.0,0.0,26.44444465637207,0,25.520519256591797,24.44444465637207,2.0,0.0,26.44444465637207,0,24.444448471069336,24.44444465637207,2.0,0.0,26.44444465637207,0
180,1,180,181,27.222227096557617,27.22222137451172,2.0,1.0,29.22222137451172,0,31.674518585205078,27.22222137451172,2.0,1.0,29.22222137451172,1,27.222227096557617,27.22222137451172,2.0,1.0,29.22222137451172,0
180,2,180,181,24.997467041015625,25.0,2.0,0.0,27.0,0,26.387222290039062,25.0,2.0,0.0,27.0,0,24.997467041015625,25.0,2.0,0.0,27.0,0
180,3,180,181,24.444448471069336,24.44444465637207,2.0,0.0,26.44444465637207,0,25.546401977539062,24.44444465637207,2.0,0.0,26.44444465637207,0,24.444448471069336,24.44444465637207,2.0,0.0,26.44444465637207,0
181,1,181,182,27.222227096557617,27.22222137451172,2.0,1.0,29.22222137451172,0,32.3033332824707,27.22222137451172,2.0,1.0,29.22222137451172,1,27.222227096557617,27.22222137451172,2.0,1.0,29.22222137451172,0
181,2,181,182,24.996549606323242,25.0,2.0,0.0,27.0,0,27.117950439453125,25.0,2.0,0.0,27.0,0,24.996549606323242,25.0,2.0,0.0,27.0,0
181,3,181,182,23.900541305541992,23.88888931274414,2.0,1.0,25.88888931274414,0,25.69160270690918,24.44444465637207,2.0,0.0,26.44444465637207,0,23.900541305541992,23.88888931274414,2.0,1.0,25.88888931274414,0
182,1,182,183,27.222230911254883,27.22222137451172,2.0,2.0,29.22222137451172,0,32.7457160949707,27.22222137451172,2.0,1.0,29.22222137451172,1,27.222230911254883,27.22222137451172,2.0,2.0,29.22222137451172,0
182,2,182,183,24.99482536315918,25.0,2.0,0.0,27.0,0,27.97467041015625,25.0,2.0,0.0,27.0,0,24.99482536315918,25.0,2.0,0.0,27.0,0
182,3,182,183,23.88957405090332,23.88888931274414,2.0,1.0,25.88888931274414,0,26.119976043701172,23.88888931274414,2.0,1.0,25.88888931274414,1,23.88957405090332,23.88888931274414,2.0,1.0,25.88888931274414,0
183,1,183,184,27.222232818603516,27.22222137451172,2.0,1.0,29.22222137451172,0,33.087074279785156,27.22222137451172,2.0,2.0,29.22222137451172,1,27.222232818603516,27.22222137451172,2.0,1.0,29.22222137451172,0
183,2,183,184,24.9920654296875,25.0,2.0,0.0,27.0,0,28.34772491455078,25.0,2.0,0.0,27.0,0,24.9920654296875,25.0,2.0,0.0,27.0,0
183,3,183,184,23.888959884643555,23.88888931274414,2.0,1.0,25.88888931274414,0,26.430803298950195,23.88888931274414,2.0,1.0,25.88888931274414,1,23.888959884643555,23.88888931274414,2.0,1.0,25.88888931274414,0
184,1,184,185,27.22222900390625,27.22222137451172,2.0,1.0,29.22222137451172,0,33.22541427612305,27.22222137451172,2.0,1.0,29.22222137451172,1,27.22222900390625,27.22222137451172,2.0,1.0,29.22222137451172,0
184,2,184,185,24.993804931640625,25.0,2.0,0.0,27.0,0,28.600753784179688,25.0,2.0,0.0,27.0,0,24.993804931640625,25.0,2.0,0.0,27.0,0
184,3,184,185,23.730043411254883,23.72222137451172,2.0,1.0,25.72222137451172,0,26.838104248046875,23.88888931274414,2.0,1.0,25.88888931274414,1,23.730043411254883,23.72222137451172,2.0,1.0,25.72222137451172,0
185,1,185,186,27.222227096557617,27.22222137451172,2.0,3.0,29.22222137451172,0,33.42805862426758,27.22222137451172,2.0,1.0,29.22222137451172,1,27.222227096557617,27.22222137451172,2.0,3.0,29.22222137451172,0
185,2,185,186,24.99605941772461,25.0,2.0,0.0,27.0,0,28.922611236572266,25.0,2.0,0.0,27.0,0,24.99605941772461,25.0,2.0,0.0,27.0,0
185,3,185,186,23.34511375427246,23.33333396911621,2.0,1.0,25.33333396911621,0,27.20156478881836,23.72222137451172,2.0,1.0,25.72222137451172,1,23.34511375427246,23.33333396911621,2.0,1.0,25.33333396911621,0
186,1,186,187,27.222227096557617,27.22222137451172,2.0,3.0,29.22222137451172,0,33.43780517578125,27.22222137451172,2.0,3.0,29.22222137451172,1,27.222227096557617,27.22222137451172,2.0,3.0,29.22222137451172,0
186,2,186,187,24.997447967529297,25.0,2.0,0.0,27.0,0,28.607280731201172,25.0,2.0,0.0,27.0,0,24.997447967529297,25.0,2.0,0.0,27.0,0
186,3,186,187,23.333450317382812,23.33333396911621,2.0,1.0,25.33333396911621,0,27.384336471557617,23.33333396911621,2.0,1.0,25.33333396911621,1,23.333450317382812,23.33333396911621,2.0,1.0,25.33333396911621,0
187,1,187,188,27.222225189208984,27.22222137451172,2.0,3.0,29.22222137451172,0,33.63851547241211,27.22222137451172,2.0,3.0,29.22222137451172,1,27.222225189208984,27.22222137451172,2.0,3.0,29.22222137451172,0
187,2,187,188,24.99846839904785,25.0,2.0,1.0,27.0,0,28.75406265258789,25.0,2.0,0.0,27.0,0,24.99846839904785,25.0,2.0,1.0,27.0,0
187,3,187,188,23.333337783813477,23.33333396911621,2.0,2.0,25.33333396911621,0,27.41500473022461,23.33333396911621,2.0,1.0,25.33333396911621,1,23.333337783813477,23.33333396911621,2.0,2.0,25.33333396911621,0
188,1,188,189,27.222225189208984,27.22222137451172,2.0,3.0,29.22222137451172,0,32.751441955566406,27.22222137451172,2.0,3.0,29.22222137451172,1,27.222225189208984,27.22222137451172,2.0,3.0,29.22222137451172,0
188,2,188,189,24.99848747253418,25.0,2.0,1.0,27.0,0,27.65465545654297,25.0,2.0,1.0,27.0,1,24.99848747253418,25.0,2.0,1.0,27.0,0
188,3,188,189,23.333337783813477,23.33333396911621,2.0,2.0,25.33333396911621,0,27.271808624267578,23.33333396911621,2.0,2.0,25.33333396911621,1,23.333337783813477,23.33333396911621,2.0,2.0,25.33333396911621,0
189,1,189,190,27.222225189208984,27.22222137451172,2.0,3.0,29.22222137451172,0,32.17824935913086,27.22222137451172,2.0,3.0,29.22222137451172,1,27.222225189208984,27.22222137451172,2.0,3.0,29.22222137451172,0
189,2,189,190,24.998308181762695,25.0,2.0,1.0,27.0,0,27.026586532592773,25.0,2.0,1.0,27.0,1,24.998308181762695,25.0,2.0,1.0,27.0,0
189,3,189,190,23.55372428894043,23.55555534362793,2.0,2.0,25.55555534362793,0,27.098705291748047,23.33333396911621,2.0,2.0,25.33333396911621,1,23.55372428894043,23.55555534362793,2.0,2.0,25.55555534362793,0
190,1,190,191,27.222227096557617,27.22222137451172,2.0,2.0,29.22222137451172,0,31.711681365966797,27.22222137451172,2.0,3.0,29.22222137451172,1,27.222227096557617,27.22222137451172,2.0,2.0,29.22222137451172,0
190,2,190,191,24.998050689697266,25.0,2.0,1.0,27.0,0,26.433637619018555,25.0,2.0,1.0,27.0,0,24.998050689697266,25.0,2.0,1.0,27.0,0
190,3,190,191,23.885446548461914,23.88888931274414,2.0,2.0,25.88888931274414,0,26.99374771118164,23.55555534362793,2.0,2.0,25.55555534362793,1,23.885446548461914,23.88888931274414,2.0,2.0,25.88888931274414,0
191,1,191,192,27.222227096557617,27.22222137451172,2.0,2.0,29.22222137451172,0,31.275325775146484,27.22222137451172,2.0,2.0,29.22222137451172,1,27.222227096557617,27.22222137451172,2.0,2.0,29.22222137451172,0
191,2,191,192,24.998464584350586,25.0,2.0,1.0,27.0,0,26.005420684814453,25.0,2.0,1.0,27.0,0,24.998464584350586,25.0,2.0,1.0,27.0,0
191,3,191,192,23.888843536376953,23.88888931274414,2.0,2.0,25.88888931274414,0,26.85755157470703,23.88888931274414,2.0,2.0,25.88888931274414,1,23.888843536376953,23.88888931274414,2.0,2.0,25.88888931274414,0
192,1,192,193,27.114463806152344,27.11111068725586,2.0,3.0,29.11111068725586,0,31.356704711914062,27.22222137451172,2.0,2.0,29.22222137451172,1,27.114463806152344,27.11111068725586,2.0,3.0,29.11111068725586,0
192,2,192,193,24.99875831604004,25.0,2.0,1.0,27.0,0,25.837289810180664,25.0,2.0,1.0,27.0,0,24.99875831604004,25.0,2.0,1.0,27.0,0
192,3,192,193,23.94354248046875,23.94444465637207,2.0,2.0,25.94444465637207,0,26.26339340209961,23.88888931274414,2.0,2.0,25.88888931274414,1,23.94354248046875,23.94444465637207,2.0,2.0,25.94444465637207,0
193,1,193,194,27.001327514648438,27.0,2.0,3.0,29.0,0,30.728271484375,27.11111068725586,2.0,3.0,29.11111068725586,1,27.001327514648438,27.0,2.0,3.0,29.0,0
193,2,193,194,24.998952865600586,25.0,2.0,1.0,27.0,0,25.329986572265625,25.0,2.0,1.0,27.0,0,24.998952865600586,25.0,2.0,1.0,27.0,0
193,3,193,194,23.944425582885742,23.94444465637207,2.0,2.0,25.94444465637207,0,25.99785041809082,23.94444465637207,2.0,2.0,25.94444465637207,1,23.944425582885742,23.94444465637207,2.0,2.0,25.94444465637207,0
194,1,194,195,26.8912296295166,26.88888931274414,2.0,3.0,28.88888931274414,0,30.93149185180664,27.0,2.0,3.0,29.0,1,26.8912296295166,26.88888931274414,2.0,3.0,28.88888931274414,0
194,2,194,195,24.999292373657227,25.0,2.0,1.0,27.0,0,25.588363647460938,25.0,2.0,1.0,27.0,0,24.999292373657227,25.0,2.0,1.0,27.0,0
194,3,194,195,23.999006271362305,24.0,2.0,2.0,26.0,0,25.800493240356445,23.94444465637207,2.0,2.0,25.94444465637207,0,23.999006271362305,24.0,2.0,2.0,26.0,0
195,1,195,196,26.77983856201172,26.77777862548828,2.0,3.0,28.77777862548828,0,30.696762084960938,26.88888931274414,2.0,3.0,28.88888931274414,1,26.77983856201172,26.77777862548828,2.0,3.0,28.77777862548828,0
195,2,195,196,24.999465942382812,25.0,2.0,1.0,27.0,0,25.423057556152344,25.0,2.0,1.0,27.0,0,24.999465942382812,25.0,2.0,1.0,27.0,0
195,3,195,196,23.999977111816406,24.0,2.0,2.0,26.0,0,25.471771240234375,24.0,2.0,2.0,26.0,0,23.999977111816406,24.0,2.0,2.0,26.0,0
196,1,196,197,26.669986724853516,26.66666603088379,2.0,3.0,28.66666603088379,0,30.443687438964844,26.77777862548828,2.0,3.0,28.77777862548828,1,26.669986724853516,26.66666603088379,2.0,3.0,28.66666603088379,0
196,2,196,197,24.999679565429688,25.0,2.0,1.0,27.0,0,25.292285919189453,25.0,2.0,1.0,27.0,0,24.999679565429688,25.0,2.0,1.0,27.0,0
196,3,196,197,23.999971389770508,24.0,2.0,2.0,26.0,0,25.142671585083008,24.0,2.0,2.0,26.0,0,23.999971389770508,24.0,2.0,2.0,26.0,0
197,1,197,198,26.557886123657227,26.55555534362793,2.0,3.0,28.55555534362793,0,30.193496704101562,26.66666603088379,2.0,3.0,28.66666603088379,1,26.557886123657227,26.55555534362793,2.0,3.0,28.55555534362793,0
197,2,197,198,24.999874114990234,25.0,2.0,1.0,27.0,0,25.13665771484375,25.0,2.0,1.0,27.0,0,24.999874114990234,25.0,2.0,1.0,27.0,0
197,3,197,198,24.054357528686523,24.05555534362793,2.0,2.0,26.05555534362793,0,24.843353271484375,24.0,2.0,2.0,26.0,0,24.054357528686523,24.05555534362793,2.0,2.0,26.05555534362793,0
198,1,198,199,26.390851974487305,26.38888931274414,2.0,3.0,28.38888931274414,0,29.993343353271484,26.55555534362793,2.0,3.0,28.55555534362793,1,26.390851974487305,26.38888931274414,2.0,3.0,28.38888931274414,0
198,2,198,199,24.99867820739746,25.0,2.0,1.0,27.0,0,24.981006622314453,25.0,2.0,1.0,27.0,0,24.99867820739746,25.0,2.0,1.0,27.0,0
198,3,198,199,24.055545806884766,24.05555534362793,2.0,2.0,26.05555534362793,0,24.63187599182129,24.05555534362793,2.0,2.0,26.05555534362793,0,24.055545806884766,24.05555534362793,2.0,2.0,26.05555534362793,0
199,1,199,200,26.278532028198242,26.27777862548828,2.0,3.0,28.27777862548828,0,30.224365234375,26.38888931274414,2.0,3.0,28.38888931274414,1,26.278532028198242,26.27777862548828,2.0,3.0,28.27777862548828,0
199,2,199,200,24.998340606689453,25.0,2.0,1.0,27.0,0,25.414188385009766,25.0,2.0,1.0,27.0,0,24.998340606689453,25.0,2.0,1.0,27.0,0
199,3,199,200,24.11086082458496,24.11111068725586,2.0,2.0,26.11111068725586,0,24.759096145629883,24.05555534362793,2.0,2.0,26.05555534362793,0,24.11086082458496,24.11111068725586,2.0,2.0,26.11111068725586,0
200,1,200,201,26.16744613647461,26.16666603088379,2.0,3.0,28.16666603088379,0,30.19692611694336,26.27777862548828,2.0,3.0,28.27777862548828,1,26.16744613647461,26.16666603088379,2.0,3.0,28.16666603088379,0
200,2,200,201,24.99825096130371,25.0,2.0,1.0,27.0,0,25.428647994995117,25.0,2.0,1.0,27.0,0,24.99825096130371,25.0,2.0,1.0,27.0,0
200,3,200,201,24.111112594604492,24.11111068725586,2.0,2.0,26.11111068725586,0,24.988014221191406,24.11111068725586,2.0,2.0,26.11111068725586,0,24.111112594604492,24.11111068725586,2.0,2.0,26.11111068725586,0
201,1,201,202,26.05683135986328,26.05555534362793,2.0,3.0,28.05555534362793,0,30.585819244384766,26.16666603088379,2.0,3.0,28.16666603088379,1,26.05683135986328,26.05555534362793,2.0,3.0,28.05555534362793,0
201,2,201,202,24.998355865478516,25.0,2.0,1.0,27.0,0,25.710891723632812,25.0,2.0,1.0,27.0,0,24.998355865478516,25.0,2.0,1.0,27.0,0
201,3,201,202,24.16655731201172,24.16666603088379,2.0,2.0,26.16666603088379,0,25.249353408813477,24.11111068725586,2.0,2.0,26.11111068725586,0,24.16655731201172,24.16666603088379,2.0,2.0,26.16666603088379,0
202,1,202,203,25.944936752319336,25.94444465637207,2.0,2.0,27.94444465637207,0,31.031902313232422,26.05555534362793,2.0,3.0,28.05555534362793,1,25.944936752319336,25.94444465637207,2.0,2.0,27.94444465637207,0
202,2,202,203,24.998119354248047,25.0,2.0,1.0,27.0,0,26.115320205688477,25.0,2.0,1.0,27.0,0,24.998119354248047,25.0,2.0,1.0,27.0,0
202,3,202,203,24.166669845581055,24.16666603088379,2.0,2.0,26.16666603088379,0,25.529708862304688,24.16666603088379,2.0,2.0,26.16666603088379,0,24.166669845581055,24.16666603088379,2.0,2.0,26.16666603088379,0
203,1,203,204,25.83421516418457,25.83333396911621,2.0,2.0,27.83333396911621,0,31.363903045654297,25.94444465637207,2.0,2.0,27.94444465637207,1,25.83421516418457,25.83333396911621,2.0,2.0,27.83333396911621,0
203,2,203,204,24.99778175354004,25.0,2.0,1.0,27.0,0,26.596073150634766,25.0,2.0,1.0,27.0,0,24.99778175354004,25.0,2.0,1.0,27.0,0
203,3,203,204,24.166669845581055,24.16666603088379,2.0,2.0,26.16666603088379,0,25.838781356811523,24.16666603088379,2.0,2.0,26.16666603088379,0,24.166669845581055,24.16666603088379,2.0,2.0,26.16666603088379,0
204,1,204,205,25.724082946777344,25.72222137451172,2.0,2.0,27.72222137451172,0,31.8594970703125,25.83333396911621,2.0,2.0,27.83333396911621,1,25.724082946777344,25.72222137451172,2.0,2.0,27.72222137451172,0
204,2,204,205,24.9969425201416,25.0,2.0,1.0,27.0,0,27.474506378173828,25.0,2.0,1.0,27.0,1,24.9969425201416,25.0,2.0,1.0,27.0,0
204,3,204,205,24.221729278564453,24.22222137451172,2.0,2.0,26.22222137451172,0,26.262142181396484,24.16666603088379,2.0,2.0,26.16666603088379,1,24.221729278564453,24.22222137451172,2.0,2.0,26.22222137451172,0
205,1,205,206,25.616539001464844,25.61111068725586,2.0,2.0,27.61111068725586,0,32.023773193359375,25.72222137451172,2.0,2.0,27.72222137451172,1,25.616539001464844,25.61111068725586,2.0,2.0,27.61111068725586,0
205,2,205,206,24.995418548583984,25.0,2.0,1.0,27.0,0,27.89574432373047,25.0,2.0,1.0,27.0,1,24.995418548583984,25.0,2.0,1.0,27.0,0
205,3,205,206,24.22221565246582,24.22222137451172,2.0,2.0,26.22222137451172,0,26.564815521240234,24.22222137451172,2.0,2.0,26.22222137451172,1,24.22221565246582,24.22222137451172,2.0,2.0,26.22222137451172,0
206,1,206,207,25.520797729492188,25.5,2.0,2.0,27.5,0,32.224853515625,25.61111068725586,2.0,2.0,27.61111068725586,1,25.520797729492188,25.5,2.0,2.0,27.5,0
206,2,206,207,24.991945266723633,25.0,2.0,1.0,27.0,0,28.31674575805664,25.0,2.0,1.0,27.0,1,24.991945266723633,25.0,2.0,1.0,27.0,0
206,3,206,207,24.272953033447266,24.27777862548828,2.0,2.0,26.27777862548828,0,27.008792877197266,24.22222137451172,2.0,2.0,26.22222137451172,1,24.272953033447266,24.27777862548828,2.0,2.0,26.27777862548828,0
207,1,207,208,25.393842697143555,25.38888931274414,2.0,2.0,27.38888931274414,0,32.456085205078125,25.5,2.0,2.0,27.5,1,25.393842697143555,25.38888931274414,2.0,2.0,27.38888931274414,0
207,2,207,208,24.993074417114258,25.0,2.0,1.0,27.0,0,28.80246353149414,25.0,2.0,1.0,27.0,1,24.993074417114258,25.0,2.0,1.0,27.0,0
207,3,207,208,24.277507781982422,24.27777862548828,2.0,2.0,26.27777862548828,0,27.39965057373047,24.27777862548828,2.0,2.0,26.27777862548828,1,24.277507781982422,24.27777862548828,2.0,2.0,26.27777862548828,0
208,1,208,209,25.279787063598633,25.27777862548828,2.0,3.0,27.27777862548828,0,32.76900863647461,25.38888931274414,2.0,2.0,27.38888931274414,1,25.279787063598633,25.27777862548828,2.0,3.0,27.27777862548828,0
208,2,208,209,24.99506950378418,25.0,2.0,1.0,27.0,0,29.166921615600586,25.0,2.0,1.0,27.0,1,24.99506950378418,25.0,2.0,1.0,27.0,0
208,3,208,209,24.33207130432129,24.33333396911621,2.0,2.0,26.33333396911621,0,27.8700008392334,24.27777862548828,2.0,2.0,26.27777862548828,1,24.33207130432129,24.33333396911621,2.0,2.0,26.33333396911621,0
209,1,209,210,25.115217208862305,25.11111068725586,2.0,2.0,27.11111068725586,0,32.96521759033203,25.27777862548828,2.0,3.0,27.27777862548828,1,25.115217208862305,25.11111068725586,2.0,2.0,27.11111068725586,0
209,2,209,210,24.996360778808594,25.0,2.0,1.0,27.0,0,29.297996520996094,25.0,2.0,1.0,27.0,1,24.996360778808594,25.0,2.0,1.0,27.0,0
209,3,209,210,24.33331871032715,24.33333396911621,2.0,2.0,26.33333396911621,0,28.241287231445312,24.33333396911621,2.0,2.0,26.33333396911621,1,24.33331871032715,24.33333396911621,2.0,2.0,26.33333396911621,0
210,1,210,211,25.00130271911621,25.0,2.0,2.0,27.0,0,32.81843185424805,25.11111068725586,2.0,2.0,27.11111068725586,1,25.00130271911621,25.0,2.0,2.0,27.0,0
210,2,210,211,24.997282028198242,25.0,2.0,1.0,27.0,0,29.000141143798828,25.0,2.0,1.0,27.0,1,24.997282028198242,25.0,2.0,1.0,27.0,0
210,3,210,211,24.333337783813477,24.33333396911621,2.0,2.0,26.33333396911621,0,28.412841796875,24.33333396911621,2.0,2.0,26.33333396911621,1,24.333337783813477,24.33333396911621,2.0,2.0,26.33333396911621,0
211,1,211,212,24.890275955200195,24.88888931274414,2.0,2.0,26.88888931274414,0,32.454437255859375,25.0,2.0,2.0,27.0,1,24.890275955200195,24.88888931274414,2.0,2.0,26.88888931274414,0
211,2,211,212,24.9982967376709,25.0,2.0,1.0,27.0,0,26.18743133544922,25.0,2.0,1.0,27.0,0,24.9982967376709,25.0,2.0,1.0,27.0,0
211,3,211,212,24.388628005981445,24.38888931274414,2.0,2.0,26.38888931274414,0,28.756254196166992,24.33333396911621,2.0,2.0,26.33333396911621,1,24.388628005981445,24.38888931274414,2.0,2.0,26.38888931274414,0
212,1,212,213,24.77948760986328,24.77777862548828,2.0,3.0,26.77777862548828,0,31.739089965820312,24.88888931274414,2.0,2.0,26.88888931274414,1,24.77948760986328,24.77777862548828,2.0,3.0,26.77777862548828,0
212,2,212,213,24.99839210510254,25.0,2.0,1.0,27.0,0,26.853694915771484,25.0,2.0,1.0,27.0,0,24.99839210510254,25.0,2.0,1.0,27.0,0
212,3,212,213,24.388891220092773,24.38888931274414,2.0,2.0,26.38888931274414,0,27.994129180908203,24.38888931274414,2.0,2.0,26.38888931274414,1,24.388891220092773,24.38888931274414,2.0,2.0,26.38888931274414,0
213,1,213,214,24.668556213378906,24.66666603088379,2.0,3.0,26.66666603088379,0,31.230709075927734,24.77777862548828,2.0,3.0,26.77777862548828,1,24.668556213378906,24.66666603088379,2.0,3.0,26.66666603088379,0
213,2,213,214,24.998302459716797,25.0,2.0,1.0,27.0,0,26.091754913330078,25.0,2.0,1.0,27.0,0,24.998302459716797,25.0,2.0,1.0,27.0,0
213,3,213,214,24.44395637512207,24.44444465637207,2.0,2.0,26.44444465637207,0,27.664871215820312,24.38888931274414,2.0,2.0,26.38888931274414,1,24.44395637512207,24.44444465637207,2.0,2.0,26.44444465637207,0
214,1,214,215,24.55906105041504,24.55555534362793,2.0,3.0,26.55555534362793,0,30.826038360595703,24.66666603088379,2.0,3.0,26.66666603088379,1,24.55906105041504,24.55555534362793,2.0,3.0,26.55555534362793,0
214,2,214,215,24.996753692626953,25.0,2.0,1.0,27.0,0,25.69342041015625,25.0,2.0,1.0,27.0,0,24.996753692626953,25.0,2.0,1.0,27.0,0
214,3,214,215,24.44444465637207,24.44444465637207,2.0,2.0,26.44444465637207,0,27.276382446289062,24.44444465637207,2.0,2.0,26.44444465637207,1,24.44444465637207,24.44444465637207,2.0,2.0,26.44444465637207,0
215,1,215,216,22.88633155822754,22.77777862548828,2.0,3.0,24.77777862548828,0,30.565391540527344,24.55555534362793,2.0,3.0,26.55555534362793,1,22.88633155822754,22.77777862548828,2.0,3.0,24.77777862548828,0
215,2,215,216,24.99844741821289,25.0,2.0,1.0,27.0,0,25.34268569946289,25.0,2.0,1.0,27.0,0,24.99844741821289,25.0,2.0,1.0,27.0,0
215,3,215,216,24.44445037841797,24.44444465637207,2.0,2.0,26.44444465637207,0,26.807920455932617,24.44444465637207,2.0,2.0,26.44444465637207,1,24.44445037841797,24.44444465637207,2.0,2.0,26.44444465637207,0
216,1,216,217,23.219066619873047,23.22222137451172,2.0,3.0,25.22222137451172,0,29.709869384765625,22.77777862548828,2.0,3.0,24.77777862548828,1,23.219066619873047,23.22222137451172,2.0,3.0,25.22222137451172,0
216,2,216,217,24.998647689819336,25.0,2.0,1.0,27.0,0,24.59333038330078,25.0,2.0,1.0,27.0,0,24.998647689819336,25.0,2.0,1.0,27.0,0
216,3,216,217,24.44445037841797,24.44444465637207,2.0,2.0,26.44444465637207,0,26.305065155029297,24.44444465637207,2.0,2.0,26.44444465637207,0,24.44445037841797,24.44444465637207,2.0,2.0,26.44444465637207,0
217,1,217,218,22.321308135986328,22.22222137451172,2.0,3.0,24.22222137451172,0,29.84839630126953,23.22222137451172,2.0,3.0,25.22222137451172,1,22.321308135986328,22.22222137451172,2.0,3.0,24.22222137451172,0
217,2,217,218,24.999008178710938,25.0,2.0,1.0,27.0,0,24.752613067626953,25.0,2.0,1.0,27.0,0,24.999008178710938,25.0,2.0,1.0,27.0,0
217,3,217,218,24.44445037841797,24.44444465637207,2.0,2.0,26.44444465637207,0,25.993072509765625,24.44444465637207,2.0,2.0,26.44444465637207,0,24.44445037841797,24.44444465637207,2.0,2.0,26.44444465637207,0
218,1,218,219,22.230300903320312,22.22222137451172,2.0,3.0,24.22222137451172,0,29.597129821777344,22.22222137451172,2.0,3.0,24.22222137451172,1,22.230300903320312,22.22222137451172,2.0,3.0,24.22222137451172,0
218,2,218,219,24.99921417236328,25.0,2.0,1.0,27.0,0,24.693675994873047,25.0,2.0,1.0,27.0,0,24.99921417236328,25.0,2.0,1.0,27.0,0
218,3,218,219,24.444433212280273,24.44444465637207,2.0,2.0,26.44444465637207,0,25.662227630615234,24.44444465637207,2.0,2.0,26.44444465637207,0,24.444433212280273,24.44444465637207,2.0,2.0,26.44444465637207,0
219,1,219,220,22.22315216064453,22.22222137451172,2.0,3.0,24.22222137451172,0,29.460803985595703,22.22222137451172,2.0,3.0,24.22222137451172,1,22.22315216064453,22.22222137451172,2.0,3.0,24.22222137451172,0
219,2,219,220,24.99947166442871,25.0,2.0,1.0,27.0,0,24.795936584472656,25.0,2.0,1.0,27.0,0,24.99947166442871,25.0,2.0,1.0,27.0,0
219,3,219,220,24.444429397583008,24.44444465637207,2.0,2.0,26.44444465637207,0,25.37061309814453,24.44444465637207,2.0,2.0,26.44444465637207,0,24.444429397583008,24.44444465637207,2.0,2.0,26.44444465637207,0
220,1,220,221,22.22235870361328,22.22222137451172,2.0,3.0,24.22222137451172,0,29.077468872070312,22.22222137451172,2.0,3.0,24.22222137451172,1,22.22235870361328,22.22222137451172,2.0,3.0,24.22222137451172,0
220,2,220,221,24.999570846557617,25.0,2.0,1.0,27.0,0,24.76343536376953,25.0,2.0,1.0,27.0,0,24.999570846557617,25.0,2.0,1.0,27.0,0
220,3,220,221,24.444448471069336,24.44444465637207,2.0,2.0,26.44444465637207,0,25.047012329101562,24.44444465637207,2.0,2.0,26.44444465637207,0,24.444448471069336,24.44444465637207,2.0,2.0,26.44444465637207,0
221,1,221,222,22.222244262695312,22.22222137451172,2.0,3.0,24.22222137451172,0,28.726112365722656,22.22222137451172,2.0,3.0,24.22222137451172,1,22.222244262695312,22.22222137451172,2.0,3.0,24.22222137451172,0
221,2,221,222,24.999757766723633,25.0,2.0,1.0,27.0,0,24.754718780517578,25.0,2.0,1.0,27.0,0,24.999757766723633,25.0,2.0,1.0,27.0,0
221,3,221,222,24.444421768188477,24.44444465637207,2.0,2.0,26.44444465637207,0,24.787208557128906,24.44444465637207,2.0,2.0,26.44444465637207,0,24.444421768188477,24.44444465637207,2.0,2.0,26.44444465637207,0
222,1,222,223,22.222232818603516,22.22222137451172,2.0,3.0,24.22222137451172,0,28.401840209960938,22.22222137451172,2.0,3.0,24.22222137451172,1,22.222232818603516,22.22222137451172,2.0,3.0,24.22222137451172,0
222,2,222,223,24.998750686645508,25.0,2.0,1.0,27.0,0,24.748323440551758,25.0,2.0,1.0,27.0,0,24.998750686645508,25.0,2.0,1.0,27.0,0
222,3,222,223,24.444448471069336,24.44444465637207,2.0,2.0,26.44444465637207,0,24.599761962890625,24.44444465637207,2.0,2.0,26.44444465637207,0,24.444448471069336,24.44444465637207,2.0,2.0,26.44444465637207,0
223,1,223,224,22.332481384277344,22.33333396911621,2.0,3.0,24.33333396911621,0,28.438758850097656,22.22222137451172,2.0,3.0,24.22222137451172,1,22.332481384277344,22.33333396911621,2.0,3.0,24.33333396911621,0
223,2,223,224,24.99831771850586,25.0,2.0,1.0,27.0,0,25.17038345336914,25.0,2.0,1.0,27.0,0,24.99831771850586,25.0,2.0,1.0,27.0,0
223,3,223,224,24.444448471069336,24.44444465637207,2.0,2.0,26.44444465637207,0,24.73934555053711,24.44444465637207,2.0,2.0,26.44444465637207,0,24.444448471069336,24.44444465637207,2.0,2.0,26.44444465637207,0
224,1,224,225,22.776168823242188,22.77777862548828,2.0,2.0,24.77777862548828,0,28.48978614807129,22.33333396911621,2.0,3.0,24.33333396911621,1,22.776168823242188,22.77777862548828,2.0,2.0,24.77777862548828,0
224,2,224,225,24.997894287109375,25.0,2.0,1.0,27.0,0,25.43349266052246,25.0,2.0,1.0,27.0,0,24.997894287109375,25.0,2.0,1.0,27.0,0
224,3,224,225,24.444446563720703,24.44444465637207,2.0,2.0,26.44444465637207,0,24.99695587158203,24.44444465637207,2.0,2.0,26.44444465637207,0,24.444446563720703,24.44444465637207,2.0,2.0,26.44444465637207,0
225,1,225,226,24.37586212158203,24.44444465637207,2.0,2.0,26.44444465637207,0,28.64948272705078,22.77777862548828,2.0,2.0,24.77777862548828,1,24.37586212158203,24.44444465637207,2.0,2.0,26.44444465637207,0
225,2,225,226,24.99773406982422,25.0,2.0,1.0,27.0,0,25.69502830505371,25.0,2.0,1.0,27.0,0,24.99773406982422,25.0,2.0,1.0,27.0,0
225,3,225,226,24.44444465637207,24.44444465637207,2.0,2.0,26.44444465637207,0,25.362834930419922,24.44444465637207,2.0,2.0,26.44444465637207,0,24.44444465637207,24.44444465637207,2.0,2.0,26.44444465637207,0
226,1,226,227,24.444313049316406,24.44444465637207,2.0,1.0,26.44444465637207,0,28.876956939697266,24.44444465637207,2.0,2.0,26.44444465637207,1,24.444313049316406,24.44444465637207,2.0,1.0,26.44444465637207,0
226,2,226,227,24.997270584106445,25.0,2.0,1.0,27.0,0,26.075790405273438,25.0,2.0,1.0,27.0,0,24.997270584106445,25.0,2.0,1.0,27.0,0
226,3,226,227,24.444446563720703,24.44444465637207,2.0,2.0,26.44444465637207,0,25.6884822845459,24.44444465637207,2.0,2.0,26.44444465637207,0,24.444446563720703,24.44444465637207,2.0,2.0,26.44444465637207,0
227,1,227,228,24.444448471069336,24.44444465637207,2.0,1.0,26.44444465637207,0,29.264324188232422,24.44444465637207,2.0,1.0,26.44444465637207,1,24.444448471069336,24.44444465637207,2.0,1.0,26.44444465637207,0
227,2,227,228,24.99683380126953,25.0,2.0,1.0,27.0,0,26.8458309173584,25.0,2.0,1.0,27.0,0,24.99683380126953,25.0,2.0,1.0,27.0,0
227,3,227,228,24.444448471069336,24.44444465637207,2.0,1.0,26.44444465637207,0,26.1040096282959,24.44444465637207,2.0,2.0,26.44444465637207,0,24.444448471069336,24.44444465637207,2.0,1.0,26.44444465637207,0
228,1,228,229,24.4444522857666,24.44444465637207,2.0,2.0,26.44444465637207,0,29.50902557373047,24.44444465637207,2.0,1.0,26.44444465637207,1,24.4444522857666,24.44444465637207,2.0,2.0,26.44444465637207,0
228,2,228,229,24.99547576904297,25.0,2.0,1.0,27.0,0,27.34178924560547,25.0,2.0,1.0,27.0,1,24.99547576904297,25.0,2.0,1.0,27.0,0
228,3,228,229,24.44445037841797,24.44444465637207,2.0,1.0,26.44444465637207,0,26.253616333007812,24.44444465637207,2.0,1.0,26.44444465637207,0,24.44445037841797,24.44444465637207,2.0,1.0,26.44444465637207,0
229,1,229,230,24.4444580078125,24.44444465637207,2.0,2.0,26.44444465637207,0,29.935646057128906,24.44444465637207,2.0,2.0,26.44444465637207,1,24.4444580078125,24.44444465637207,2.0,2.0,26.44444465637207,0
229,2,229,230,24.991533279418945,25.0,2.0,1.0,27.0,0,28.139434814453125,25.0,2.0,1.0,27.0,1,24.991533279418945,25.0,2.0,1.0,27.0,0
229,3,229,230,24.4444522857666,24.44444465637207,2.0,0.0,26.44444465637207,0,26.550952911376953,24.44444465637207,2.0,1.0,26.44444465637207,1,24.4444522857666,24.44444465637207,2.0,0.0,26.44444465637207,0
230,1,230,231,24.44474220275879,24.44444465637207,2.0,3.0,26.44444465637207,0,30.194297790527344,24.44444465637207,2.0,2.0,26.44444465637207,1,24.44474220275879,24.44444465637207,2.0,3.0,26.44444465637207,0
230,2,230,231,24.990224838256836,25.0,2.0,1.0,27.0,0,28.576662063598633,25.0,2.0,1.0,27.0,1,24.990224838256836,25.0,2.0,1.0,27.0,0
230,3,230,231,24.3939266204834,24.38888931274414,2.0,1.0,26.38888931274414,0,26.60651397705078,24.44444465637207,2.0,0.0,26.44444465637207,0,24.3939266204834,24.38888931274414,2.0,1.0,26.38888931274414,0
231,1,231,232,24.547134399414062,24.55555534362793,2.0,2.0,26.55555534362793,0,30.726966857910156,24.44444465637207,2.0,3.0,26.44444465637207,1,24.547134399414062,24.55555534362793,2.0,2.0,26.55555534362793,0
231,2,231,232,24.989309310913086,25.0,2.0,1.0,27.0,0,29.24199867248535,25.0,2.0,1.0,27.0,1,24.989309310913086,25.0,2.0,1.0,27.0,0
231,3,231,232,23.981367111206055,23.88888931274414,2.0,1.0,25.88888931274414,0,27.189903259277344,24.38888931274414,2.0,1.0,26.38888931274414,1,23.981367111206055,23.88888931274414,2.0,1.0,25.88888931274414,0
232,1,232,233,26.236801147460938,26.27777862548828,2.0,2.0,28.27777862548828,0,31.091270446777344,24.55555534362793,2.0,2.0,26.55555534362793,1,26.236801147460938,26.27777862548828,2.0,2.0,28.27777862548828,0
232,2,232,233,24.992673873901367,25.0,2.0,1.0,27.0,0,29.790897369384766,25.0,2.0,1.0,27.0,1,24.992673873901367,25.0,2.0,1.0,27.0,0
232,3,232,233,23.41956329345703,23.38888931274414,2.0,1.0,25.38888931274414,0,27.554330825805664,23.88888931274414,2.0,1.0,25.88888931274414,1,23.41956329345703,23.38888931274414,2.0,1.0,25.38888931274414,0
233,1,233,234,24.323200225830078,24.16666603088379,2.0,2.0,26.16666603088379,0,31.08615493774414,26.27777862548828,2.0,2.0,28.27777862548828,1,24.323200225830078,24.16666603088379,2.0,2.0,26.16666603088379,0
233,2,233,234,24.994760513305664,25.0,2.0,1.0,27.0,0,29.959209442138672,25.0,2.0,1.0,27.0,1,24.994760513305664,25.0,2.0,1.0,27.0,0
233,3,233,234,23.770343780517578,23.77777862548828,2.0,1.0,25.77777862548828,0,27.88564682006836,23.38888931274414,2.0,1.0,25.38888931274414,1,23.770343780517578,23.77777862548828,2.0,1.0,25.77777862548828,0
234,1,234,235,24.27819061279297,24.27777862548828,2.0,2.0,26.27777862548828,0,31.36174774169922,24.16666603088379,2.0,2.0,26.16666603088379,1,24.27819061279297,24.27777862548828,2.0,2.0,26.27777862548828,0
234,2,234,235,24.996400833129883,25.0,2.0,1.0,27.0,0,30.048294067382812,25.0,2.0,1.0,27.0,1,24.996400833129883,25.0,2.0,1.0,27.0,0
234,3,234,235,23.34166717529297,23.33333396911621,2.0,1.0,25.33333396911621,0,28.148683547973633,23.77777862548828,2.0,1.0,25.77777862548828,1,23.34166717529297,23.33333396911621,2.0,1.0,25.33333396911621,0
235,1,235,236,24.442495346069336,24.44444465637207,2.0,2.0,26.44444465637207,0,31.098312377929688,24.27777862548828,2.0,2.0,26.27777862548828,1,24.442495346069336,24.44444465637207,2.0,2.0,26.44444465637207,0
235,2,235,236,24.997447967529297,25.0,2.0,1.0,27.0,0,29.611053466796875,25.0,2.0,1.0,27.0,1,24.997447967529297,25.0,2.0,1.0,27.0,0
235,3,235,236,23.333450317382812,23.33333396911621,2.0,1.0,25.33333396911621,0,28.63834571838379,23.33333396911621,2.0,1.0,25.33333396911621,1,23.333450317382812,23.33333396911621,2.0,1.0,25.33333396911621,0
236,1,236,237,24.44441795349121,24.44444465637207,2.0,2.0,26.44444465637207,0,30.709156036376953,24.44444465637207,2.0,2.0,26.44444465637207,1,24.44441795349121,24.44444465637207,2.0,2.0,26.44444465637207,0
236,2,236,237,24.997865676879883,25.0,2.0,1.0,27.0,0,28.518735885620117,25.0,2.0,1.0,27.0,1,24.997865676879883,25.0,2.0,1.0,27.0,0
236,3,236,237,23.33333969116211,23.33333396911621,2.0,1.0,25.33333396911621,0,27.45602798461914,23.33333396911621,2.0,1.0,25.33333396911621,1,23.33333969116211,23.33333396911621,2.0,1.0,25.33333396911621,0
237,1,237,238,25.76250457763672,25.77777862548828,2.0,2.0,27.77777862548828,0,30.582603454589844,24.44444465637207,2.0,2.0,26.44444465637207,1,25.76250457763672,25.77777862548828,2.0,2.0,27.77777862548828,0
237,2,237,238,24.997941970825195,25.0,2.0,1.0,27.0,0,28.266342163085938,25.0,2.0,1.0,27.0,1,24.997941970825195,25.0,2.0,1.0,27.0,0
237,3,237,238,23.33333969116211,23.33333396911621,2.0,2.0,25.33333396911621,0,27.22040557861328,23.33333396911621,2.0,1.0,25.33333396911621,1,23.33333969116211,23.33333396911621,2.0,2.0,25.33333396911621,0
238,1,238,239,24.512968063354492,24.44444465637207,2.0,2.0,26.44444465637207,0,29.865093231201172,25.77777862548828,2.0,2.0,27.77777862548828,1,24.512968063354492,24.44444465637207,2.0,2.0,26.44444465637207,0
238,2,238,239,24.17693328857422,24.16666603088379,2.0,1.0,26.16666603088379,0,27.151432037353516,25.0,2.0,1.0,27.0,1,24.17693328857422,24.16666603088379,2.0,1.0,26.16666603088379,0
238,3,238,239,23.496822357177734,23.5,2.0,2.0,25.5,0,26.834461212158203,23.33333396911621,2.0,2.0,25.33333396911621,1,23.496822357177734,23.5,2.0,2.0,25.5,0
239,1,239,240,24.44551658630371,24.44444465637207,2.0,2.0,26.44444465637207,0,29.548736572265625,24.44444465637207,2.0,2.0,26.44444465637207,1,24.44551658630371,24.44444465637207,2.0,2.0,26.44444465637207,0
239,2,239,240,23.349239349365234,23.33333396911621,2.0,1.0,25.33333396911621,0,26.396148681640625,24.16666603088379,2.0,1.0,26.16666603088379,1,23.349239349365234,23.33333396911621,2.0,1.0,25.33333396911621,0
239,3,239,240,23.554197311401367,23.55555534362793,2.0,2.0,25.55555534362793,0,26.398414611816406,23.5,2.0,2.0,25.5,1,23.554197311401367,23.55555534362793,2.0,2.0,25.55555534362793,0
240,1,240,241,23.296375274658203,23.22222137451172,2.0,3.0,25.22222137451172,0,28.930381774902344,24.44444465637207,2.0,2.0,26.44444465637207,1,23.296375274658203,23.22222137451172,2.0,3.0,25.22222137451172,0
240,2,240,241,24.16351318359375,24.16666603088379,2.0,1.0,26.16666603088379,0,25.363977432250977,23.33333396911621,2.0,1.0,25.33333396911621,1,24.16351318359375,24.16666603088379,2.0,1.0,26.16666603088379,0
240,3,240,241,22.824220657348633,22.77777862548828,2.0,2.0,24.77777862548828,0,25.87858009338379,23.55555534362793,2.0,2.0,25.55555534362793,1,22.824220657348633,22.77777862548828,2.0,2.0,24.77777862548828,0
241,1,241,242,22.260892868041992,22.22222137451172,2.0,3.0,24.22222137451172,0,29.30474090576172,23.22222137451172,2.0,3.0,25.22222137451172,1,22.260892868041992,22.22222137451172,2.0,3.0,24.22222137451172,0
241,2,241,242,24.85825538635254,25.0,2.0,1.0,27.0,0,25.64533805847168,24.16666603088379,2.0,1.0,26.16666603088379,0,24.85825538635254,25.0,2.0,1.0,27.0,0
241,3,241,242,22.779260635375977,22.77777862548828,2.0,2.0,24.77777862548828,0,25.597211837768555,22.77777862548828,2.0,2.0,24.77777862548828,1,22.779260635375977,22.77777862548828,2.0,2.0,24.77777862548828,0
242,1,242,243,22.223526000976562,22.22222137451172,2.0,3.0,24.22222137451172,0,29.060897827148438,22.22222137451172,2.0,3.0,24.22222137451172,1,22.223526000976562,22.22222137451172,2.0,3.0,24.22222137451172,0
242,2,242,243,24.999027252197266,25.0,2.0,1.0,27.0,0,25.64289093017578,25.0,2.0,1.0,27.0,0,24.999027252197266,25.0,2.0,1.0,27.0,0
242,3,242,243,22.777894973754883,22.77777862548828,2.0,2.0,24.77777862548828,0,25.10987091064453,22.77777862548828,2.0,2.0,24.77777862548828,1,22.777894973754883,22.77777862548828,2.0,2.0,24.77777862548828,0
243,1,243,244,22.22239875793457,22.22222137451172,2.0,3.0,24.22222137451172,0,28.975650787353516,22.22222137451172,2.0,3.0,24.22222137451172,1,22.22239875793457,22.22222137451172,2.0,3.0,24.22222137451172,0
243,2,243,244,24.99899673461914,25.0,2.0,1.0,27.0,0,25.805450439453125,25.0,2.0,1.0,27.0,0,24.99899673461914,25.0,2.0,1.0,27.0,0
243,3,243,244,23.66560173034668,23.66666603088379,2.0,2.0,25.66666603088379,0,24.837238311767578,22.77777862548828,2.0,2.0,24.77777862548828,1,23.66560173034668,23.66666603088379,2.0,2.0,25.66666603088379,0
244,1,244,245,22.222246170043945,22.22222137451172,2.0,3.0,24.22222137451172,0,28.856517791748047,22.22222137451172,2.0,3.0,24.22222137451172,1,22.222246170043945,22.22222137451172,2.0,3.0,24.22222137451172,0
244,2,244,245,24.998594284057617,25.0,2.0,1.0,27.0,0,25.96609878540039,25.0,2.0,1.0,27.0,0,24.998594284057617,25.0,2.0,1.0,27.0,0
244,3,244,245,24.355607986450195,24.44444465637207,2.0,2.0,26.44444465637207,0,24.914100646972656,23.66666603088379,2.0,2.0,25.66666603088379,0,24.355607986450195,24.44444465637207,2.0,2.0,26.44444465637207,0
245,1,245,246,22.222238540649414,22.22222137451172,2.0,2.0,24.22222137451172,0,28.63055419921875,22.22222137451172,2.0,3.0,24.22222137451172,1,22.222238540649414,22.22222137451172,2.0,2.0,24.22222137451172,0
245,2,245,246,24.99857521057129,25.0,2.0,1.0,27.0,0,26.008007049560547,25.0,2.0,1.0,27.0,0,24.99857521057129,25.0,2.0,1.0,27.0,0
245,3,245,246,24.44444465637207,24.44444465637207,2.0,2.0,26.44444465637207,0,25.105703353881836,24.44444465637207,2.0,2.0,26.44444465637207,0,24.44444465637207,24.44444465637207,2.0,2.0,26.44444465637207,0
246,1,246,247,22.22223472595215,22.22222137451172,2.0,2.0,24.22222137451172,0,28.31993865966797,22.22222137451172,2.0,2.0,24.22222137451172,1,22.22223472595215,22.22222137451172,2.0,2.0,24.22222137451172,0
246,2,246,247,24.99794578552246,25.0,2.0,1.0,27.0,0,26.001262664794922,25.0,2.0,1.0,27.0,0,24.99794578552246,25.0,2.0,1.0,27.0,0
246,3,246,247,24.444454193115234,24.44444465637207,2.0,2.0,26.44444465637207,0,24.999488830566406,24.44444465637207,2.0,2.0,26.44444465637207,0,24.444454193115234,24.44444465637207,2.0,2.0,26.44444465637207,0
247,1,247,248,22.331750869750977,22.33333396911621,2.0,1.0,24.33333396911621,0,28.221206665039062,22.22222137451172,2.0,2.0,24.22222137451172,1,22.331750869750977,22.33333396911621,2.0,1.0,24.33333396911621,0
247,2,247,248,24.01565933227539,24.0,2.0,1.0,26.0,0,26.325969696044922,25.0,2.0,1.0,27.0,0,24.01565933227539,24.0,2.0,1.0,26.0,0
247,3,247,248,24.44446563720703,24.44444465637207,2.0,1.0,26.44444465637207,0,25.105318069458008,24.44444465637207,2.0,2.0,26.44444465637207,0,24.44446563720703,24.44444465637207,2.0,1.0,26.44444465637207,0
248,1,248,249,22.224451065063477,22.22222137451172,2.0,1.0,24.22222137451172,0,28.063079833984375,22.33333396911621,2.0,1.0,24.33333396911621,1,22.224451065063477,22.22222137451172,2.0,1.0,24.22222137451172,0
248,2,248,249,23.883134841918945,23.88888931274414,2.0,1.0,25.88888931274414,0,26.00514030456543,24.0,2.0,1.0,26.0,1,23.883134841918945,23.88888931274414,2.0,1.0,25.88888931274414,0
248,3,248,249,24.444448471069336,24.44444465637207,2.0,1.0,26.44444465637207,0,25.300111770629883,24.44444465637207,2.0,1.0,26.44444465637207,0,24.444448471069336,24.44444465637207,2.0,1.0,26.44444465637207,0
249,1,249,250,23.322967529296875,23.33333396911621,2.0,1.0,25.33333396911621,0,28.12240982055664,22.22222137451172,2.0,1.0,24.22222137451172,1,23.322967529296875,23.33333396911621,2.0,1.0,25.33333396911621,0
249,2,249,250,24.384187698364258,24.38888931274414,2.0,1.0,26.38888931274414,0,26.104049682617188,23.88888931274414,2.0,1.0,25.88888931274414,1,24.384187698364258,24.38888931274414,2.0,1.0,26.38888931274414,0
249,3,249,250,24.444448471069336,24.44444465637207,2.0,0.0,26.44444465637207,0,25.466766357421875,24.44444465637207,2.0,1.0,26.44444465637207,0,24.444448471069336,24.44444465637207,2.0,0.0,26.44444465637207,0
250,1,250,251,23.88824462890625,23.88888931274414,2.0,1.0,25.88888931274414,0,28.292926788330078,23.33333396911621,2.0,1.0,25.33333396911621,1,23.88824462890625,23.88888931274414,2.0,1.0,25.88888931274414,0
250,2,250,251,23.88869285583496,23.88888931274414,2.0,0.0,25.88888931274414,0,26.631755828857422,24.38888931274414,2.0,1.0,26.38888931274414,1,23.88869285583496,23.88888931274414,2.0,0.0,25.88888931274414,0
250,3,250,251,24.444448471069336,24.44444465637207,2.0,0.0,26.44444465637207,0,25.44845199584961,24.44444465637207,2.0,0.0,26.44444465637207,0,24.444448471069336,24.44444465637207,2.0,0.0,26.44444465637207,0
251,1,251,252,24.442380905151367,24.44444465637207,2.0,1.0,26.44444465637207,0,28.708572387695312,23.88888931274414,2.0,1.0,25.88888931274414,1,24.442380905151367,24.44444465637207,2.0,1.0,26.44444465637207,0
251,2,251,252,24.438919067382812,24.44444465637207,2.0,0.0,26.44444465637207,0,26.815216064453125,23.88888931274414,2.0,0.0,25.88888931274414,0,24.438919067382812,24.44444465637207,2.0,0.0,26.44444465637207,0
251,3,251,252,24.444448471069336,24.44444465637207,2.0,0.0,26.44444465637207,0,25.48150062561035,24.44444465637207,2.0,0.0,26.44444465637207,0,24.444448471069336,24.44444465637207,2.0,0.0,26.44444465637207,0
252,1,252,253,24.444421768188477,24.44444465637207,2.0,1.0,26.44444465637207,0,29.115283966064453,24.44444465637207,2.0,1.0,26.44444465637207,1,24.444421768188477,24.44444465637207,2.0,1.0,26.44444465637207,0
252,2,252,253,24.992595672607422,25.0,2.0,0.0,27.0,0,27.47833251953125,24.44444465637207,2.0,0.0,26.44444465637207,0,24.992595672607422,25.0,2.0,0.0,27.0,0
252,3,252,253,24.00777244567871,24.0,2.0,0.0,26.0,0,25.625194549560547,24.44444465637207,2.0,0.0,26.44444465637207,0,24.00777244567871,24.0,2.0,0.0,26.0,0
253,1,253,254,24.4444522857666,24.44444465637207,2.0,1.0,26.44444465637207,0,29.69837188720703,24.44444465637207,2.0,1.0,26.44444465637207,1,24.4444522857666,24.44444465637207,2.0,1.0,26.44444465637207,0
253,2,253,254,24.99419403076172,25.0,2.0,0.0,27.0,0,28.608612060546875,25.0,2.0,0.0,27.0,0,24.99419403076172,25.0,2.0,0.0,27.0,0
253,3,253,254,23.894184112548828,23.88888931274414,2.0,0.0,25.88888931274414,0,25.85702133178711,24.0,2.0,0.0,26.0,0,23.894184112548828,23.88888931274414,2.0,0.0,25.88888931274414,0
254,1,254,255,23.80582046508789,23.61111068725586,2.0,1.0,25.61111068725586,0,29.910594940185547,24.44444465637207,2.0,1.0,26.44444465637207,1,23.80582046508789,23.61111068725586,2.0,1.0,25.61111068725586,0
254,2,254,255,24.99150276184082,25.0,2.0,0.0,27.0,0,29.11229705810547,25.0,2.0,0.0,27.0,0,24.99150276184082,25.0,2.0,0.0,27.0,0
254,3,254,255,23.88941192626953,23.88888931274414,2.0,0.0,25.88888931274414,0,26.013431549072266,23.88888931274414,2.0,0.0,25.88888931274414,0,23.88941192626953,23.88888931274414,2.0,0.0,25.88888931274414,0
255,1,255,256,23.344881057739258,23.33333396911621,2.0,1.0,25.33333396911621,0,30.171619415283203,23.61111068725586,2.0,1.0,25.61111068725586,1,23.344881057739258,23.33333396911621,2.0,1.0,25.33333396911621,0
255,2,255,256,24.989742279052734,25.0,2.0,0.0,27.0,0,29.534936904907227,25.0,2.0,0.0,27.0,0,24.989742279052734,25.0,2.0,0.0,27.0,0
255,3,255,256,23.88898277282715,23.88888931274414,2.0,1.0,25.88888931274414,0,26.349536895751953,23.88888931274414,2.0,0.0,25.88888931274414,0,23.88898277282715,23.88888931274414,2.0,1.0,25.88888931274414,0
256,1,256,257,24.133943557739258,24.16666603088379,2.0,1.0,26.16666603088379,0,30.442188262939453,23.33333396911621,2.0,1.0,25.33333396911621,1,24.133943557739258,24.16666603088379,2.0,1.0,26.16666603088379,0
256,2,256,257,24.992206573486328,25.0,2.0,0.0,27.0,0,29.88174057006836,25.0,2.0,0.0,27.0,0,24.992206573486328,25.0,2.0,0.0,27.0,0
256,3,256,257,23.682449340820312,23.66666603088379,2.0,1.0,25.66666603088379,0,26.849685668945312,23.88888931274414,2.0,1.0,25.88888931274414,1,23.682449340820312,23.66666603088379,2.0,1.0,25.66666603088379,0
257,1,257,258,24.41168212890625,24.44444465637207,2.0,1.0,26.44444465637207,0,30.729446411132812,24.16666603088379,2.0,1.0,26.16666603088379,1,24.41168212890625,24.44444465637207,2.0,1.0,26.44444465637207,0
257,2,257,258,24.99456787109375,25.0,2.0,0.0,27.0,0,30.23774528503418,25.0,2.0,0.0,27.0,0,24.99456787109375,25.0,2.0,0.0,27.0,0
257,3,257,258,24.435012817382812,24.44444465637207,2.0,1.0,26.44444465637207,0,27.185382843017578,23.66666603088379,2.0,1.0,25.66666603088379,1,24.435012817382812,24.44444465637207,2.0,1.0,26.44444465637207,0
258,1,258,259,24.44375991821289,24.44444465637207,2.0,2.0,26.44444465637207,0,30.8428955078125,24.44444465637207,2.0,1.0,26.44444465637207,1,24.44375991821289,24.44444465637207,2.0,2.0,26.44444465637207,0
258,2,258,259,24.996238708496094,25.0,2.0,0.0,27.0,0,30.20401382446289,25.0,2.0,0.0,27.0,0,24.996238708496094,25.0,2.0,0.0,27.0,0
258,3,258,259,23.899097442626953,23.88888931274414,2.0,2.0,25.88888931274414,0,27.542001724243164,24.44444465637207,2.0,1.0,26.44444465637207,1,23.899097442626953,23.88888931274414,2.0,2.0,25.88888931274414,0
259,1,259,260,24.44444465637207,24.44444465637207,2.0,2.0,26.44444465637207,0,31.132259368896484,24.44444465637207,2.0,2.0,26.44444465637207,1,24.44444465637207,24.44444465637207,2.0,2.0,26.44444465637207,0
259,2,259,260,24.99757957458496,25.0,2.0,0.0,27.0,0,30.407682418823242,25.0,2.0,0.0,27.0,0,24.99757957458496,25.0,2.0,0.0,27.0,0
259,3,259,260,23.341796875,23.33333396911621,2.0,2.0,25.33333396911621,0,27.81004524230957,23.88888931274414,2.0,2.0,25.88888931274414,1,23.341796875,23.33333396911621,2.0,2.0,25.33333396911621,0
260,1,260,261,24.4444522857666,24.44444465637207,2.0,2.0,26.44444465637207,0,30.43297576904297,24.44444465637207,2.0,2.0,26.44444465637207,1,24.4444522857666,24.44444465637207,2.0,2.0,26.44444465637207,0
260,2,260,261,24.99789047241211,25.0,2.0,1.0,27.0,0,28.814224243164062,25.0,2.0,0.0,27.0,0,24.99789047241211,25.0,2.0,1.0,27.0,0
260,3,260,261,23.33344268798828,23.33333396911621,2.0,2.0,25.33333396911621,0,27.27998924255371,23.33333396911621,2.0,2.0,25.33333396911621,1,23.33344268798828,23.33333396911621,2.0,2.0,25.33333396911621,0
261,1,261,262,24.4444522857666,24.44444465637207,2.0,2.0,26.44444465637207,0,30.172576904296875,24.44444465637207,2.0,2.0,26.44444465637207,1,24.4444522857666,24.44444465637207,2.0,2.0,26.44444465637207,0
261,2,261,262,24.998048782348633,25.0,2.0,1.0,27.0,0,28.42792510986328,25.0,2.0,1.0,27.0,1,24.998048782348633,25.0,2.0,1.0,27.0,0
261,3,261,262,23.333341598510742,23.33333396911621,2.0,2.0,25.33333396911621,0,27.06514549255371,23.33333396911621,2.0,2.0,25.33333396911621,1,23.333341598510742,23.33333396911621,2.0,2.0,25.33333396911621,0
262,1,262,263,24.444454193115234,24.44444465637207,2.0,3.0,26.44444465637207,0,29.340450286865234,24.44444465637207,2.0,2.0,26.44444465637207,1,24.444454193115234,24.44444465637207,2.0,3.0,26.44444465637207,0
262,2,262,263,24.612041473388672,24.61111068725586,2.0,1.0,26.61111068725586,0,26.913021087646484,25.0,2.0,1.0,27.0,0,24.612041473388672,24.61111068725586,2.0,1.0,26.61111068725586,0
262,3,262,263,23.773921966552734,23.77777862548828,2.0,2.0,25.77777862548828,0,26.539134979248047,23.33333396911621,2.0,2.0,25.33333396911621,1,23.773921966552734,23.77777862548828,2.0,2.0,25.77777862548828,0
263,1,263,264,22.866493225097656,22.77777862548828,2.0,3.0,24.77777862548828,0,29.065589904785156,24.44444465637207,2.0,3.0,26.44444465637207,1,22.866493225097656,22.77777862548828,2.0,3.0,24.77777862548828,0
263,2,263,264,23.89933204650879,23.88888931274414,2.0,1.0,25.88888931274414,0,26.262889862060547,24.61111068725586,2.0,1.0,26.61111068725586,0,23.89933204650879,23.88888931274414,2.0,1.0,25.88888931274414,0
263,3,263,264,24.44158935546875,24.44444465637207,2.0,2.0,26.44444465637207,0,26.23428726196289,23.77777862548828,2.0,2.0,25.77777862548828,1,24.44158935546875,24.44444465637207,2.0,2.0,26.44444465637207,0
264,1,264,265,23.218942642211914,23.22222137451172,2.0,3.0,25.22222137451172,0,29.405696868896484,22.77777862548828,2.0,3.0,24.77777862548828,1,23.218942642211914,23.22222137451172,2.0,3.0,25.22222137451172,0
264,2,264,265,22.813814163208008,22.77777862548828,2.0,1.0,24.77777862548828,0,25.968387603759766,23.88888931274414,2.0,1.0,25.88888931274414,1,22.813814163208008,22.77777862548828,2.0,1.0,24.77777862548828,0
264,3,264,265,24.444398880004883,24.44444465637207,2.0,2.0,26.44444465637207,0,25.826318740844727,24.44444465637207,2.0,2.0,26.44444465637207,0,24.444398880004883,24.44444465637207,2.0,2.0,26.44444465637207,0
265,1,265,266,22.314739227294922,22.22222137451172,2.0,3.0,24.22222137451172,0,29.123741149902344,23.22222137451172,2.0,3.0,25.22222137451172,1,22.314739227294922,22.22222137451172,2.0,3.0,24.22222137451172,0
265,2,265,266,23.545297622680664,23.55555534362793,2.0,1.0,25.55555534362793,0,25.74787712097168,22.77777862548828,2.0,1.0,24.77777862548828,1,23.545297622680664,23.55555534362793,2.0,1.0,25.55555534362793,0
265,3,265,266,24.17917251586914,24.16666603088379,2.0,2.0,26.16666603088379,0,25.78250503540039,24.44444465637207,2.0,2.0,26.44444465637207,0,24.17917251586914,24.16666603088379,2.0,2.0,26.16666603088379,0
266,1,266,267,22.224973678588867,22.22222137451172,2.0,3.0,24.22222137451172,0,29.289859771728516,22.22222137451172,2.0,3.0,24.22222137451172,1,22.224973678588867,22.22222137451172,2.0,3.0,24.22222137451172,0
266,2,266,267,24.44978904724121,25.0,2.0,1.0,27.0,0,26.118656158447266,23.55555534362793,2.0,1.0,25.55555534362793,1,24.44978904724121,25.0,2.0,1.0,27.0,0
266,3,266,267,23.904064178466797,23.88888931274414,2.0,2.0,25.88888931274414,0,25.466171264648438,24.16666603088379,2.0,2.0,26.16666603088379,0,23.904064178466797,23.88888931274414,2.0,2.0,25.88888931274414,0
267,1,267,268,22.222549438476562,22.22222137451172,2.0,3.0,24.22222137451172,0,29.107364654541016,22.22222137451172,2.0,3.0,24.22222137451172,1,22.222549438476562,22.22222137451172,2.0,3.0,24.22222137451172,0
267,2,267,268,24.797313690185547,25.0,2.0,1.0,27.0,0,26.434642791748047,25.0,2.0,1.0,27.0,0,24.797313690185547,25.0,2.0,1.0,27.0,0
267,3,267,268,23.889463424682617,23.88888931274414,2.0,2.0,25.88888931274414,0,25.170879364013672,23.88888931274414,2.0,2.0,25.88888931274414,0,23.889463424682617,23.88888931274414,2.0,2.0,25.88888931274414,0
268,1,268,269,22.22220802307129,22.22222137451172,2.0,3.0,24.22222137451172,0,28.932022094726562,22.22222137451172,2.0,3.0,24.22222137451172,1,22.22220802307129,22.22222137451172,2.0,3.0,24.22222137451172,0
268,2,268,269,24.999265670776367,25.0,2.0,1.0,27.0,0,26.47994613647461,25.0,2.0,1.0,27.0,0,24.999265670776367,25.0,2.0,1.0,27.0,0
268,3,268,269,23.888805389404297,23.88888931274414,2.0,2.0,25.88888931274414,0,25.034015655517578,23.88888931274414,2.0,2.0,25.88888931274414,0,23.888805389404297,23.88888931274414,2.0,2.0,25.88888931274414,0
269,1,269,270,22.22223663330078,22.22222137451172,2.0,3.0,24.22222137451172,0,28.74272346496582,22.22222137451172,2.0,3.0,24.22222137451172,1,22.22223663330078,22.22222137451172,2.0,3.0,24.22222137451172,0
269,2,269,270,24.99957847595215,25.0,2.0,1.0,27.0,0,26.39047622680664,25.0,2.0,1.0,27.0,0,24.99957847595215,25.0,2.0,1.0,27.0,0
269,3,269,270,23.888811111450195,23.88888931274414,2.0,2.0,25.88888931274414,0,24.941171646118164,23.88888931274414,2.0,2.0,25.88888931274414,0,23.888811111450195,23.88888931274414,2.0,2.0,25.88888931274414,0
270,1,270,271,22.222232818603516,22.22222137451172,2.0,2.0,24.22222137451172,0,28.54214859008789,22.22222137451172,2.0,3.0,24.22222137451172,1,22.222232818603516,22.22222137451172,2.0,2.0,24.22222137451172,0
270,2,270,271,24.99798583984375,25.0,2.0,1.0,27.0,0,26.230201721191406,25.0,2.0,1.0,27.0,0,24.99798583984375,25.0,2.0,1.0,27.0,0
270,3,270,271,24.162952423095703,24.16666603088379,2.0,1.0,26.16666603088379,0,24.864887237548828,23.88888931274414,2.0,2.0,25.88888931274414,0,24.162952423095703,24.16666603088379,2.0,1.0,26.16666603088379,0
271,1,271,272,22.33220100402832,22.33333396911621,2.0,2.0,24.33333396911621,0,28.543777465820312,22.22222137451172,2.0,2.0,24.22222137451172,1,22.33220100402832,22.33333396911621,2.0,2.0,24.33333396911621,0
271,2,271,272,24.99756622314453,25.0,2.0,1.0,27.0,0,26.576183319091797,25.0,2.0,1.0,27.0,0,24.99756622314453,25.0,2.0,1.0,27.0,0
271,3,271,272,24.44388771057129,24.44444465637207,2.0,1.0,26.44444465637207,0,25.167875289916992,24.16666603088379,2.0,1.0,26.16666603088379,0,24.44388771057129,24.44444465637207,2.0,1.0,26.44444465637207,0
272,1,272,273,24.30854606628418,24.44444465637207,2.0,1.0,26.44444465637207,0,28.342350006103516,22.33333396911621,2.0,2.0,24.33333396911621,1,24.30854606628418,24.44444465637207,2.0,1.0,26.44444465637207,0
272,2,272,273,24.997377395629883,25.0,2.0,1.0,27.0,0,26.437335968017578,25.0,2.0,1.0,27.0,0,24.997377395629883,25.0,2.0,1.0,27.0,0
272,3,272,273,23.893680572509766,23.88888931274414,2.0,1.0,25.88888931274414,0,25.436481475830078,24.44444465637207,2.0,1.0,26.44444465637207,0,23.893680572509766,23.88888931274414,2.0,1.0,25.88888931274414,0
273,1,273,274,24.444360733032227,24.44444465637207,2.0,1.0,26.44444465637207,0,28.535144805908203,24.44444465637207,2.0,1.0,26.44444465637207,1,24.444360733032227,24.44444465637207,2.0,1.0,26.44444465637207,0
273,2,273,274,24.995765686035156,25.0,2.0,1.0,27.0,0,26.715065002441406,25.0,2.0,1.0,27.0,0,24.995765686035156,25.0,2.0,1.0,27.0,0
273,3,273,274,23.88892364501953,23.88888931274414,2.0,1.0,25.88888931274414,0,25.37138557434082,23.88888931274414,2.0,1.0,25.88888931274414,0,23.88892364501953,23.88888931274414,2.0,1.0,25.88888931274414,0
274,1,274,275,24.444448471069336,24.44444465637207,2.0,1.0,26.44444465637207,0,28.792343139648438,24.44444465637207,2.0,1.0,26.44444465637207,1,24.444448471069336,24.44444465637207,2.0,1.0,26.44444465637207,0
274,2,274,275,24.99741554260254,25.0,2.0,0.0,27.0,0,27.087688446044922,25.0,2.0,1.0,27.0,1,24.99741554260254,25.0,2.0,0.0,27.0,0
274,3,274,275,23.888893127441406,23.88888931274414,2.0,0.0,25.88888931274414,0,25.49917984008789,23.88888931274414,2.0,1.0,25.88888931274414,0,23.888893127441406,23.88888931274414,2.0,0.0,25.88888931274414,0
275,1,275,276,24.44445037841797,24.44444465637207,2.0,1.0,26.44444465637207,0,29.1337890625,24.44444465637207,2.0,1.0,26.44444465637207,1,24.44445037841797,24.44444465637207,2.0,1.0,26.44444465637207,0
275,2,275,276,24.99672508239746,25.0,2.0,0.0,27.0,0,27.208251953125,25.0,2.0,0.0,27.0,0,24.99672508239746,25.0,2.0,0.0,27.0,0
275,3,275,276,23.888893127441406,23.88888931274414,2.0,0.0,25.88888931274414,0,25.447975158691406,23.88888931274414,2.0,0.0,25.88888931274414,0,23.888893127441406,23.88888931274414,2.0,0.0,25.88888931274414,0
276,1,276,277,24.444454193115234,24.44444465637207,2.0,1.0,26.44444465637207,0,29.475666046142578,24.44444465637207,2.0,1.0,26.44444465637207,1,24.444454193115234,24.44444465637207,2.0,1.0,26.44444465637207,0
276,2,276,277,24.995655059814453,25.0,2.0,0.0,27.0,0,28.0062255859375,25.0,2.0,0.0,27.0,0,24.995655059814453,25.0,2.0,0.0,27.0,0
276,3,276,277,23.88889503479004,23.88888931274414,2.0,1.0,25.88888931274414,0,25.67290496826172,23.88888931274414,2.0,0.0,25.88888931274414,0,23.88889503479004,23.88888931274414,2.0,1.0,25.88888931274414,0
277,1,277,278,24.444456100463867,24.44444465637207,2.0,1.0,26.44444465637207,0,29.8095703125,24.44444465637207,2.0,1.0,26.44444465637207,1,24.444456100463867,24.44444465637207,2.0,1.0,26.44444465637207,0
277,2,277,278,24.99387550354004,25.0,2.0,0.0,27.0,0,28.335269927978516,25.0,2.0,0.0,27.0,0,24.99387550354004,25.0,2.0,0.0,27.0,0
277,3,277,278,23.888896942138672,23.88888931274414,2.0,1.0,25.88888931274414,0,25.91196632385254,23.88888931274414,2.0,1.0,25.88888931274414,1,23.888896942138672,23.88888931274414,2.0,1.0,25.88888931274414,0
278,1,278,279,24.444456100463867,24.44444465637207,2.0,1.0,26.44444465637207,0,30.08000946044922,24.44444465637207,2.0,1.0,26.44444465637207,1,24.444456100463867,24.44444465637207,2.0,1.0,26.44444465637207,0
278,2,278,279,24.990398406982422,25.0,2.0,0.0,27.0,0,28.97229766845703,25.0,2.0,0.0,27.0,0,24.990398406982422,25.0,2.0,0.0,27.0,0
278,3,278,279,23.888898849487305,23.88888931274414,2.0,0.0,25.88888931274414,0,26.261985778808594,23.88888931274414,2.0,1.0,25.88888931274414,1,23.888898849487305,23.88888931274414,2.0,0.0,25.88888931274414,0
279,1,279,280,24.444454193115234,24.44444465637207,2.0,1.0,26.44444465637207,0,30.491844177246094,24.44444465637207,2.0,1.0,26.44444465637207,1,24.444454193115234,24.44444465637207,2.0,1.0,26.44444465637207,0
279,2,279,280,24.98934555053711,25.0,2.0,0.0,27.0,0,29.63894271850586,25.0,2.0,0.0,27.0,0,24.98934555053711,25.0,2.0,0.0,27.0,0
279,3,279,280,23.888898849487305,23.88888931274414,2.0,0.0,25.88888931274414,0,26.366188049316406,23.88888931274414,2.0,0.0,25.88888931274414,0,23.888898849487305,23.88888931274414,2.0,0.0,25.88888931274414,0
280,1,280,281,24.44445037841797,24.44444465637207,2.0,1.0,26.44444465637207,0,30.911876678466797,24.44444465637207,2.0,1.0,26.44444465637207,1,24.44445037841797,24.44444465637207,2.0,1.0,26.44444465637207,0
280,2,280,281,24.990875244140625,25.0,2.0,0.0,27.0,0,30.23078155517578,25.0,2.0,0.0,27.0,0,24.990875244140625,25.0,2.0,0.0,27.0,0
280,3,280,281,23.888896942138672,23.88888931274414,2.0,1.0,25.88888931274414,0,26.67234992980957,23.88888931274414,2.0,0.0,25.88888931274414,0,23.888896942138672,23.88888931274414,2.0,1.0,25.88888931274414,0
281,1,281,282,24.444448471069336,24.44444465637207,2.0,3.0,26.44444465637207,0,31.155033111572266,24.44444465637207,2.0,1.0,26.44444465637207,1,24.444448471069336,24.44444465637207,2.0,3.0,26.44444465637207,0
281,2,281,282,24.9930477142334,25.0,2.0,1.0,27.0,0,30.567291259765625,25.0,2.0,0.0,27.0,0,24.9930477142334,25.0,2.0,1.0,27.0,0
281,3,281,282,24.43330955505371,24.44444465637207,2.0,1.0,26.44444465637207,0,27.111495971679688,23.88888931274414,2.0,1.0,25.88888931274414,1,24.43330955505371,24.44444465637207,2.0,1.0,26.44444465637207,0
282,1,282,283,24.444482803344727,24.44444465637207,2.0,2.0,26.44444465637207,0,31.5203857421875,24.44444465637207,2.0,3.0,26.44444465637207,1,24.444482803344727,24.44444465637207,2.0,2.0,26.44444465637207,0
282,2,282,283,24.995943069458008,25.0,2.0,1.0,27.0,0,30.926517486572266,25.0,2.0,1.0,27.0,1,24.995943069458008,25.0,2.0,1.0,27.0,0
282,3,282,283,24.444299697875977,24.44444465637207,2.0,2.0,26.44444465637207,0,27.440391540527344,24.44444465637207,2.0,1.0,26.44444465637207,1,24.444299697875977,24.44444465637207,2.0,2.0,26.44444465637207,0
283,1,283,284,24.44445037841797,24.44444465637207,2.0,2.0,26.44444465637207,0,31.656970977783203,24.44444465637207,2.0,2.0,26.44444465637207,1,24.44445037841797,24.44444465637207,2.0,2.0,26.44444465637207,0
283,2,283,284,24.997621536254883,25.0,2.0,1.0,27.0,0,31.08880615234375,25.0,2.0,1.0,27.0,1,24.997621536254883,25.0,2.0,1.0,27.0,0
283,3,283,284,24.444446563720703,24.44444465637207,2.0,2.0,26.44444465637207,0,27.819503784179688,24.44444465637207,2.0,2.0,26.44444465637207,1,24.444446563720703,24.44444465637207,2.0,2.0,26.44444465637207,0
284,1,284,285,24.4444522857666,24.44444465637207,2.0,2.0,26.44444465637207,0,30.900955200195312,24.44444465637207,2.0,2.0,26.44444465637207,1,24.4444522857666,24.44444465637207,2.0,2.0,26.44444465637207,0
284,2,284,285,24.997879028320312,25.0,2.0,1.0,27.0,0,29.46153450012207,25.0,2.0,1.0,27.0,1,24.997879028320312,25.0,2.0,1.0,27.0,0
284,3,284,285,24.444448471069336,24.44444465637207,2.0,2.0,26.44444465637207,0,27.440078735351562,24.44444465637207,2.0,2.0,26.44444465637207,1,24.444448471069336,24.44444465637207,2.0,2.0,26.44444465637207,0
285,1,285,286,24.444461822509766,24.44444465637207,2.0,3.0,26.44444465637207,0,30.542865753173828,24.44444465637207,2.0,2.0,26.44444465637207,1,24.444461822509766,24.44444465637207,2.0,3.0,26.44444465637207,0
285,2,285,286,24.831863403320312,24.83333396911621,2.0,1.0,26.83333396911621,0,28.659740447998047,25.0,2.0,1.0,27.0,1,24.831863403320312,24.83333396911621,2.0,1.0,26.83333396911621,0
285,3,285,286,23.635025024414062,23.61111068725586,2.0,2.0,25.61111068725586,0,27.327556610107422,24.44444465637207,2.0,2.0,26.44444465637207,1,23.635025024414062,23.61111068725586,2.0,2.0,25.61111068725586,0
286,1,286,287,24.444454193115234,24.44444465637207,2.0,2.0,26.44444465637207,0,30.040077209472656,24.44444465637207,2.0,3.0,26.44444465637207,1,24.444454193115234,24.44444465637207,2.0,2.0,26.44444465637207,0
286,2,286,287,23.468442916870117,23.44444465637207,2.0,1.0,25.44444465637207,0,27.366348266601562,24.83333396911621,2.0,1.0,26.83333396911621,1,23.468442916870117,23.44444465637207,2.0,1.0,25.44444465637207,0
286,3,286,287,23.39468765258789,23.38888931274414,2.0,2.0,25.38888931274414,0,26.84012794494629,23.61111068725586,2.0,2.0,25.61111068725586,1,23.39468765258789,23.38888931274414,2.0,2.0,25.38888931274414,0
287,1,287,288,22.335311889648438,22.22222137451172,2.0,3.0,24.22222137451172,0,29.315208435058594,24.44444465637207,2.0,2.0,26.44444465637207,1,22.335311889648438,22.22222137451172,2.0,3.0,24.22222137451172,0
287,2,287,288,23.995119094848633,24.0,2.0,1.0,26.0,0,26.042648315429688,23.44444465637207,2.0,1.0,25.44444465637207,1,23.995119094848633,24.0,2.0,1.0,26.0,0
287,3,287,288,24.44115447998047,24.44444465637207,2.0,2.0,26.44444465637207,0,26.32758903503418,23.38888931274414,2.0,2.0,25.38888931274414,1,24.44115447998047,24.44444465637207,2.0,2.0,26.44444465637207,0
288,1,288,289,23.276456832885742,23.27777862548828,2.0,3.0,25.27777862548828,0,30.249675750732422,22.22222137451172,2.0,3.0,24.22222137451172,1,23.276456832885742,23.27777862548828,2.0,3.0,25.27777862548828,0
288,2,288,289,24.867177963256836,25.0,2.0,1.0,27.0,0,26.334543228149414,24.0,2.0,1.0,26.0,1,24.867177963256836,25.0,2.0,1.0,27.0,0
288,3,288,289,24.44438362121582,24.44444465637207,2.0,2.0,26.44444465637207,0,26.10746955871582,24.44444465637207,2.0,2.0,26.44444465637207,0,24.44438362121582,24.44444465637207,2.0,2.0,26.44444465637207,0
289,1,289,290,22.31410026550293,22.22222137451172,2.0,3.0,24.22222137451172,0,29.766910552978516,23.27777862548828,2.0,3.0,25.27777862548828,1,22.31410026550293,22.22222137451172,2.0,3.0,24.22222137451172,0
289,2,289,290,24.993261337280273,25.0,2.0,1.0,27.0,0,26.164775848388672,25.0,2.0,1.0,27.0,0,24.993261337280273,25.0,2.0,1.0,27.0,0
289,3,289,290,24.444433212280273,24.44444465637207,2.0,2.0,26.44444465637207,0,26.109603881835938,24.44444465637207,2.0,2.0,26.44444465637207,0,24.444433212280273,24.44444465637207,2.0,2.0,26.44444465637207,0
290,1,290,291,22.225513458251953,22.22222137451172,2.0,3.0,24.22222137451172,0,29.444965362548828,22.22222137451172,2.0,3.0,24.22222137451172,1,22.225513458251953,22.22222137451172,2.0,3.0,24.22222137451172,0
290,2,290,291,24.99907875061035,25.0,2.0,1.0,27.0,0,25.743976593017578,25.0,2.0,1.0,27.0,0,24.99907875061035,25.0,2.0,1.0,27.0,0
290,3,290,291,24.444427490234375,24.44444465637207,2.0,2.0,26.44444465637207,0,25.690967559814453,24.44444465637207,2.0,2.0,26.44444465637207,0,24.444427490234375,24.44444465637207,2.0,2.0,26.44444465637207,0
291,1,291,292,22.222579956054688,22.22222137451172,2.0,3.0,24.22222137451172,0,29.487445831298828,22.22222137451172,2.0,3.0,24.22222137451172,1,22.222579956054688,22.22222137451172,2.0,3.0,24.22222137451172,0
291,2,291,292,24.999311447143555,25.0,2.0,1.0,27.0,0,25.788862228393555,25.0,2.0,1.0,27.0,0,24.999311447143555,25.0,2.0,1.0,27.0,0
291,3,291,292,24.444448471069336,24.44444465637207,2.0,2.0,26.44444465637207,0,25.46625328063965,24.44444465637207,2.0,2.0,26.44444465637207,0,24.444448471069336,24.44444465637207,2.0,2.0,26.44444465637207,0
292,1,292,293,22.222261428833008,22.22222137451172,2.0,3.0,24.22222137451172,0,29.261795043945312,22.22222137451172,2.0,3.0,24.22222137451172,1,22.222261428833008,22.22222137451172,2.0,3.0,24.22222137451172,0
292,2,292,293,24.999265670776367,25.0,2.0,1.0,27.0,0,25.587400436401367,25.0,2.0,1.0,27.0,0,24.999265670776367,25.0,2.0,1.0,27.0,0
292,3,292,293,24.44440269470215,24.44444465637207,2.0,2.0,26.44444465637207,0,25.29391098022461,24.44444465637207,2.0,2.0,26.44444465637207,0,24.44440269470215,24.44444465637207,2.0,2.0,26.44444465637207,0
293,1,293,294,22.222238540649414,22.22222137451172,2.0,3.0,24.22222137451172,0,29.08578109741211,22.22222137451172,2.0,3.0,24.22222137451172,1,22.222238540649414,22.22222137451172,2.0,3.0,24.22222137451172,0
293,2,293,294,24.99943733215332,25.0,2.0,1.0,27.0,0,25.43126678466797,25.0,2.0,1.0,27.0,0,24.99943733215332,25.0,2.0,1.0,27.0,0
293,3,293,294,24.44445037841797,24.44444465637207,2.0,2.0,26.44444465637207,0,25.209644317626953,24.44444465637207,2.0,2.0,26.44444465637207,0,24.44445037841797,24.44444465637207,2.0,2.0,26.44444465637207,0
294,1,294,295,22.222230911254883,22.22222137451172,2.0,2.0,24.22222137451172,0,28.928714752197266,22.22222137451172,2.0,3.0,24.22222137451172,1,22.222230911254883,22.22222137451172,2.0,2.0,24.22222137451172,0
294,2,294,295,24.998353958129883,25.0,2.0,1.0,27.0,0,25.290294647216797,25.0,2.0,1.0,27.0,0,24.998353958129883,25.0,2.0,1.0,27.0,0
294,3,294,295,24.4444522857666,24.44444465637207,2.0,1.0,26.44444465637207,0,25.187110900878906,24.44444465637207,2.0,2.0,26.44444465637207,0,24.4444522857666,24.44444465637207,2.0,1.0,26.44444465637207,0
295,1,295,296,22.277355194091797,22.27777862548828,2.0,1.0,24.27777862548828,0,29.048053741455078,22.22222137451172,2.0,2.0,24.22222137451172,1,22.277355194091797,22.27777862548828,2.0,1.0,24.27777862548828,0
295,2,295,296,24.998056411743164,25.0,2.0,1.0,27.0,0,25.755168914794922,25.0,2.0,1.0,27.0,0,24.998056411743164,25.0,2.0,1.0,27.0,0
295,3,295,296,24.444448471069336,24.44444465637207,2.0,0.0,26.44444465637207,0,25.433252334594727,24.44444465637207,2.0,1.0,26.44444465637207,0,24.444448471069336,24.44444465637207,2.0,0.0,26.44444465637207,0
296,1,296,297,22.222644805908203,22.22222137451172,2.0,1.0,24.22222137451172,0,28.796207427978516,22.27777862548828,2.0,1.0,24.27777862548828,1,22.222644805908203,22.22222137451172,2.0,1.0,24.22222137451172,0
296,2,296,297,24.998294830322266,25.0,2.0,0.0,27.0,0,25.785884857177734,25.0,2.0,1.0,27.0,0,24.998294830322266,25.0,2.0,0.0,27.0,0
296,3,296,297,24.00261116027832,24.0,2.0,0.0,26.0,0,25.45061492919922,24.44444465637207,2.0,0.0,26.44444465637207,0,24.00261116027832,24.0,2.0,0.0,26.0,0
297,1,297,298,24.305679321289062,24.44444465637207,2.0,1.0,26.44444465637207,0,28.908775329589844,22.22222137451172,2.0,1.0,24.22222137451172,1,24.305679321289062,24.44444465637207,2.0,1.0,26.44444465637207,0
297,2,297,298,24.998458862304688,25.0,2.0,0.0,27.0,0,25.75646209716797,25.0,2.0,0.0,27.0,0,24.998458862304688,25.0,2.0,0.0,27.0,0
297,3,297,298,23.889270782470703,23.88888931274414,2.0,0.0,25.88888931274414,0,25.172391891479492,24.0,2.0,0.0,26.0,0,23.889270782470703,23.88888931274414,2.0,0.0,25.88888931274414,0
298,1,298,299,24.444414138793945,24.44444465637207,2.0,2.0,26.44444465637207,0,29.29831314086914,24.44444465637207,2.0,1.0,26.44444465637207,1,24.444414138793945,24.44444465637207,2.0,2.0,26.44444465637207,0
298,2,298,299,24.998281478881836,25.0,2.0,0.0,27.0,0,26.104354858398438,25.0,2.0,0.0,27.0,0,24.998281478881836,25.0,2.0,0.0,27.0,0
298,3,298,299,23.888893127441406,23.88888931274414,2.0,0.0,25.88888931274414,0,25.01073455810547,23.88888931274414,2.0,0.0,25.88888931274414,0,23.888893127441406,23.88888931274414,2.0,0.0,25.88888931274414,0
299,1,299,300,24.444448471069336,24.44444465637207,2.0,2.0,26.44444465637207,0,29.851703643798828,24.44444465637207,2.0,2.0,26.44444465637207,1,24.444448471069336,24.44444465637207,2.0,2.0,26.44444465637207,0
299,2,299,300,24.99766731262207,25.0,2.0,0.0,27.0,0,26.622814178466797,25.0,2.0,0.0,27.0,0,24.99766731262207,25.0,2.0,0.0,27.0,0
299,3,299,300,23.888893127441406,23.88888931274414,2.0,0.0,25.88888931274414,0,24.99519920349121,23.88888931274414,2.0,0.0,25.88888931274414,0,23.888893127441406,23.88888931274414,2.0,0.0,25.88888931274414,0
300,1,300,301,24.44445037841797,24.44444465637207,2.0,2.0,26.44444465637207,0,30.069007873535156,24.44444465637207,2.0,2.0,26.44444465637207,1,24.44445037841797,24.44444465637207,2.0,2.0,26.44444465637207,0
300,2,300,301,24.99659538269043,25.0,2.0,0.0,27.0,0,26.88089370727539,25.0,2.0,0.0,27.0,0,24.99659538269043,25.0,2.0,0.0,27.0,0
300,3,300,301,23.88889503479004,23.88888931274414,2.0,0.0,25.88888931274414,0,25.068737030029297,23.88888931274414,2.0,0.0,25.88888931274414,0,23.88889503479004,23.88888931274414,2.0,0.0,25.88888931274414,0
301,1,301,302,24.444454193115234,24.44444465637207,2.0,2.0,26.44444465637207,0,30.43271255493164,24.44444465637207,2.0,2.0,26.44444465637207,1,24.444454193115234,24.44444465637207,2.0,2.0,26.44444465637207,0
301,2,301,302,24.995542526245117,25.0,2.0,0.0,27.0,0,27.419631958007812,25.0,2.0,0.0,27.0,0,24.995542526245117,25.0,2.0,0.0,27.0,0
301,3,301,302,23.888896942138672,23.88888931274414,2.0,0.0,25.88888931274414,0,25.15831756591797,23.88888931274414,2.0,0.0,25.88888931274414,0,23.888896942138672,23.88888931274414,2.0,0.0,25.88888931274414,0
302,1,302,303,24.4444580078125,24.44444465637207,2.0,2.0,26.44444465637207,0,30.668331146240234,24.44444465637207,2.0,2.0,26.44444465637207,1,24.4444580078125,24.44444465637207,2.0,2.0,26.44444465637207,0
302,2,302,303,23.479848861694336,23.33333396911621,2.0,0.0,25.33333396911621,0,27.818893432617188,25.0,2.0,0.0,27.0,0,23.479848861694336,23.33333396911621,2.0,0.0,25.33333396911621,0
302,3,302,303,23.888898849487305,23.88888931274414,2.0,0.0,25.88888931274414,0,25.273571014404297,23.88888931274414,2.0,0.0,25.88888931274414,0,23.888898849487305,23.88888931274414,2.0,0.0,25.88888931274414,0
303,1,303,304,24.444454193115234,24.44444465637207,2.0,3.0,26.44444465637207,0,31.19314956665039,24.44444465637207,2.0,2.0,26.44444465637207,1,24.444454193115234,24.44444465637207,2.0,3.0,26.44444465637207,0
303,2,303,304,23.341636657714844,23.33333396911621,2.0,0.0,25.33333396911621,0,28.73981475830078,23.33333396911621,2.0,0.0,25.33333396911621,0,23.341636657714844,23.33333396911621,2.0,0.0,25.33333396911621,0
303,3,303,304,23.888900756835938,23.88888931274414,2.0,1.0,25.88888931274414,0,25.63225555419922,23.88888931274414,2.0,0.0,25.88888931274414,0,23.888900756835938,23.88888931274414,2.0,1.0,25.88888931274414,0
304,1,304,305,24.44445037841797,24.44444465637207,2.0,3.0,26.44444465637207,0,31.606704711914062,24.44444465637207,2.0,3.0,26.44444465637207,1,24.44445037841797,24.44444465637207,2.0,3.0,26.44444465637207,0
304,2,304,305,24.987533569335938,25.0,2.0,0.0,27.0,0,29.29901123046875,23.33333396911621,2.0,0.0,25.33333396911621,0,24.987533569335938,25.0,2.0,0.0,27.0,0
304,3,304,305,23.888896942138672,23.88888931274414,2.0,2.0,25.88888931274414,0,26.204315185546875,23.88888931274414,2.0,1.0,25.88888931274414,1,23.888896942138672,23.88888931274414,2.0,2.0,25.88888931274414,0
305,1,305,306,24.444448471069336,24.44444465637207,2.0,3.0,26.44444465637207,0,31.880634307861328,24.44444465637207,2.0,3.0,26.44444465637207,1,24.444448471069336,24.44444465637207,2.0,3.0,26.44444465637207,0
305,2,305,306,24.995960235595703,25.0,2.0,0.0,27.0,0,29.530048370361328,25.0,2.0,0.0,27.0,0,24.995960235595703,25.0,2.0,0.0,27.0,0
305,3,305,306,24.271202087402344,24.27777862548828,2.0,1.0,26.27777862548828,0,26.86339569091797,23.88888931274414,2.0,2.0,25.88888931274414,1,24.271202087402344,24.27777862548828,2.0,1.0,26.27777862548828,0
306,1,306,307,24.444448471069336,24.44444465637207,2.0,3.0,26.44444465637207,0,31.984668731689453,24.44444465637207,2.0,3.0,26.44444465637207,1,24.444448471069336,24.44444465637207,2.0,3.0,26.44444465637207,0
306,2,306,307,24.996950149536133,25.0,2.0,1.0,27.0,0,29.568416595458984,25.0,2.0,0.0,27.0,0,24.996950149536133,25.0,2.0,1.0,27.0,0
306,3,306,307,23.893789291381836,23.88888931274414,2.0,1.0,25.88888931274414,0,27.1363582611084,24.27777862548828,2.0,1.0,26.27777862548828,1,23.893789291381836,23.88888931274414,2.0,1.0,25.88888931274414,0
307,1,307,308,24.44445037841797,24.44444465637207,2.0,3.0,26.44444465637207,0,32.01686477661133,24.44444465637207,2.0,3.0,26.44444465637207,1,24.44445037841797,24.44444465637207,2.0,3.0,26.44444465637207,0
307,2,307,308,24.997995376586914,25.0,2.0,1.0,27.0,0,29.966712951660156,25.0,2.0,1.0,27.0,1,24.997995376586914,25.0,2.0,1.0,27.0,0
307,3,307,308,23.888927459716797,23.88888931274414,2.0,1.0,25.88888931274414,0,27.280132293701172,23.88888931274414,2.0,1.0,25.88888931274414,1,23.888927459716797,23.88888931274414,2.0,1.0,25.88888931274414,0
308,1,308,309,24.44445037841797,24.44444465637207,2.0,3.0,26.44444465637207,0,31.534149169921875,24.44444465637207,2.0,3.0,26.44444465637207,1,24.44445037841797,24.44444465637207,2.0,3.0,26.44444465637207,0
308,2,308,309,24.9976863861084,25.0,2.0,1.0,27.0,0,28.800151824951172,25.0,2.0,1.0,27.0,1,24.9976863861084,25.0,2.0,1.0,27.0,0
308,3,308,309,23.88889503479004,23.88888931274414,2.0,2.0,25.88888931274414,0,26.95615005493164,23.88888931274414,2.0,1.0,25.88888931274414,1,23.88889503479004,23.88888931274414,2.0,2.0,25.88888931274414,0
309,1,309,310,24.4444522857666,24.44444465637207,2.0,3.0,26.44444465637207,0,31.35385513305664,24.44444465637207,2.0,3.0,26.44444465637207,1,24.4444522857666,24.44444465637207,2.0,3.0,26.44444465637207,0
309,2,309,310,24.99750518798828,25.0,2.0,1.0,27.0,0,28.37184715270996,25.0,2.0,1.0,27.0,1,24.99750518798828,25.0,2.0,1.0,27.0,0
309,3,309,310,23.88889503479004,23.88888931274414,2.0,2.0,25.88888931274414,0,27.177885055541992,23.88888931274414,2.0,2.0,25.88888931274414,1,23.88889503479004,23.88888931274414,2.0,2.0,25.88888931274414,0
310,1,310,311,24.444454193115234,24.44444465637207,2.0,3.0,26.44444465637207,0,30.973709106445312,24.44444465637207,2.0,3.0,26.44444465637207,1,24.444454193115234,24.44444465637207,2.0,3.0,26.44444465637207,0
310,2,310,311,24.39244270324707,24.38888931274414,2.0,1.0,26.38888931274414,0,27.54437828063965,25.0,2.0,1.0,27.0,1,24.39244270324707,24.38888931274414,2.0,1.0,26.38888931274414,0
310,3,310,311,23.88889503479004,23.88888931274414,2.0,2.0,25.88888931274414,0,27.018739700317383,23.88888931274414,2.0,2.0,25.88888931274414,1,23.88889503479004,23.88888931274414,2.0,2.0,25.88888931274414,0
311,1,311,312,24.4444522857666,24.44444465637207,2.0,3.0,26.44444465637207,0,30.38348388671875,24.44444465637207,2.0,3.0,26.44444465637207,1,24.4444522857666,24.44444465637207,2.0,3.0,26.44444465637207,0
311,2,311,312,24.441455841064453,24.44444465637207,2.0,1.0,26.44444465637207,0,26.537063598632812,24.38888931274414,2.0,1.0,26.38888931274414,1,24.441455841064453,24.44444465637207,2.0,1.0,26.44444465637207,0
311,3,311,312,24.441383361816406,24.44444465637207,2.0,2.0,26.44444465637207,0,26.767162322998047,23.88888931274414,2.0,2.0,25.88888931274414,1,24.441383361816406,24.44444465637207,2.0,2.0,26.44444465637207,0
312,1,312,313,23.3448429107666,23.27777862548828,2.0,3.0,25.27777862548828,0,30.17275619506836,24.44444465637207,2.0,3.0,26.44444465637207,1,23.3448429107666,23.27777862548828,2.0,3.0,25.27777862548828,0
312,2,312,313,23.678272247314453,23.66666603088379,2.0,1.0,25.66666603088379,0,25.99609375,24.44444465637207,2.0,1.0,26.44444465637207,0,23.678272247314453,23.66666603088379,2.0,1.0,25.66666603088379,0
312,3,312,313,24.44440460205078,24.44444465637207,2.0,2.0,26.44444465637207,0,26.611221313476562,24.44444465637207,2.0,2.0,26.44444465637207,1,24.44440460205078,24.44444465637207,2.0,2.0,26.44444465637207,0
313,1,313,314,22.249954223632812,22.22222137451172,2.0,3.0,24.22222137451172,0,30.655174255371094,23.27777862548828,2.0,3.0,25.27777862548828,1,22.249954223632812,22.22222137451172,2.0,3.0,24.22222137451172,0
313,2,313,314,23.335037231445312,23.33333396911621,2.0,1.0,25.33333396911621,0,26.451763153076172,23.66666603088379,2.0,1.0,25.66666603088379,1,23.335037231445312,23.33333396911621,2.0,1.0,25.33333396911621,0
313,3,313,314,24.444438934326172,24.44444465637207,2.0,2.0,26.44444465637207,0,26.556350708007812,24.44444465637207,2.0,2.0,26.44444465637207,1,24.444438934326172,24.44444465637207,2.0,2.0,26.44444465637207,0
314,1,314,315,22.222606658935547,22.22222137451172,2.0,3.0,24.22222137451172,0,30.65937042236328,22.22222137451172,2.0,3.0,24.22222137451172,1,22.222606658935547,22.22222137451172,2.0,3.0,24.22222137451172,0
314,2,314,315,24.34550666809082,24.5,2.0,1.0,26.5,0,26.321117401123047,23.33333396911621,2.0,1.0,25.33333396911621,1,24.34550666809082,24.5,2.0,1.0,26.5,0
314,3,314,315,24.444448471069336,24.44444465637207,2.0,2.0,26.44444465637207,0,26.220081329345703,24.44444465637207,2.0,2.0,26.44444465637207,0,24.444448471069336,24.44444465637207,2.0,2.0,26.44444465637207,0
315,1,315,316,22.222259521484375,22.22222137451172,2.0,3.0,24.22222137451172,0,30.33108139038086,22.22222137451172,2.0,3.0,24.22222137451172,1,22.222259521484375,22.22222137451172,2.0,3.0,24.22222137451172,0
315,2,315,316,24.70952033996582,25.0,2.0,1.0,27.0,0,26.25998878479004,24.5,2.0,1.0,26.5,0,24.70952033996582,25.0,2.0,1.0,27.0,0
315,3,315,316,24.444448471069336,24.44444465637207,2.0,2.0,26.44444465637207,0,25.829891204833984,24.44444465637207,2.0,2.0,26.44444465637207,0,24.444448471069336,24.44444465637207,2.0,2.0,26.44444465637207,0
316,1,316,317,22.222238540649414,22.22222137451172,2.0,3.0,24.22222137451172,0,29.94656753540039,22.22222137451172,2.0,3.0,24.22222137451172,1,22.222238540649414,22.22222137451172,2.0,3.0,24.22222137451172,0
316,2,316,317,24.864154815673828,25.0,2.0,1.0,27.0,0,26.116628646850586,25.0,2.0,1.0,27.0,0,24.864154815673828,25.0,2.0,1.0,27.0,0
316,3,316,317,24.444435119628906,24.44444465637207,2.0,2.0,26.44444465637207,0,25.52182960510254,24.44444465637207,2.0,2.0,26.44444465637207,0,24.444435119628906,24.44444465637207,2.0,2.0,26.44444465637207,0
317,1,317,318,22.22218894958496,22.22222137451172,2.0,3.0,24.22222137451172,0,29.59039306640625,22.22222137451172,2.0,3.0,24.22222137451172,1,22.22218894958496,22.22222137451172,2.0,3.0,24.22222137451172,0
317,2,317,318,24.87332534790039,25.0,2.0,1.0,27.0,0,25.73917007446289,25.0,2.0,1.0,27.0,0,24.87332534790039,25.0,2.0,1.0,27.0,0
317,3,317,318,24.444448471069336,24.44444465637207,2.0,2.0,26.44444465637207,0,25.299163818359375,24.44444465637207,2.0,2.0,26.44444465637207,0,24.444448471069336,24.44444465637207,2.0,2.0,26.44444465637207,0
318,1,318,319,22.22222900390625,22.22222137451172,2.0,3.0,24.22222137451172,0,29.322139739990234,22.22222137451172,2.0,3.0,24.22222137451172,1,22.22222900390625,22.22222137451172,2.0,3.0,24.22222137451172,0
318,2,318,319,24.99836540222168,25.0,2.0,1.0,27.0,0,25.365262985229492,25.0,2.0,1.0,27.0,0,24.99836540222168,25.0,2.0,1.0,27.0,0
318,3,318,319,24.444448471069336,24.44444465637207,2.0,2.0,26.44444465637207,0,25.177318572998047,24.44444465637207,2.0,2.0,26.44444465637207,0,24.444448471069336,24.44444465637207,2.0,2.0,26.44444465637207,0
319,1,319,320,22.277385711669922,22.27777862548828,2.0,3.0,24.27777862548828,0,29.66683578491211,22.22222137451172,2.0,3.0,24.22222137451172,1,22.277385711669922,22.27777862548828,2.0,3.0,24.27777862548828,0
319,2,319,320,24.998380661010742,25.0,2.0,1.0,27.0,0,25.838558197021484,25.0,2.0,1.0,27.0,0,24.998380661010742,25.0,2.0,1.0,27.0,0
319,3,319,320,24.444446563720703,24.44444465637207,2.0,2.0,26.44444465637207,0,25.495086669921875,24.44444465637207,2.0,2.0,26.44444465637207,0,24.444446563720703,24.44444465637207,2.0,2.0,26.44444465637207,0
320,1,320,321,22.776275634765625,22.77777862548828,2.0,1.0,24.77777862548828,0,29.487213134765625,22.27777862548828,2.0,3.0,24.27777862548828,1,22.776275634765625,22.77777862548828,2.0,1.0,24.77777862548828,0
320,2,320,321,24.996524810791016,25.0,2.0,1.0,27.0,0,25.653594970703125,25.0,2.0,1.0,27.0,0,24.996524810791016,25.0,2.0,1.0,27.0,0
320,3,320,321,24.444446563720703,24.44444465637207,2.0,0.0,26.44444465637207,0,25.807039260864258,24.44444465637207,2.0,2.0,26.44444465637207,0,24.444446563720703,24.44444465637207,2.0,0.0,26.44444465637207,0
321,1,321,322,24.365741729736328,24.44444465637207,2.0,1.0,26.44444465637207,0,29.845672607421875,22.77777862548828,2.0,1.0,24.77777862548828,1,24.365741729736328,24.44444465637207,2.0,1.0,26.44444465637207,0
321,2,321,322,24.998506546020508,25.0,2.0,0.0,27.0,0,26.105182647705078,25.0,2.0,1.0,27.0,0,24.998506546020508,25.0,2.0,0.0,27.0,0
321,3,321,322,24.444446563720703,24.44444465637207,2.0,0.0,26.44444465637207,0,25.897083282470703,24.44444465637207,2.0,0.0,26.44444465637207,0,24.444446563720703,24.44444465637207,2.0,0.0,26.44444465637207,0
322,1,322,323,24.444364547729492,24.44444465637207,2.0,1.0,26.44444465637207,0,30.062252044677734,24.44444465637207,2.0,1.0,26.44444465637207,1,24.444364547729492,24.44444465637207,2.0,1.0,26.44444465637207,0
322,2,322,323,24.998172760009766,25.0,2.0,0.0,27.0,0,26.19457244873047,25.0,2.0,0.0,27.0,0,24.998172760009766,25.0,2.0,0.0,27.0,0
322,3,322,323,24.444448471069336,24.44444465637207,2.0,0.0,26.44444465637207,0,25.805240631103516,24.44444465637207,2.0,0.0,26.44444465637207,0,24.444448471069336,24.44444465637207,2.0,0.0,26.44444465637207,0
323,1,323,324,24.444448471069336,24.44444465637207,2.0,1.0,26.44444465637207,0,30.477462768554688,24.44444465637207,2.0,1.0,26.44444465637207,1,24.444448471069336,24.44444465637207,2.0,1.0,26.44444465637207,0
323,2,323,324,24.99748420715332,25.0,2.0,0.0,27.0,0,26.561275482177734,25.0,2.0,0.0,27.0,0,24.99748420715332,25.0,2.0,0.0,27.0,0
323,3,323,324,24.444448471069336,24.44444465637207,2.0,0.0,26.44444465637207,0,25.761962890625,24.44444465637207,2.0,0.0,26.44444465637207,0,24.444448471069336,24.44444465637207,2.0,0.0,26.44444465637207,0
324,1,324,325,25.664731979370117,25.66666603088379,2.0,1.0,27.66666603088379,0,30.92974853515625,24.44444465637207,2.0,1.0,26.44444465637207,1,25.664731979370117,25.66666603088379,2.0,1.0,27.66666603088379,0
324,2,324,325,24.996356964111328,25.0,2.0,0.0,27.0,0,27.27288055419922,25.0,2.0,0.0,27.0,0,24.996356964111328,25.0,2.0,0.0,27.0,0
324,3,324,325,24.44445037841797,24.44444465637207,2.0,0.0,26.44444465637207,0,25.912940979003906,24.44444465637207,2.0,0.0,26.44444465637207,0,24.44445037841797,24.44444465637207,2.0,0.0,26.44444465637207,0
325,1,325,326,26.661161422729492,26.66666603088379,2.0,2.0,28.66666603088379,0,31.361469268798828,25.66666603088379,2.0,1.0,27.66666603088379,1,26.661161422729492,26.66666603088379,2.0,2.0,28.66666603088379,0
325,2,325,326,24.99481964111328,25.0,2.0,0.0,27.0,0,27.71359634399414,25.0,2.0,0.0,27.0,0,24.99481964111328,25.0,2.0,0.0,27.0,0
325,3,325,326,24.444454193115234,24.44444465637207,2.0,0.0,26.44444465637207,0,26.007259368896484,24.44444465637207,2.0,0.0,26.44444465637207,0,24.444454193115234,24.44444465637207,2.0,0.0,26.44444465637207,0
326,1,326,327,26.666418075561523,26.66666603088379,2.0,2.0,28.66666603088379,0,31.63321304321289,26.66666603088379,2.0,2.0,28.66666603088379,1,26.666418075561523,26.66666603088379,2.0,2.0,28.66666603088379,0
326,2,326,327,24.991741180419922,25.0,2.0,0.0,27.0,0,28.295021057128906,25.0,2.0,0.0,27.0,0,24.991741180419922,25.0,2.0,0.0,27.0,0
326,3,326,327,24.444454193115234,24.44444465637207,2.0,0.0,26.44444465637207,0,26.102760314941406,24.44444465637207,2.0,0.0,26.44444465637207,0,24.444454193115234,24.44444465637207,2.0,0.0,26.44444465637207,0
327,1,327,328,26.66665267944336,26.66666603088379,2.0,3.0,28.66666603088379,0,31.97687530517578,26.66666603088379,2.0,2.0,28.66666603088379,1,26.66665267944336,26.66666603088379,2.0,3.0,28.66666603088379,0
327,2,327,328,24.992063522338867,25.0,2.0,0.0,27.0,0,28.657032012939453,25.0,2.0,0.0,27.0,0,24.992063522338867,25.0,2.0,0.0,27.0,0
327,3,327,328,24.190767288208008,24.16666603088379,2.0,1.0,26.16666603088379,0,26.331279754638672,24.44444465637207,2.0,0.0,26.44444465637207,0,24.190767288208008,24.16666603088379,2.0,1.0,26.16666603088379,0
328,1,328,329,26.666671752929688,26.66666603088379,2.0,3.0,28.66666603088379,0,32.40633773803711,26.66666603088379,2.0,3.0,28.66666603088379,1,26.666671752929688,26.66666603088379,2.0,3.0,28.66666603088379,0
328,2,328,329,24.994407653808594,25.0,2.0,0.0,27.0,0,29.13054656982422,25.0,2.0,0.0,27.0,0,24.994407653808594,25.0,2.0,0.0,27.0,0
328,3,328,329,23.89952850341797,23.88888931274414,2.0,1.0,25.88888931274414,0,26.77979278564453,24.16666603088379,2.0,1.0,26.16666603088379,1,23.89952850341797,23.88888931274414,2.0,1.0,25.88888931274414,0
329,1,329,330,26.666671752929688,26.66666603088379,2.0,2.0,28.66666603088379,0,32.70563888549805,26.66666603088379,2.0,3.0,28.66666603088379,1,26.666671752929688,26.66666603088379,2.0,2.0,28.66666603088379,0
329,2,329,330,24.993864059448242,25.0,2.0,0.0,27.0,0,29.431255340576172,25.0,2.0,0.0,27.0,0,24.993864059448242,25.0,2.0,0.0,27.0,0
329,3,329,330,24.438594818115234,24.44444465637207,2.0,1.0,26.44444465637207,0,27.0174560546875,23.88888931274414,2.0,1.0,25.88888931274414,1,24.438594818115234,24.44444465637207,2.0,1.0,26.44444465637207,0
330,1,330,331,25.354780197143555,25.33333396911621,2.0,3.0,27.33333396911621,0,32.501407623291016,26.66666603088379,2.0,2.0,28.66666603088379,1,25.354780197143555,25.33333396911621,2.0,3.0,27.33333396911621,0
330,2,330,331,24.99687957763672,25.0,2.0,0.0,27.0,0,29.071353912353516,25.0,2.0,0.0,27.0,0,24.99687957763672,25.0,2.0,0.0,27.0,0
330,3,330,331,24.44438934326172,24.44444465637207,2.0,2.0,26.44444465637207,0,27.325105667114258,24.44444465637207,2.0,1.0,26.44444465637207,1,24.44438934326172,24.44444465637207,2.0,2.0,26.44444465637207,0
331,1,331,332,24.453758239746094,24.44444465637207,2.0,3.0,26.44444465637207,0,32.57352066040039,25.33333396911621,2.0,3.0,27.33333396911621,1,24.453758239746094,24.44444465637207,2.0,3.0,26.44444465637207,0
331,2,331,332,24.997806549072266,25.0,2.0,1.0,27.0,0,29.05746841430664,25.0,2.0,0.0,27.0,0,24.997806549072266,25.0,2.0,1.0,27.0,0
331,3,331,332,24.444448471069336,24.44444465637207,2.0,2.0,26.44444465637207,0,27.70415687561035,24.44444465637207,2.0,2.0,26.44444465637207,1,24.444448471069336,24.44444465637207,2.0,2.0,26.44444465637207,0
332,1,332,333,24.444538116455078,24.44444465637207,2.0,3.0,26.44444465637207,0,31.937633514404297,24.44444465637207,2.0,3.0,26.44444465637207,1,24.444538116455078,24.44444465637207,2.0,3.0,26.44444465637207,0
332,2,332,333,24.99829864501953,25.0,2.0,1.0,27.0,0,27.958702087402344,25.0,2.0,1.0,27.0,1,24.99829864501953,25.0,2.0,1.0,27.0,0
332,3,332,333,24.444448471069336,24.44444465637207,2.0,2.0,26.44444465637207,0,27.45703125,24.44444465637207,2.0,2.0,26.44444465637207,1,24.444448471069336,24.44444465637207,2.0,2.0,26.44444465637207,0
333,1,333,334,24.444454193115234,24.44444465637207,2.0,3.0,26.44444465637207,0,31.403274536132812,24.44444465637207,2.0,3.0,26.44444465637207,1,24.444454193115234,24.44444465637207,2.0,3.0,26.44444465637207,0
333,2,333,334,24.998172760009766,25.0,2.0,1.0,27.0,0,27.146759033203125,25.0,2.0,1.0,27.0,1,24.998172760009766,25.0,2.0,1.0,27.0,0
333,3,333,334,24.116039276123047,24.11111068725586,2.0,2.0,26.11111068725586,0,27.3834228515625,24.44444465637207,2.0,2.0,26.44444465637207,1,24.116039276123047,24.11111068725586,2.0,2.0,26.11111068725586,0
334,1,334,335,24.4444522857666,24.44444465637207,2.0,3.0,26.44444465637207,0,31.135910034179688,24.44444465637207,2.0,3.0,26.44444465637207,1,24.4444522857666,24.44444465637207,2.0,3.0,26.44444465637207,0
334,2,334,335,24.998180389404297,25.0,2.0,1.0,27.0,0,26.646839141845703,25.0,2.0,1.0,27.0,0,24.998180389404297,25.0,2.0,1.0,27.0,0
334,3,334,335,23.894651412963867,23.88888931274414,2.0,2.0,25.88888931274414,0,27.179141998291016,24.11111068725586,2.0,2.0,26.11111068725586,1,23.894651412963867,23.88888931274414,2.0,2.0,25.88888931274414,0
335,1,335,336,24.444454193115234,24.44444465637207,2.0,3.0,26.44444465637207,0,31.95696258544922,24.44444465637207,2.0,3.0,26.44444465637207,1,24.444454193115234,24.44444465637207,2.0,3.0,26.44444465637207,0
335,2,335,336,24.777563095092773,24.77777862548828,2.0,1.0,26.77777862548828,0,26.995819091796875,25.0,2.0,1.0,27.0,0,24.777563095092773,24.77777862548828,2.0,1.0,26.77777862548828,0
335,3,335,336,24.440643310546875,24.44444465637207,2.0,2.0,26.44444465637207,0,26.674863815307617,23.88888931274414,2.0,2.0,25.88888931274414,1,24.440643310546875,24.44444465637207,2.0,2.0,26.44444465637207,0
336,1,336,337,23.373706817626953,23.27777862548828,2.0,3.0,25.27777862548828,0,30.22665786743164,24.44444465637207,2.0,3.0,26.44444465637207,1,23.373706817626953,23.27777862548828,2.0,3.0,25.27777862548828,0
336,2,336,337,23.368440628051758,23.33333396911621,2.0,1.0,25.33333396911621,0,25.339277267456055,24.77777862548828,2.0,1.0,26.77777862548828,0,23.368440628051758,23.33333396911621,2.0,1.0,25.33333396911621,0
336,3,336,337,24.444366455078125,24.44444465637207,2.0,2.0,26.44444465637207,0,26.619171142578125,24.44444465637207,2.0,2.0,26.44444465637207,1,24.444366455078125,24.44444465637207,2.0,2.0,26.44444465637207,0
337,1,337,338,22.26214027404785,22.22222137451172,2.0,3.0,24.22222137451172,0,30.601627349853516,23.27777862548828,2.0,3.0,25.27777862548828,1,22.26214027404785,22.22222137451172,2.0,3.0,24.22222137451172,0
337,2,337,338,23.549863815307617,23.55555534362793,2.0,1.0,25.55555534362793,0,25.592437744140625,23.33333396911621,2.0,1.0,25.33333396911621,1,23.549863815307617,23.55555534362793,2.0,1.0,25.55555534362793,0
337,3,337,338,24.444448471069336,24.44444465637207,2.0,2.0,26.44444465637207,0,26.408550262451172,24.44444465637207,2.0,2.0,26.44444465637207,0,24.444448471069336,24.44444465637207,2.0,2.0,26.44444465637207,0
338,1,338,339,22.223203659057617,22.22222137451172,2.0,3.0,24.22222137451172,0,30.789459228515625,22.22222137451172,2.0,3.0,24.22222137451172,1,22.223203659057617,22.22222137451172,2.0,3.0,24.22222137451172,0
338,2,338,339,24.52202033996582,25.0,2.0,1.0,27.0,0,25.73961067199707,23.55555534362793,2.0,1.0,25.55555534362793,1,24.52202033996582,25.0,2.0,1.0,27.0,0
338,3,338,339,24.444442749023438,24.44444465637207,2.0,2.0,26.44444465637207,0,26.233016967773438,24.44444465637207,2.0,2.0,26.44444465637207,0,24.444442749023438,24.44444465637207,2.0,2.0,26.44444465637207,0
339,1,339,340,22.22234344482422,22.22222137451172,2.0,3.0,24.22222137451172,0,30.520164489746094,22.22222137451172,2.0,3.0,24.22222137451172,1,22.22234344482422,22.22222137451172,2.0,3.0,24.22222137451172,0
339,2,339,340,24.8321475982666,25.0,2.0,1.0,27.0,0,25.89885902404785,25.0,2.0,1.0,27.0,0,24.8321475982666,25.0,2.0,1.0,27.0,0
339,3,339,340,24.444448471069336,24.44444465637207,2.0,2.0,26.44444465637207,0,25.91211700439453,24.44444465637207,2.0,2.0,26.44444465637207,0,24.444448471069336,24.44444465637207,2.0,2.0,26.44444465637207,0
340,1,340,341,22.222278594970703,22.22222137451172,2.0,3.0,24.22222137451172,0,30.197101593017578,22.22222137451172,2.0,3.0,24.22222137451172,1,22.222278594970703,22.22222137451172,2.0,3.0,24.22222137451172,0
340,2,340,341,24.99993133544922,25.0,2.0,1.0,27.0,0,25.810871124267578,25.0,2.0,1.0,27.0,0,24.99993133544922,25.0,2.0,1.0,27.0,0
340,3,340,341,24.444448471069336,24.44444465637207,2.0,1.0,26.44444465637207,0,25.63909912109375,24.44444465637207,2.0,2.0,26.44444465637207,0,24.444448471069336,24.44444465637207,2.0,1.0,26.44444465637207,0
341,1,341,342,22.22219467163086,22.22222137451172,2.0,3.0,24.22222137451172,0,29.912784576416016,22.22222137451172,2.0,3.0,24.22222137451172,1,22.22219467163086,22.22222137451172,2.0,3.0,24.22222137451172,0
341,2,341,342,24.999828338623047,25.0,2.0,1.0,27.0,0,25.587886810302734,25.0,2.0,1.0,27.0,0,24.999828338623047,25.0,2.0,1.0,27.0,0
341,3,341,342,24.444421768188477,24.44444465637207,2.0,1.0,26.44444465637207,0,25.43545150756836,24.44444465637207,2.0,1.0,26.44444465637207,0,24.444421768188477,24.44444465637207,2.0,1.0,26.44444465637207,0
342,1,342,343,22.22222900390625,22.22222137451172,2.0,1.0,24.22222137451172,0,29.707523345947266,22.22222137451172,2.0,3.0,24.22222137451172,1,22.22222900390625,22.22222137451172,2.0,1.0,24.22222137451172,0
342,2,342,343,24.998512268066406,25.0,2.0,1.0,27.0,0,25.35130500793457,25.0,2.0,1.0,27.0,0,24.998512268066406,25.0,2.0,1.0,27.0,0
342,3,342,343,24.444448471069336,24.44444465637207,2.0,1.0,26.44444465637207,0,25.183574676513672,24.44444465637207,2.0,1.0,26.44444465637207,0,24.444448471069336,24.44444465637207,2.0,1.0,26.44444465637207,0
343,1,343,344,22.277509689331055,22.27777862548828,2.0,1.0,24.27777862548828,0,29.81149673461914,22.22222137451172,2.0,1.0,24.22222137451172,1,22.277509689331055,22.27777862548828,2.0,1.0,24.27777862548828,0
343,2,343,344,24.998294830322266,25.0,2.0,1.0,27.0,0,25.83014678955078,25.0,2.0,1.0,27.0,0,24.998294830322266,25.0,2.0,1.0,27.0,0
343,3,343,344,24.44445037841797,24.44444465637207,2.0,1.0,26.44444465637207,0,25.31444549560547,24.44444465637207,2.0,1.0,26.44444465637207,0,24.44445037841797,24.44444465637207,2.0,1.0,26.44444465637207,0
344,1,344,345,22.77535629272461,22.77777862548828,2.0,1.0,24.77777862548828,0,29.53848648071289,22.27777862548828,2.0,1.0,24.27777862548828,1,22.77535629272461,22.77777862548828,2.0,1.0,24.77777862548828,0
344,2,344,345,24.997793197631836,25.0,2.0,1.0,27.0,0,25.846172332763672,25.0,2.0,1.0,27.0,0,24.997793197631836,25.0,2.0,1.0,27.0,0
344,3,344,345,24.444448471069336,24.44444465637207,2.0,1.0,26.44444465637207,0,25.529613494873047,24.44444465637207,2.0,1.0,26.44444465637207,0,24.444448471069336,24.44444465637207,2.0,1.0,26.44444465637207,0
345,1,345,346,24.37324333190918,24.44444465637207,2.0,1.0,26.44444465637207,0,29.716323852539062,22.77777862548828,2.0,1.0,24.77777862548828,1,24.37324333190918,24.44444465637207,2.0,1.0,26.44444465637207,0
345,2,345,346,23.646209716796875,23.61111068725586,2.0,1.0,25.61111068725586,0,26.104381561279297,25.0,2.0,1.0,27.0,0,23.646209716796875,23.61111068725586,2.0,1.0,25.61111068725586,0
345,3,345,346,24.444448471069336,24.44444465637207,2.0,1.0,26.44444465637207,0,25.718677520751953,24.44444465637207,2.0,1.0,26.44444465637207,0,24.444448471069336,24.44444465637207,2.0,1.0,26.44444465637207,0
346,1,346,347,24.444347381591797,24.44444465637207,2.0,1.0,26.44444465637207,0,30.175960540771484,24.44444465637207,2.0,1.0,26.44444465637207,1,24.444347381591797,24.44444465637207,2.0,1.0,26.44444465637207,0
346,2,346,347,23.331825256347656,23.33333396911621,2.0,1.0,25.33333396911621,0,26.484100341796875,23.61111068725586,2.0,1.0,25.61111068725586,1,23.331825256347656,23.33333396911621,2.0,1.0,25.33333396911621,0
346,3,346,347,24.444448471069336,24.44444465637207,2.0,1.0,26.44444465637207,0,25.911758422851562,24.44444465637207,2.0,1.0,26.44444465637207,0,24.444448471069336,24.44444465637207,2.0,1.0,26.44444465637207,0
347,1,347,348,24.444448471069336,24.44444465637207,2.0,1.0,26.44444465637207,0,30.51641082763672,24.44444465637207,2.0,1.0,26.44444465637207,1,24.444448471069336,24.44444465637207,2.0,1.0,26.44444465637207,0
347,2,347,348,24.681873321533203,24.72222137451172,2.0,0.0,26.72222137451172,0,27.11172866821289,23.33333396911621,2.0,1.0,25.33333396911621,1,24.681873321533203,24.72222137451172,2.0,0.0,26.72222137451172,0
347,3,347,348,24.444448471069336,24.44444465637207,2.0,1.0,26.44444465637207,0,26.179698944091797,24.44444465637207,2.0,1.0,26.44444465637207,0,24.444448471069336,24.44444465637207,2.0,1.0,26.44444465637207,0
348,1,348,349,24.4444522857666,24.44444465637207,2.0,2.0,26.44444465637207,0,30.800052642822266,24.44444465637207,2.0,1.0,26.44444465637207,1,24.4444522857666,24.44444465637207,2.0,2.0,26.44444465637207,0
348,2,348,349,24.995208740234375,25.0,2.0,0.0,27.0,0,27.173019409179688,24.72222137451172,2.0,0.0,26.72222137451172,0,24.995208740234375,25.0,2.0,0.0,27.0,0
348,3,348,349,24.44445037841797,24.44444465637207,2.0,0.0,26.44444465637207,0,26.361223220825195,24.44444465637207,2.0,1.0,26.44444465637207,0,24.44445037841797,24.44444465637207,2.0,0.0,26.44444465637207,0
349,1,349,350,25.281837463378906,25.33333396911621,2.0,2.0,27.33333396911621,0,31.616756439208984,24.44444465637207,2.0,2.0,26.44444465637207,1,25.281837463378906,25.33333396911621,2.0,2.0,27.33333396911621,0
349,2,349,350,24.994680404663086,25.0,2.0,0.0,27.0,0,28.265968322753906,25.0,2.0,0.0,27.0,0,24.994680404663086,25.0,2.0,0.0,27.0,0
349,3,349,350,24.4444522857666,24.44444465637207,2.0,0.0,26.44444465637207,0,26.459741592407227,24.44444465637207,2.0,0.0,26.44444465637207,0,24.4444522857666,24.44444465637207,2.0,0.0,26.44444465637207,0
350,1,350,351,24.547809600830078,24.44444465637207,2.0,3.0,26.44444465637207,0,31.86896514892578,25.33333396911621,2.0,2.0,27.33333396911621,1,24.547809600830078,24.44444465637207,2.0,3.0,26.44444465637207,0
350,2,350,351,24.991226196289062,25.0,2.0,0.0,27.0,0,28.56573486328125,25.0,2.0,0.0,27.0,0,24.991226196289062,25.0,2.0,0.0,27.0,0
350,3,350,351,24.444454193115234,24.44444465637207,2.0,0.0,26.44444465637207,0,26.548282623291016,24.44444465637207,2.0,0.0,26.44444465637207,0,24.444454193115234,24.44444465637207,2.0,0.0,26.44444465637207,0
351,1,351,352,24.445905685424805,24.44444465637207,2.0,2.0,26.44444465637207,0,32.43749237060547,24.44444465637207,2.0,3.0,26.44444465637207,1,24.445905685424805,24.44444465637207,2.0,2.0,26.44444465637207,0
351,2,351,352,24.992294311523438,25.0,2.0,0.0,27.0,0,29.13304901123047,25.0,2.0,0.0,27.0,0,24.992294311523438,25.0,2.0,0.0,27.0,0
351,3,351,352,24.04354476928711,24.0,2.0,0.0,26.0,0,26.815839767456055,24.44444465637207,2.0,0.0,26.44444465637207,0,24.04354476928711,24.0,2.0,0.0,26.0,0
352,1,352,353,24.44451141357422,24.44444465637207,2.0,2.0,26.44444465637207,0,32.37938690185547,24.44444465637207,2.0,2.0,26.44444465637207,1,24.44451141357422,24.44444465637207,2.0,2.0,26.44444465637207,0
352,2,352,353,24.993864059448242,25.0,2.0,0.0,27.0,0,29.11922264099121,25.0,2.0,0.0,27.0,0,24.993864059448242,25.0,2.0,0.0,27.0,0
352,3,352,353,23.894628524780273,23.88888931274414,2.0,1.0,25.88888931274414,0,26.885910034179688,24.0,2.0,0.0,26.0,0,23.894628524780273,23.88888931274414,2.0,1.0,25.88888931274414,0
353,1,353,354,24.44445037841797,24.44444465637207,2.0,2.0,26.44444465637207,0,32.515159606933594,24.44444465637207,2.0,2.0,26.44444465637207,1,24.44445037841797,24.44444465637207,2.0,2.0,26.44444465637207,0
353,2,353,354,24.99506187438965,25.0,2.0,0.0,27.0,0,29.237834930419922,25.0,2.0,0.0,27.0,0,24.99506187438965,25.0,2.0,0.0,27.0,0
353,3,353,354,24.270673751831055,24.27777862548828,2.0,2.0,26.27777862548828,0,27.380889892578125,23.88888931274414,2.0,1.0,25.88888931274414,1,24.270673751831055,24.27777862548828,2.0,2.0,26.27777862548828,0
354,1,354,355,24.44445037841797,24.44444465637207,2.0,2.0,26.44444465637207,0,32.55495071411133,24.44444465637207,2.0,2.0,26.44444465637207,1,24.44445037841797,24.44444465637207,2.0,2.0,26.44444465637207,0
354,2,354,355,24.996171951293945,25.0,2.0,0.0,27.0,0,29.168684005737305,25.0,2.0,0.0,27.0,0,24.996171951293945,25.0,2.0,0.0,27.0,0
354,3,354,355,23.896793365478516,23.88888931274414,2.0,2.0,25.88888931274414,0,27.943138122558594,24.27777862548828,2.0,2.0,26.27777862548828,1,23.896793365478516,23.88888931274414,2.0,2.0,25.88888931274414,0
355,1,355,356,24.44445037841797,24.44444465637207,2.0,3.0,26.44444465637207,0,32.65994644165039,24.44444465637207,2.0,2.0,26.44444465637207,1,24.44445037841797,24.44444465637207,2.0,3.0,26.44444465637207,0
355,2,355,356,24.997451782226562,25.0,2.0,0.0,27.0,0,29.162067413330078,25.0,2.0,0.0,27.0,0,24.997451782226562,25.0,2.0,0.0,27.0,0
355,3,355,356,23.888978958129883,23.88888931274414,2.0,2.0,25.88888931274414,0,28.186676025390625,23.88888931274414,2.0,2.0,25.88888931274414,1,23.888978958129883,23.88888931274414,2.0,2.0,25.88888931274414,0
356,1,356,357,24.4444522857666,24.44444465637207,2.0,3.0,26.44444465637207,0,32.34626007080078,24.44444465637207,2.0,3.0,26.44444465637207,1,24.4444522857666,24.44444465637207,2.0,3.0,26.44444465637207,0
356,2,356,357,24.721317291259766,24.72222137451172,2.0,1.0,26.72222137451172,0,28.05455780029297,25.0,2.0,0.0,27.0,0,24.721317291259766,24.72222137451172,2.0,1.0,26.72222137451172,0
356,3,356,357,23.88889503479004,23.88888931274414,2.0,2.0,25.88888931274414,0,28.104225158691406,23.88888931274414,2.0,2.0,25.88888931274414,1,23.88889503479004,23.88888931274414,2.0,2.0,25.88888931274414,0
357,1,357,358,24.4444522857666,24.44444465637207,2.0,3.0,26.44444465637207,0,32.22736358642578,24.44444465637207,2.0,3.0,26.44444465637207,1,24.4444522857666,24.44444465637207,2.0,3.0,26.44444465637207,0
357,2,357,358,23.895362854003906,23.88888931274414,2.0,1.0,25.88888931274414,0,27.86221694946289,24.72222137451172,2.0,1.0,26.72222137451172,1,23.895362854003906,23.88888931274414,2.0,1.0,25.88888931274414,0
357,3,357,358,23.88889503479004,23.88888931274414,2.0,2.0,25.88888931274414,0,28.05807876586914,23.88888931274414,2.0,2.0,25.88888931274414,1,23.88889503479004,23.88888931274414,2.0,2.0,25.88888931274414,0
358,1,358,359,24.44445037841797,24.44444465637207,2.0,3.0,26.44444465637207,0,31.65597152709961,24.44444465637207,2.0,3.0,26.44444465637207,1,24.44445037841797,24.44444465637207,2.0,3.0,26.44444465637207,0
358,2,358,359,24.162364959716797,24.16666603088379,2.0,1.0,26.16666603088379,0,26.869441986083984,23.88888931274414,2.0,1.0,25.88888931274414,1,24.162364959716797,24.16666603088379,2.0,1.0,26.16666603088379,0
358,3,358,359,23.88889503479004,23.88888931274414,2.0,2.0,25.88888931274414,0,27.75170135498047,23.88888931274414,2.0,2.0,25.88888931274414,1,23.88889503479004,23.88888931274414,2.0,2.0,25.88888931274414,0
359,1,359,360,24.444456100463867,24.44444465637207,2.0,3.0,26.44444465637207,0,31.108150482177734,24.44444465637207,2.0,3.0,26.44444465637207,1,24.444456100463867,24.44444465637207,2.0,3.0,26.44444465637207,0
359,2,359,360,24.32982635498047,24.33333396911621,2.0,1.0,26.33333396911621,0,26.165672302246094,24.16666603088379,2.0,1.0,26.16666603088379,0,24.32982635498047,24.33333396911621,2.0,1.0,26.33333396911621,0
359,3,359,360,24.427560806274414,24.44444465637207,2.0,2.0,26.44444465637207,0,27.433029174804688,23.88888931274414,2.0,2.0,25.88888931274414,1,24.427560806274414,24.44444465637207,2.0,2.0,26.44444465637207,0
360,1,360,361,23.372539520263672,23.27777862548828,2.0,3.0,25.27777862548828,0,31.643245697021484,24.44444465637207,2.0,3.0,26.44444465637207,1,23.372539520263672,23.27777862548828,2.0,3.0,25.27777862548828,0
360,2,360,361,23.892230987548828,23.88888931274414,2.0,1.0,25.88888931274414,0,26.415653228759766,24.33333396911621,2.0,1.0,26.33333396911621,1,23.892230987548828,23.88888931274414,2.0,1.0,25.88888931274414,0
360,3,360,361,24.444194793701172,24.44444465637207,2.0,2.0,26.44444465637207,0,27.079221725463867,24.44444465637207,2.0,2.0,26.44444465637207,1,24.444194793701172,24.44444465637207,2.0,2.0,26.44444465637207,0
361,1,361,362,22.26247787475586,22.22222137451172,2.0,3.0,24.22222137451172,0,31.40898895263672,23.27777862548828,2.0,3.0,25.27777862548828,1,22.26247787475586,22.22222137451172,2.0,3.0,24.22222137451172,0
361,2,361,362,24.162687301635742,24.16666603088379,2.0,1.0,26.16666603088379,0,26.21459197998047,23.88888931274414,2.0,1.0,25.88888931274414,1,24.162687301635742,24.16666603088379,2.0,1.0,26.16666603088379,0
361,3,361,362,24.44444465637207,24.44444465637207,2.0,2.0,26.44444465637207,0,26.894515991210938,24.44444465637207,2.0,2.0,26.44444465637207,1,24.44444465637207,24.44444465637207,2.0,2.0,26.44444465637207,0
362,1,362,363,22.223522186279297,22.22222137451172,2.0,3.0,24.22222137451172,0,31.37717056274414,22.22222137451172,2.0,3.0,24.22222137451172,1,22.223522186279297,22.22222137451172,2.0,3.0,24.22222137451172,0
362,2,362,363,24.868364334106445,25.0,2.0,1.0,27.0,0,26.31655502319336,24.16666603088379,2.0,1.0,26.16666603088379,1,24.868364334106445,25.0,2.0,1.0,27.0,0
362,3,362,363,24.44445037841797,24.44444465637207,2.0,2.0,26.44444465637207,0,26.660865783691406,24.44444465637207,2.0,2.0,26.44444465637207,1,24.44445037841797,24.44444465637207,2.0,2.0,26.44444465637207,0
363,1,363,364,22.222389221191406,22.22222137451172,2.0,3.0,24.22222137451172,0,31.072494506835938,22.22222137451172,2.0,3.0,24.22222137451172,1,22.222389221191406,22.22222137451172,2.0,3.0,24.22222137451172,0
363,2,363,364,24.9992618560791,25.0,2.0,1.0,27.0,0,26.39522361755371,25.0,2.0,1.0,27.0,0,24.9992618560791,25.0,2.0,1.0,27.0,0
363,3,363,364,24.44440269470215,24.44444465637207,2.0,2.0,26.44444465637207,0,26.36931800842285,24.44444465637207,2.0,2.0,26.44444465637207,0,24.44440269470215,24.44444465637207,2.0,2.0,26.44444465637207,0
364,1,364,365,22.222225189208984,22.22222137451172,2.0,3.0,24.22222137451172,0,30.722320556640625,22.22222137451172,2.0,3.0,24.22222137451172,1,22.222225189208984,22.22222137451172,2.0,3.0,24.22222137451172,0
364,2,364,365,24.999385833740234,25.0,2.0,1.0,27.0,0,26.291959762573242,25.0,2.0,1.0,27.0,0,24.999385833740234,25.0,2.0,1.0,27.0,0
364,3,364,365,24.44435691833496,24.44444465637207,2.0,2.0,26.44444465637207,0,26.067703247070312,24.44444465637207,2.0,2.0,26.44444465637207,0,24.44435691833496,24.44444465637207,2.0,2.0,26.44444465637207,0
365,1,365,366,22.22223663330078,22.22222137451172,2.0,3.0,24.22222137451172,0,30.369220733642578,22.22222137451172,2.0,3.0,24.22222137451172,1,22.22223663330078,22.22222137451172,2.0,3.0,24.22222137451172,0
365,2,365,366,24.99933433532715,25.0,2.0,1.0,27.0,0,26.060077667236328,25.0,2.0,1.0,27.0,0,24.99933433532715,25.0,2.0,1.0,27.0,0
365,3,365,366,24.444379806518555,24.44444465637207,2.0,2.0,26.44444465637207,0,25.78632926940918,24.44444465637207,2.0,2.0,26.44444465637207,0,24.444379806518555,24.44444465637207,2.0,2.0,26.44444465637207,0
366,1,366,367,22.222232818603516,22.22222137451172,2.0,3.0,24.22222137451172,0,30.039997100830078,22.22222137451172,2.0,3.0,24.22222137451172,1,22.222232818603516,22.22222137451172,2.0,3.0,24.22222137451172,0
366,2,366,367,24.997745513916016,25.0,2.0,1.0,27.0,0,25.770065307617188,25.0,2.0,1.0,27.0,0,24.997745513916016,25.0,2.0,1.0,27.0,0
366,3,366,367,24.444448471069336,24.44444465637207,2.0,2.0,26.44444465637207,0,25.543838500976562,24.44444465637207,2.0,2.0,26.44444465637207,0,24.444448471069336,24.44444465637207,2.0,2.0,26.44444465637207,0
367,1,367,368,22.276880264282227,22.27777862548828,2.0,3.0,24.27777862548828,0,30.100738525390625,22.22222137451172,2.0,3.0,24.22222137451172,1,22.276880264282227,22.27777862548828,2.0,3.0,24.27777862548828,0
367,2,367,368,24.997650146484375,25.0,2.0,1.0,27.0,0,26.043289184570312,25.0,2.0,1.0,27.0,0,24.997650146484375,25.0,2.0,1.0,27.0,0
367,3,367,368,24.444448471069336,24.44444465637207,2.0,2.0,26.44444465637207,0,25.637184143066406,24.44444465637207,2.0,2.0,26.44444465637207,0,24.444448471069336,24.44444465637207,2.0,2.0,26.44444465637207,0
368,1,368,369,22.75835418701172,22.77777862548828,2.0,3.0,24.77777862548828,0,29.926288604736328,22.27777862548828,2.0,3.0,24.27777862548828,1,22.75835418701172,22.77777862548828,2.0,3.0,24.77777862548828,0
368,2,368,369,24.997793197631836,25.0,2.0,1.0,27.0,0,25.951644897460938,25.0,2.0,1.0,27.0,0,24.997793197631836,25.0,2.0,1.0,27.0,0
368,3,368,369,24.444448471069336,24.44444465637207,2.0,2.0,26.44444465637207,0,25.796703338623047,24.44444465637207,2.0,2.0,26.44444465637207,0,24.444448471069336,24.44444465637207,2.0,2.0,26.44444465637207,0
369,1,369,370,24.376161575317383,24.44444465637207,2.0,2.0,26.44444465637207,0,30.353313446044922,22.77777862548828,2.0,3.0,24.77777862548828,1,24.376161575317383,24.44444465637207,2.0,2.0,26.44444465637207,0
369,2,369,370,24.997745513916016,25.0,2.0,1.0,27.0,0,26.47136688232422,25.0,2.0,1.0,27.0,0,24.997745513916016,25.0,2.0,1.0,27.0,0
369,3,369,370,23.948823928833008,23.94444465637207,2.0,2.0,25.94444465637207,0,25.993316650390625,24.44444465637207,2.0,2.0,26.44444465637207,0,23.948823928833008,23.94444465637207,2.0,2.0,25.94444465637207,0
370,1,370,371,24.444320678710938,24.44444465637207,2.0,2.0,26.44444465637207,0,30.475868225097656,24.44444465637207,2.0,2.0,26.44444465637207,1,24.444320678710938,24.44444465637207,2.0,2.0,26.44444465637207,0
370,2,370,371,24.997621536254883,25.0,2.0,1.0,27.0,0,26.64640998840332,25.0,2.0,1.0,27.0,0,24.997621536254883,25.0,2.0,1.0,27.0,0
370,3,370,371,23.889333724975586,23.88888931274414,2.0,2.0,25.88888931274414,0,26.0484676361084,23.94444465637207,2.0,2.0,25.94444465637207,1,23.889333724975586,23.88888931274414,2.0,2.0,25.88888931274414,0
371,1,371,372,24.444448471069336,24.44444465637207,2.0,2.0,26.44444465637207,0,30.911571502685547,24.44444465637207,2.0,2.0,26.44444465637207,1,24.444448471069336,24.44444465637207,2.0,2.0,26.44444465637207,0
371,2,371,372,24.996904373168945,25.0,2.0,1.0,27.0,0,27.256261825561523,25.0,2.0,1.0,27.0,1,24.996904373168945,25.0,2.0,1.0,27.0,0
371,3,371,372,23.888896942138672,23.88888931274414,2.0,2.0,25.88888931274414,0,26.266664505004883,23.88888931274414,2.0,2.0,25.88888931274414,1,23.888896942138672,23.88888931274414,2.0,2.0,25.88888931274414,0
372,1,372,373,24.44445037841797,24.44444465637207,2.0,3.0,26.44444465637207,0,31.267772674560547,24.44444465637207,2.0,2.0,26.44444465637207,1,24.44445037841797,24.44444465637207,2.0,3.0,26.44444465637207,0
372,2,372,373,24.995744705200195,25.0,2.0,1.0,27.0,0,27.777099609375,25.0,2.0,1.0,27.0,1,24.995744705200195,25.0,2.0,1.0,27.0,0
372,3,372,373,23.88889503479004,23.88888931274414,2.0,2.0,25.88888931274414,0,26.59868621826172,23.88888931274414,2.0,2.0,25.88888931274414,1,23.88889503479004,23.88888931274414,2.0,2.0,25.88888931274414,0
373,1,373,374,24.993558883666992,25.0,2.0,3.0,27.0,0,31.766185760498047,24.44444465637207,2.0,3.0,26.44444465637207,1,24.993558883666992,25.0,2.0,3.0,27.0,0
373,2,373,374,24.993942260742188,25.0,2.0,1.0,27.0,0,28.324981689453125,25.0,2.0,1.0,27.0,1,24.993942260742188,25.0,2.0,1.0,27.0,0
373,3,373,374,23.888896942138672,23.88888931274414,2.0,1.0,25.88888931274414,0,26.970048904418945,23.88888931274414,2.0,2.0,25.88888931274414,1,23.888896942138672,23.88888931274414,2.0,1.0,25.88888931274414,0
374,1,374,375,25.54885482788086,25.55555534362793,2.0,2.0,27.55555534362793,0,32.10688400268555,25.0,2.0,3.0,27.0,1,25.54885482788086,25.55555534362793,2.0,2.0,27.55555534362793,0
374,2,374,375,23.811147689819336,23.66666603088379,2.0,1.0,25.66666603088379,0,28.80178451538086,25.0,2.0,1.0,27.0,1,23.811147689819336,23.66666603088379,2.0,1.0,25.66666603088379,0
374,3,374,375,23.888896942138672,23.88888931274414,2.0,2.0,25.88888931274414,0,27.18244171142578,23.88888931274414,2.0,1.0,25.88888931274414,1,23.888896942138672,23.88888931274414,2.0,2.0,25.88888931274414,0
375,1,375,376,27.212060928344727,27.22222137451172,2.0,3.0,29.22222137451172,0,32.26845169067383,25.55555534362793,2.0,2.0,27.55555534362793,1,27.212060928344727,27.22222137451172,2.0,3.0,29.22222137451172,0
375,2,375,376,23.451274871826172,23.33333396911621,2.0,1.0,25.33333396911621,0,29.158241271972656,23.66666603088379,2.0,1.0,25.66666603088379,1,23.451274871826172,23.33333396911621,2.0,1.0,25.33333396911621,0
375,3,375,376,23.888896942138672,23.88888931274414,2.0,2.0,25.88888931274414,0,27.654613494873047,23.88888931274414,2.0,2.0,25.88888931274414,1,23.888896942138672,23.88888931274414,2.0,2.0,25.88888931274414,0
376,1,376,377,27.22154426574707,27.22222137451172,2.0,3.0,29.22222137451172,0,32.39198684692383,27.22222137451172,2.0,3.0,29.22222137451172,1,27.22154426574707,27.22222137451172,2.0,3.0,29.22222137451172,0
376,2,376,377,24.63827133178711,24.66666603088379,2.0,1.0,26.66666603088379,0,29.400514602661133,23.33333396911621,2.0,1.0,25.33333396911621,1,24.63827133178711,24.66666603088379,2.0,1.0,26.66666603088379,0
376,3,376,377,23.88889503479004,23.88888931274414,2.0,2.0,25.88888931274414,0,28.00861358642578,23.88888931274414,2.0,2.0,25.88888931274414,1,23.88889503479004,23.88888931274414,2.0,2.0,25.88888931274414,0
377,1,377,378,27.22221565246582,27.22222137451172,2.0,3.0,29.22222137451172,0,32.80060958862305,27.22222137451172,2.0,3.0,29.22222137451172,1,27.22221565246582,27.22222137451172,2.0,3.0,29.22222137451172,0
377,2,377,378,24.990436553955078,25.0,2.0,1.0,27.0,0,29.7478084564209,24.66666603088379,2.0,1.0,26.66666603088379,1,24.990436553955078,25.0,2.0,1.0,27.0,0
377,3,377,378,24.432950973510742,24.44444465637207,2.0,2.0,26.44444465637207,0,28.476665496826172,23.88888931274414,2.0,2.0,25.88888931274414,1,24.432950973510742,24.44444465637207,2.0,2.0,26.44444465637207,0
378,1,378,379,27.222227096557617,27.22222137451172,2.0,3.0,29.22222137451172,0,32.85649490356445,27.22222137451172,2.0,3.0,29.22222137451172,1,27.222227096557617,27.22222137451172,2.0,3.0,29.22222137451172,0
378,2,378,379,24.99581527709961,25.0,2.0,1.0,27.0,0,29.594247817993164,25.0,2.0,1.0,27.0,1,24.99581527709961,25.0,2.0,1.0,27.0,0
378,3,378,379,24.444255828857422,24.44444465637207,2.0,2.0,26.44444465637207,0,28.799110412597656,24.44444465637207,2.0,2.0,26.44444465637207,1,24.444255828857422,24.44444465637207,2.0,2.0,26.44444465637207,0
379,1,379,380,27.222227096557617,27.22222137451172,2.0,3.0,29.22222137451172,0,33.05594253540039,27.22222137451172,2.0,3.0,29.22222137451172,1,27.222227096557617,27.22222137451172,2.0,3.0,29.22222137451172,0
379,2,379,380,24.9971981048584,25.0,2.0,1.0,27.0,0,28.72441864013672,25.0,2.0,1.0,27.0,1,24.9971981048584,25.0,2.0,1.0,27.0,0
379,3,379,380,24.444446563720703,24.44444465637207,2.0,2.0,26.44444465637207,0,27.993896484375,24.44444465637207,2.0,2.0,26.44444465637207,1,24.444446563720703,24.44444465637207,2.0,2.0,26.44444465637207,0
380,1,380,381,27.222209930419922,27.22222137451172,2.0,3.0,29.22222137451172,0,32.144283294677734,27.22222137451172,2.0,3.0,29.22222137451172,1,27.222209930419922,27.22222137451172,2.0,3.0,29.22222137451172,0
380,2,380,381,24.997623443603516,25.0,2.0,1.0,27.0,0,27.49816131591797,25.0,2.0,1.0,27.0,1,24.997623443603516,25.0,2.0,1.0,27.0,0
380,3,380,381,24.4444522857666,24.44444465637207,2.0,2.0,26.44444465637207,0,28.04233741760254,24.44444465637207,2.0,2.0,26.44444465637207,1,24.4444522857666,24.44444465637207,2.0,2.0,26.44444465637207,0
381,1,381,382,27.222211837768555,27.22222137451172,2.0,3.0,29.22222137451172,0,32.292877197265625,27.22222137451172,2.0,3.0,29.22222137451172,1,27.222211837768555,27.22222137451172,2.0,3.0,29.22222137451172,0
381,2,381,382,24.99772071838379,25.0,2.0,1.0,27.0,0,27.818649291992188,25.0,2.0,1.0,27.0,1,24.99772071838379,25.0,2.0,1.0,27.0,0
381,3,381,382,24.44445037841797,24.44444465637207,2.0,2.0,26.44444465637207,0,28.102001190185547,24.44444465637207,2.0,2.0,26.44444465637207,1,24.44445037841797,24.44444465637207,2.0,2.0,26.44444465637207,0
382,1,382,383,27.222227096557617,27.22222137451172,2.0,3.0,29.22222137451172,0,32.157684326171875,27.22222137451172,2.0,3.0,29.22222137451172,1,27.222227096557617,27.22222137451172,2.0,3.0,29.22222137451172,0
382,2,382,383,24.99781608581543,25.0,2.0,1.0,27.0,0,27.358646392822266,25.0,2.0,1.0,27.0,1,24.99781608581543,25.0,2.0,1.0,27.0,0
382,3,382,383,24.44445037841797,24.44444465637207,2.0,2.0,26.44444465637207,0,27.821645736694336,24.44444465637207,2.0,2.0,26.44444465637207,1,24.44445037841797,24.44444465637207,2.0,2.0,26.44444465637207,0
383,1,383,384,27.22221565246582,27.22222137451172,2.0,3.0,29.22222137451172,0,32.296993255615234,27.22222137451172,2.0,3.0,29.22222137451172,1,27.22221565246582,27.22222137451172,2.0,3.0,29.22222137451172,0
383,2,383,384,24.99801254272461,25.0,2.0,1.0,27.0,0,27.35071563720703,25.0,2.0,1.0,27.0,1,24.99801254272461,25.0,2.0,1.0,27.0,0
383,3,383,384,24.44445037841797,24.44444465637207,2.0,2.0,26.44444465637207,0,27.507675170898438,24.44444465637207,2.0,2.0,26.44444465637207,1,24.44445037841797,24.44444465637207,2.0,2.0,26.44444465637207,0
384,1,384,385,27.222227096557617,27.22222137451172,2.0,3.0,29.22222137451172,0,31.84927749633789,27.22222137451172,2.0,3.0,29.22222137451172,1,27.222227096557617,27.22222137451172,2.0,3.0,29.22222137451172,0
384,2,384,385,23.910018920898438,23.88888931274414,2.0,1.0,25.88888931274414,0,26.661056518554688,25.0,2.0,1.0,27.0,0,23.910018920898438,23.88888931274414,2.0,1.0,25.88888931274414,0
384,3,384,385,24.44445037841797,24.44444465637207,2.0,2.0,26.44444465637207,0,27.057697296142578,24.44444465637207,2.0,2.0,26.44444465637207,1,24.44445037841797,24.44444465637207,2.0,2.0,26.44444465637207,0
385,1,385,386,27.222209930419922,27.22222137451172,2.0,3.0,29.22222137451172,0,31.738712310791016,27.22222137451172,2.0,3.0,29.22222137451172,1,27.222209930419922,27.22222137451172,2.0,3.0,29.22222137451172,0
385,2,385,386,23.344165802001953,23.33333396911621,2.0,1.0,25.33333396911621,0,26.538311004638672,23.88888931274414,2.0,1.0,25.88888931274414,1,23.344165802001953,23.33333396911621,2.0,1.0,25.33333396911621,0
385,3,385,386,24.44445037841797,24.44444465637207,2.0,2.0,26.44444465637207,0,26.829505920410156,24.44444465637207,2.0,2.0,26.44444465637207,1,24.44445037841797,24.44444465637207,2.0,2.0,26.44444465637207,0
386,1,386,387,27.222225189208984,27.22222137451172,2.0,3.0,29.22222137451172,0,31.333160400390625,27.22222137451172,2.0,3.0,29.22222137451172,1,27.222225189208984,27.22222137451172,2.0,3.0,29.22222137451172,0
386,2,386,387,24.33537483215332,24.44444465637207,2.0,1.0,26.44444465637207,0,26.264713287353516,23.33333396911621,2.0,1.0,25.33333396911621,1,24.33537483215332,24.44444465637207,2.0,1.0,26.44444465637207,0
386,3,386,387,24.444438934326172,24.44444465637207,2.0,2.0,26.44444465637207,0,26.498790740966797,24.44444465637207,2.0,2.0,26.44444465637207,1,24.444438934326172,24.44444465637207,2.0,2.0,26.44444465637207,0
387,1,387,388,27.222196578979492,27.22222137451172,2.0,3.0,29.22222137451172,0,30.992210388183594,27.22222137451172,2.0,3.0,29.22222137451172,1,27.222196578979492,27.22222137451172,2.0,3.0,29.22222137451172,0
387,2,387,388,24.835575103759766,25.0,2.0,1.0,27.0,0,26.395042419433594,24.44444465637207,2.0,1.0,26.44444465637207,0,24.835575103759766,25.0,2.0,1.0,27.0,0
387,3,387,388,24.44445037841797,24.44444465637207,2.0,2.0,26.44444465637207,0,26.173484802246094,24.44444465637207,2.0,2.0,26.44444465637207,0,24.44445037841797,24.44444465637207,2.0,2.0,26.44444465637207,0
388,1,388,389,27.222183227539062,27.22222137451172,2.0,3.0,29.22222137451172,0,30.670211791992188,27.22222137451172,2.0,3.0,29.22222137451172,1,27.222183227539062,27.22222137451172,2.0,3.0,29.22222137451172,0
388,2,388,389,24.99726676940918,25.0,2.0,1.0,27.0,0,26.476102828979492,25.0,2.0,1.0,27.0,0,24.99726676940918,25.0,2.0,1.0,27.0,0
388,3,388,389,24.44440269470215,24.44444465637207,2.0,2.0,26.44444465637207,0,25.832111358642578,24.44444465637207,2.0,2.0,26.44444465637207,0,24.44440269470215,24.44444465637207,2.0,2.0,26.44444465637207,0
389,1,389,390,27.222200393676758,27.22222137451172,2.0,3.0,29.22222137451172,0,30.375999450683594,27.22222137451172,2.0,3.0,29.22222137451172,1,27.222200393676758,27.22222137451172,2.0,3.0,29.22222137451172,0
389,2,389,390,24.999359130859375,25.0,2.0,1.0,27.0,0,26.31435775756836,25.0,2.0,1.0,27.0,0,24.999359130859375,25.0,2.0,1.0,27.0,0
389,3,389,390,24.444408416748047,24.44444465637207,2.0,2.0,26.44444465637207,0,25.508451461791992,24.44444465637207,2.0,2.0,26.44444465637207,0,24.444408416748047,24.44444465637207,2.0,2.0,26.44444465637207,0
390,1,390,391,27.22222328186035,27.22222137451172,2.0,3.0,29.22222137451172,0,30.699939727783203,27.22222137451172,2.0,3.0,29.22222137451172,1,27.22222328186035,27.22222137451172,2.0,3.0,29.22222137451172,0
390,2,390,391,24.99824333190918,25.0,2.0,0.0,27.0,0,26.66797637939453,25.0,2.0,1.0,27.0,0,24.99824333190918,25.0,2.0,0.0,27.0,0
390,3,390,391,24.444448471069336,24.44444465637207,2.0,2.0,26.44444465637207,0,26.012165069580078,24.44444465637207,2.0,2.0,26.44444465637207,0,24.444448471069336,24.44444465637207,2.0,2.0,26.44444465637207,0
391,1,391,392,27.22222328186035,27.22222137451172,2.0,3.0,29.22222137451172,0,30.579917907714844,27.22222137451172,2.0,3.0,29.22222137451172,1,27.22222328186035,27.22222137451172,2.0,3.0,29.22222137451172,0
391,2,391,392,24.997379302978516,25.0,2.0,1.0,27.0,0,27.03448486328125,25.0,2.0,0.0,27.0,0,24.997379302978516,25.0,2.0,1.0,27.0,0
391,3,391,392,24.225059509277344,24.22222137451172,2.0,1.0,26.22222137451172,0,26.03573989868164,24.44444465637207,2.0,2.0,26.44444465637207,0,24.225059509277344,24.22222137451172,2.0,1.0,26.22222137451172,0
392,1,392,393,27.22222328186035,27.22222137451172,2.0,3.0,29.22222137451172,0,30.27322769165039,27.22222137451172,2.0,3.0,29.22222137451172,1,27.22222328186035,27.22222137451172,2.0,3.0,29.22222137451172,0
392,2,392,393,24.99827766418457,25.0,2.0,1.0,27.0,0,27.208370208740234,25.0,2.0,1.0,27.0,1,24.99827766418457,25.0,2.0,1.0,27.0,0
392,3,392,393,23.89208984375,23.88888931274414,2.0,2.0,25.88888931274414,0,25.918540954589844,24.22222137451172,2.0,1.0,26.22222137451172,0,23.89208984375,23.88888931274414,2.0,2.0,25.88888931274414,0
393,1,393,394,27.22222328186035,27.22222137451172,2.0,3.0,29.22222137451172,0,31.117599487304688,27.22222137451172,2.0,3.0,29.22222137451172,1,27.22222328186035,27.22222137451172,2.0,3.0,29.22222137451172,0
393,2,393,394,24.998308181762695,25.0,2.0,1.0,27.0,0,27.207435607910156,25.0,2.0,1.0,27.0,1,24.998308181762695,25.0,2.0,1.0,27.0,0
393,3,393,394,23.888912200927734,23.88888931274414,2.0,2.0,25.88888931274414,0,26.156360626220703,23.88888931274414,2.0,2.0,25.88888931274414,1,23.888912200927734,23.88888931274414,2.0,2.0,25.88888931274414,0
394,1,394,395,27.222225189208984,27.22222137451172,2.0,3.0,29.22222137451172,0,31.285694122314453,27.22222137451172,2.0,3.0,29.22222137451172,1,27.222225189208984,27.22222137451172,2.0,3.0,29.22222137451172,0
394,2,394,395,24.99805450439453,25.0,2.0,1.0,27.0,0,27.607967376708984,25.0,2.0,1.0,27.0,1,24.99805450439453,25.0,2.0,1.0,27.0,0
394,3,394,395,23.888893127441406,23.88888931274414,2.0,2.0,25.88888931274414,0,26.161439895629883,23.88888931274414,2.0,2.0,25.88888931274414,1,23.888893127441406,23.88888931274414,2.0,2.0,25.88888931274414,0
395,1,395,396,25.58525848388672,25.55555534362793,2.0,2.0,27.55555534362793,0,31.84823226928711,27.22222137451172,2.0,3.0,29.22222137451172,1,25.58525848388672,25.55555534362793,2.0,2.0,27.55555534362793,0
395,2,395,396,24.997501373291016,25.0,2.0,1.0,27.0,0,28.058155059814453,25.0,2.0,1.0,27.0,1,24.997501373291016,25.0,2.0,1.0,27.0,0
395,3,395,396,23.888893127441406,23.88888931274414,2.0,2.0,25.88888931274414,0,26.526824951171875,23.88888931274414,2.0,2.0,25.88888931274414,1,23.888893127441406,23.88888931274414,2.0,2.0,25.88888931274414,0
396,1,396,397,25.08447265625,25.0,2.0,2.0,27.0,0,32.262943267822266,25.55555534362793,2.0,2.0,27.55555534362793,1,25.08447265625,25.0,2.0,2.0,27.0,0
396,2,396,397,24.996366500854492,25.0,2.0,1.0,27.0,0,28.702558517456055,25.0,2.0,1.0,27.0,1,24.996366500854492,25.0,2.0,1.0,27.0,0
396,3,396,397,23.888893127441406,23.88888931274414,2.0,2.0,25.88888931274414,0,26.76947021484375,23.88888931274414,2.0,2.0,25.88888931274414,1,23.888893127441406,23.88888931274414,2.0,2.0,25.88888931274414,0
397,1,397,398,26.657062530517578,26.66666603088379,2.0,2.0,28.66666603088379,0,32.44890213012695,25.0,2.0,2.0,27.0,1,26.657062530517578,26.66666603088379,2.0,2.0,28.66666603088379,0
397,2,397,398,24.99397087097168,25.0,2.0,1.0,27.0,0,29.02350616455078,25.0,2.0,1.0,27.0,1,24.99397087097168,25.0,2.0,1.0,27.0,0
397,3,397,398,23.888896942138672,23.88888931274414,2.0,1.0,25.88888931274414,0,27.039648056030273,23.88888931274414,2.0,2.0,25.88888931274414,1,23.888896942138672,23.88888931274414,2.0,1.0,25.88888931274414,0
398,1,398,399,25.58102035522461,25.55555534362793,2.0,2.0,27.55555534362793,0,32.685428619384766,26.66666603088379,2.0,2.0,28.66666603088379,1,25.58102035522461,25.55555534362793,2.0,2.0,27.55555534362793,0
398,2,398,399,24.990278244018555,25.0,2.0,1.0,27.0,0,29.530906677246094,25.0,2.0,1.0,27.0,1,24.990278244018555,25.0,2.0,1.0,27.0,0
398,3,398,399,23.888898849487305,23.88888931274414,2.0,1.0,25.88888931274414,0,27.19765281677246,23.88888931274414,2.0,1.0,25.88888931274414,1,23.888898849487305,23.88888931274414,2.0,1.0,25.88888931274414,0
399,1,399,400,23.658174514770508,23.5,2.0,2.0,25.5,0,33.17574691772461,25.55555534362793,2.0,2.0,27.55555534362793,1,23.658174514770508,23.5,2.0,2.0,25.5,0
399,2,399,400,24.992408752441406,25.0,2.0,1.0,27.0,0,30.080242156982422,25.0,2.0,1.0,27.0,1,24.992408752441406,25.0,2.0,1.0,27.0,0
399,3,399,400,23.888896942138672,23.88888931274414,2.0,1.0,25.88888931274414,0,27.50431251525879,23.88888931274414,2.0,1.0,25.88888931274414,1,23.888896942138672,23.88888931274414,2.0,1.0,25.88888931274414,0
400,1,400,401,23.377838134765625,23.33333396911621,2.0,3.0,25.33333396911621,0,33.63785171508789,23.5,2.0,2.0,25.5,1,23.377838134765625,23.33333396911621,2.0,3.0,25.33333396911621,0
400,2,400,401,24.995031356811523,25.0,2.0,1.0,27.0,0,30.33846664428711,25.0,2.0,1.0,27.0,1,24.995031356811523,25.0,2.0,1.0,27.0,0
400,3,400,401,23.88889503479004,23.88888931274414,2.0,2.0,25.88888931274414,0,27.791576385498047,23.88888931274414,2.0,1.0,25.88888931274414,1,23.88889503479004,23.88888931274414,2.0,2.0,25.88888931274414,0
401,1,401,402,24.260374069213867,24.27777862548828,2.0,3.0,26.27777862548828,0,34.118858337402344,23.33333396911621,2.0,3.0,25.33333396911621,1,24.260374069213867,24.27777862548828,2.0,3.0,26.27777862548828,0
401,2,401,402,24.995250701904297,25.0,2.0,1.0,27.0,0,30.770244598388672,25.0,2.0,1.0,27.0,1,24.995250701904297,25.0,2.0,1.0,27.0,0
401,3,401,402,24.438859939575195,24.44444465637207,2.0,2.0,26.44444465637207,0,28.324115753173828,23.88888931274414,2.0,2.0,25.88888931274414,1,24.438859939575195,24.44444465637207,2.0,2.0,26.44444465637207,0
402,1,402,403,24.424718856811523,24.44444465637207,2.0,3.0,26.44444465637207,0,34.47694778442383,24.27777862548828,2.0,3.0,26.27777862548828,1,24.424718856811523,24.44444465637207,2.0,3.0,26.44444465637207,0
402,2,402,403,24.996479034423828,25.0,2.0,1.0,27.0,0,31.243091583251953,25.0,2.0,1.0,27.0,1,24.996479034423828,25.0,2.0,1.0,27.0,0
402,3,402,403,24.116308212280273,24.11111068725586,2.0,2.0,26.11111068725586,0,29.00914192199707,24.44444465637207,2.0,2.0,26.44444465637207,1,24.116308212280273,24.11111068725586,2.0,2.0,26.11111068725586,0
403,1,403,404,25.300912857055664,25.33333396911621,2.0,3.0,27.33333396911621,0,34.38816452026367,24.44444465637207,2.0,3.0,26.44444465637207,1,25.300912857055664,25.33333396911621,2.0,3.0,27.33333396911621,0
403,2,403,404,24.997106552124023,25.0,2.0,1.0,27.0,0,31.834331512451172,25.0,2.0,1.0,27.0,1,24.997106552124023,25.0,2.0,1.0,27.0,0
403,3,403,404,23.67446517944336,23.66666603088379,2.0,2.0,25.66666603088379,0,29.09420394897461,24.11111068725586,2.0,2.0,26.11111068725586,1,23.67446517944336,23.66666603088379,2.0,2.0,25.66666603088379,0
404,1,404,405,26.635265350341797,26.66666603088379,2.0,3.0,28.66666603088379,0,34.656532287597656,25.33333396911621,2.0,3.0,27.33333396911621,1,26.635265350341797,26.66666603088379,2.0,3.0,28.66666603088379,0
404,2,404,405,24.997461318969727,25.0,2.0,1.0,27.0,0,32.32085418701172,25.0,2.0,1.0,27.0,1,24.997461318969727,25.0,2.0,1.0,27.0,0
404,3,404,405,23.340206146240234,23.33333396911621,2.0,2.0,25.33333396911621,0,29.712739944458008,23.66666603088379,2.0,2.0,25.66666603088379,1,23.340206146240234,23.33333396911621,2.0,2.0,25.33333396911621,0
405,1,405,406,24.85686492919922,24.77777862548828,2.0,3.0,26.77777862548828,0,33.168434143066406,26.66666603088379,2.0,3.0,28.66666603088379,1,24.85686492919922,24.77777862548828,2.0,3.0,26.77777862548828,0
405,2,405,406,24.9973201751709,25.0,2.0,1.0,27.0,0,30.60735321044922,25.0,2.0,1.0,27.0,1,24.9973201751709,25.0,2.0,1.0,27.0,0
405,3,405,406,23.333471298217773,23.33333396911621,2.0,2.0,25.33333396911621,0,28.383365631103516,23.33333396911621,2.0,2.0,25.33333396911621,1,23.333471298217773,23.33333396911621,2.0,2.0,25.33333396911621,0
406,1,406,407,24.45140266418457,24.44444465637207,2.0,3.0,26.44444465637207,0,33.51152038574219,24.77777862548828,2.0,3.0,26.77777862548828,1,24.45140266418457,24.44444465637207,2.0,3.0,26.44444465637207,0
406,2,406,407,24.997669219970703,25.0,2.0,1.0,27.0,0,30.769184112548828,25.0,2.0,1.0,27.0,1,24.997669219970703,25.0,2.0,1.0,27.0,0
406,3,406,407,23.441795349121094,23.44444465637207,2.0,2.0,25.44444465637207,0,28.107589721679688,23.33333396911621,2.0,2.0,25.33333396911621,1,23.441795349121094,23.44444465637207,2.0,2.0,25.44444465637207,0
407,1,407,408,24.444618225097656,24.44444465637207,2.0,3.0,26.44444465637207,0,32.90614318847656,24.44444465637207,2.0,3.0,26.44444465637207,1,24.444618225097656,24.44444465637207,2.0,3.0,26.44444465637207,0
407,2,407,408,24.997900009155273,25.0,2.0,1.0,27.0,0,29.519657135009766,25.0,2.0,1.0,27.0,1,24.997900009155273,25.0,2.0,1.0,27.0,0
407,3,407,408,24.43267250061035,24.44444465637207,2.0,2.0,26.44444465637207,0,27.528066635131836,23.44444465637207,2.0,2.0,25.44444465637207,1,24.43267250061035,24.44444465637207,2.0,2.0,26.44444465637207,0
408,1,408,409,23.391094207763672,23.27777862548828,2.0,3.0,25.27777862548828,0,32.64710998535156,24.44444465637207,2.0,3.0,26.44444465637207,1,23.391094207763672,23.27777862548828,2.0,3.0,25.27777862548828,0
408,2,408,409,23.537710189819336,23.5,2.0,1.0,25.5,0,28.934703826904297,25.0,2.0,1.0,27.0,1,23.537710189819336,23.5,2.0,1.0,25.5,0
408,3,408,409,24.44423484802246,24.44444465637207,2.0,2.0,26.44444465637207,0,27.06468963623047,24.44444465637207,2.0,2.0,26.44444465637207,1,24.44423484802246,24.44444465637207,2.0,2.0,26.44444465637207,0
409,1,409,410,22.261699676513672,22.22222137451172,2.0,3.0,24.22222137451172,0,32.71308898925781,23.27777862548828,2.0,3.0,25.27777862548828,1,22.261699676513672,22.22222137451172,2.0,3.0,24.22222137451172,0
409,2,409,410,23.33499526977539,23.33333396911621,2.0,1.0,25.33333396911621,0,28.571224212646484,23.5,2.0,1.0,25.5,1,23.33499526977539,23.33333396911621,2.0,1.0,25.33333396911621,0
409,3,409,410,24.444425582885742,24.44444465637207,2.0,2.0,26.44444465637207,0,26.57992172241211,24.44444465637207,2.0,2.0,26.44444465637207,1,24.444425582885742,24.44444465637207,2.0,2.0,26.44444465637207,0
410,1,410,411,22.223384857177734,22.22222137451172,2.0,3.0,24.22222137451172,0,31.812503814697266,22.22222137451172,2.0,3.0,24.22222137451172,1,22.223384857177734,22.22222137451172,2.0,3.0,24.22222137451172,0
410,2,410,411,24.447296142578125,24.83333396911621,2.0,1.0,26.83333396911621,0,27.96396255493164,23.33333396911621,2.0,1.0,25.33333396911621,1,24.447296142578125,24.83333396911621,2.0,1.0,26.83333396911621,0
410,3,410,411,24.44442367553711,24.44444465637207,2.0,2.0,26.44444465637207,0,26.31238555908203,24.44444465637207,2.0,2.0,26.44444465637207,0,24.44442367553711,24.44444465637207,2.0,2.0,26.44444465637207,0
411,1,411,412,22.222326278686523,22.22222137451172,2.0,3.0,24.22222137451172,0,31.288105010986328,22.22222137451172,2.0,3.0,24.22222137451172,1,22.222326278686523,22.22222137451172,2.0,3.0,24.22222137451172,0
411,2,411,412,24.847293853759766,25.0,2.0,1.0,27.0,0,27.919437408447266,24.83333396911621,2.0,1.0,26.83333396911621,1,24.847293853759766,25.0,2.0,1.0,27.0,0
411,3,411,412,24.44443702697754,24.44444465637207,2.0,2.0,26.44444465637207,0,25.970531463623047,24.44444465637207,2.0,2.0,26.44444465637207,0,24.44443702697754,24.44444465637207,2.0,2.0,26.44444465637207,0
412,1,412,413,22.222246170043945,22.22222137451172,2.0,3.0,24.22222137451172,0,30.754039764404297,22.22222137451172,2.0,3.0,24.22222137451172,1,22.222246170043945,22.22222137451172,2.0,3.0,24.22222137451172,0
412,2,412,413,24.999404907226562,25.0,2.0,1.0,27.0,0,27.772741317749023,25.0,2.0,1.0,27.0,1,24.999404907226562,25.0,2.0,1.0,27.0,0
412,3,412,413,24.44441795349121,24.44444465637207,2.0,2.0,26.44444465637207,0,25.675182342529297,24.44444465637207,2.0,2.0,26.44444465637207,0,24.44441795349121,24.44444465637207,2.0,2.0,26.44444465637207,0
413,1,413,414,22.22225570678711,22.22222137451172,2.0,3.0,24.22222137451172,0,30.288330078125,22.22222137451172,2.0,3.0,24.22222137451172,1,22.22225570678711,22.22222137451172,2.0,3.0,24.22222137451172,0
413,2,413,414,24.99945068359375,25.0,2.0,1.0,27.0,0,27.52722930908203,25.0,2.0,1.0,27.0,1,24.99945068359375,25.0,2.0,1.0,27.0,0
413,3,413,414,24.444448471069336,24.44444465637207,2.0,2.0,26.44444465637207,0,25.431060791015625,24.44444465637207,2.0,2.0,26.44444465637207,0,24.444448471069336,24.44444465637207,2.0,2.0,26.44444465637207,0
414,1,414,415,22.222240447998047,22.22222137451172,2.0,1.0,24.22222137451172,0,29.871078491210938,22.22222137451172,2.0,3.0,24.22222137451172,1,22.222240447998047,22.22222137451172,2.0,1.0,24.22222137451172,0
414,2,414,415,24.987035751342773,25.0,2.0,1.0,27.0,0,27.221830368041992,25.0,2.0,1.0,27.0,1,24.987035751342773,25.0,2.0,1.0,27.0,0
414,3,414,415,24.44445037841797,24.44444465637207,2.0,2.0,26.44444465637207,0,25.242916107177734,24.44444465637207,2.0,2.0,26.44444465637207,0,24.44445037841797,24.44444465637207,2.0,2.0,26.44444465637207,0
415,1,415,416,22.277408599853516,22.27777862548828,2.0,1.0,24.27777862548828,0,29.624256134033203,22.22222137451172,2.0,1.0,24.22222137451172,1,22.277408599853516,22.27777862548828,2.0,1.0,24.27777862548828,0
415,2,415,416,24.17452049255371,24.16666603088379,2.0,1.0,26.16666603088379,0,27.423229217529297,25.0,2.0,1.0,27.0,1,24.17452049255371,24.16666603088379,2.0,1.0,26.16666603088379,0
415,3,415,416,24.444448471069336,24.44444465637207,2.0,1.0,26.44444465637207,0,25.357406616210938,24.44444465637207,2.0,2.0,26.44444465637207,0,24.444448471069336,24.44444465637207,2.0,1.0,26.44444465637207,0
416,1,416,417,22.776700973510742,22.77777862548828,2.0,1.0,24.77777862548828,0,29.589496612548828,22.27777862548828,2.0,1.0,24.27777862548828,1,22.776700973510742,22.77777862548828,2.0,1.0,24.77777862548828,0
416,2,416,417,23.88751983642578,23.88888931274414,2.0,1.0,25.88888931274414,0,27.471956253051758,24.16666603088379,2.0,1.0,26.16666603088379,1,23.88751983642578,23.88888931274414,2.0,1.0,25.88888931274414,0
416,3,416,417,24.058231353759766,24.05555534362793,2.0,0.0,26.05555534362793,0,25.517105102539062,24.44444465637207,2.0,1.0,26.44444465637207,0,24.058231353759766,24.05555534362793,2.0,0.0,26.05555534362793,0
417,1,417,418,24.367164611816406,24.44444465637207,2.0,1.0,26.44444465637207,0,29.74007797241211,22.77777862548828,2.0,1.0,24.77777862548828,1,24.367164611816406,24.44444465637207,2.0,1.0,26.44444465637207,0
417,2,417,418,24.7149600982666,24.72222137451172,2.0,1.0,26.72222137451172,0,27.92884063720703,23.88888931274414,2.0,1.0,25.88888931274414,1,24.7149600982666,24.72222137451172,2.0,1.0,26.72222137451172,0
417,3,417,418,23.889896392822266,23.88888931274414,2.0,0.0,25.88888931274414,0,25.28170394897461,24.05555534362793,2.0,0.0,26.05555534362793,0,23.889896392822266,23.88888931274414,2.0,0.0,25.88888931274414,0
418,1,418,419,24.44432258605957,24.44444465637207,2.0,1.0,26.44444465637207,0,29.88434600830078,24.44444465637207,2.0,1.0,26.44444465637207,1,24.44432258605957,24.44444465637207,2.0,1.0,26.44444465637207,0
418,2,418,419,24.99762535095215,25.0,2.0,1.0,27.0,0,28.862262725830078,24.72222137451172,2.0,1.0,26.72222137451172,1,24.99762535095215,25.0,2.0,1.0,27.0,0
418,3,418,419,23.888900756835938,23.88888931274414,2.0,0.0,25.88888931274414,0,25.245479583740234,23.88888931274414,2.0,0.0,25.88888931274414,0,23.888900756835938,23.88888931274414,2.0,0.0,25.88888931274414,0
419,1,419,420,24.444448471069336,24.44444465637207,2.0,1.0,26.44444465637207,0,30.218257904052734,24.44444465637207,2.0,1.0,26.44444465637207,1,24.444448471069336,24.44444465637207,2.0,1.0,26.44444465637207,0
419,2,419,420,24.997190475463867,25.0,2.0,1.0,27.0,0,29.66575050354004,25.0,2.0,1.0,27.0,1,24.997190475463867,25.0,2.0,1.0,27.0,0
419,3,419,420,23.88889503479004,23.88888931274414,2.0,0.0,25.88888931274414,0,25.066303253173828,23.88888931274414,2.0,0.0,25.88888931274414,0,23.88889503479004,23.88888931274414,2.0,0.0,25.88888931274414,0
420,1,420,421,24.499187469482422,24.5,2.0,1.0,26.5,0,30.55911636352539,24.44444465637207,2.0,1.0,26.44444465637207,1,24.499187469482422,24.5,2.0,1.0,26.5,0
420,2,420,421,24.994400024414062,25.0,2.0,1.0,27.0,0,30.40575408935547,25.0,2.0,1.0,27.0,1,24.994400024414062,25.0,2.0,1.0,27.0,0
420,3,420,421,23.88889503479004,23.88888931274414,2.0,0.0,25.88888931274414,0,25.22897720336914,23.88888931274414,2.0,0.0,25.88888931274414,0,23.88889503479004,23.88888931274414,2.0,0.0,25.88888931274414,0
421,1,421,422,25.633108139038086,25.66666603088379,2.0,1.0,27.66666603088379,0,31.234825134277344,24.5,2.0,1.0,26.5,1,25.633108139038086,25.66666603088379,2.0,1.0,27.66666603088379,0
421,2,421,422,24.72241973876953,24.72222137451172,2.0,1.0,26.72222137451172,0,30.95329475402832,25.0,2.0,1.0,27.0,1,24.72241973876953,24.72222137451172,2.0,1.0,26.72222137451172,0
421,3,421,422,23.888896942138672,23.88888931274414,2.0,0.0,25.88888931274414,0,25.596298217773438,23.88888931274414,2.0,0.0,25.88888931274414,0,23.888896942138672,23.88888931274414,2.0,0.0,25.88888931274414,0
422,1,422,423,24.569612503051758,24.44444465637207,2.0,0.0,26.44444465637207,0,31.391178131103516,25.66666603088379,2.0,1.0,27.66666603088379,1,24.569612503051758,24.44444465637207,2.0,0.0,26.44444465637207,0
422,2,422,423,23.947853088378906,23.88888931274414,2.0,1.0,25.88888931274414,0,31.230762481689453,24.72222137451172,2.0,1.0,26.72222137451172,1,23.947853088378906,23.88888931274414,2.0,1.0,25.88888931274414,0
422,3,422,423,23.888898849487305,23.88888931274414,2.0,0.0,25.88888931274414,0,25.498680114746094,23.88888931274414,2.0,0.0,25.88888931274414,0,23.888898849487305,23.88888931274414,2.0,0.0,25.88888931274414,0
423,1,423,424,24.447555541992188,24.44444465637207,2.0,0.0,26.44444465637207,0,31.837650299072266,24.44444465637207,2.0,0.0,26.44444465637207,0,24.447555541992188,24.44444465637207,2.0,0.0,26.44444465637207,0
423,2,423,424,24.144405364990234,24.16666603088379,2.0,1.0,26.16666603088379,0,31.425142288208008,23.88888931274414,2.0,1.0,25.88888931274414,1,24.144405364990234,24.16666603088379,2.0,1.0,26.16666603088379,0
423,3,423,424,23.88895034790039,23.88888931274414,2.0,0.0,25.88888931274414,0,25.80066680908203,23.88888931274414,2.0,0.0,25.88888931274414,0,23.88895034790039,23.88888931274414,2.0,0.0,25.88888931274414,0
424,1,424,425,24.444486618041992,24.44444465637207,2.0,0.0,26.44444465637207,0,32.07667922973633,24.44444465637207,2.0,0.0,26.44444465637207,0,24.444486618041992,24.44444465637207,2.0,0.0,26.44444465637207,0
424,2,424,425,24.99183464050293,25.0,2.0,1.0,27.0,0,31.68728256225586,24.16666603088379,2.0,1.0,26.16666603088379,1,24.99183464050293,25.0,2.0,1.0,27.0,0
424,3,424,425,23.88889503479004,23.88888931274414,2.0,0.0,25.88888931274414,0,25.954940795898438,23.88888931274414,2.0,0.0,25.88888931274414,0,23.88889503479004,23.88888931274414,2.0,0.0,25.88888931274414,0
425,1,425,426,24.22572135925293,24.22222137451172,2.0,1.0,26.22222137451172,0,31.879619598388672,24.44444465637207,2.0,0.0,26.44444465637207,0,24.22572135925293,24.22222137451172,2.0,1.0,26.22222137451172,0
425,2,425,426,24.996767044067383,25.0,2.0,0.0,27.0,0,31.27334213256836,25.0,2.0,1.0,27.0,1,24.996767044067383,25.0,2.0,0.0,27.0,0
425,3,425,426,24.108930587768555,24.11111068725586,2.0,1.0,26.11111068725586,0,25.878808975219727,23.88888931274414,2.0,0.0,25.88888931274414,0,24.108930587768555,24.11111068725586,2.0,1.0,26.11111068725586,0
426,1,426,427,23.3494815826416,23.33333396911621,2.0,1.0,25.33333396911621,0,31.836257934570312,24.22222137451172,2.0,1.0,26.22222137451172,1,23.3494815826416,23.33333396911621,2.0,1.0,25.33333396911621,0
426,2,426,427,24.99736976623535,25.0,2.0,0.0,27.0,0,29.72385597229004,25.0,2.0,0.0,27.0,0,24.99736976623535,25.0,2.0,0.0,27.0,0
426,3,426,427,23.891042709350586,23.88888931274414,2.0,1.0,25.88888931274414,0,26.246482849121094,24.11111068725586,2.0,1.0,26.11111068725586,1,23.891042709350586,23.88888931274414,2.0,1.0,25.88888931274414,0
427,1,427,428,23.553064346313477,23.55555534362793,2.0,1.0,25.55555534362793,0,30.85055160522461,23.33333396911621,2.0,1.0,25.33333396911621,1,23.553064346313477,23.55555534362793,2.0,1.0,25.55555534362793,0
427,2,427,428,24.997922897338867,25.0,2.0,1.0,27.0,0,25.666728973388672,25.0,2.0,0.0,27.0,0,24.997922897338867,25.0,2.0,1.0,27.0,0
427,3,427,428,23.888912200927734,23.88888931274414,2.0,1.0,25.88888931274414,0,26.117530822753906,23.88888931274414,2.0,1.0,25.88888931274414,1,23.888912200927734,23.88888931274414,2.0,1.0,25.88888931274414,0
428,1,428,429,24.441442489624023,24.44444465637207,2.0,3.0,26.44444465637207,0,31.471782684326172,23.55555534362793,2.0,1.0,25.55555534362793,1,24.441442489624023,24.44444465637207,2.0,3.0,26.44444465637207,0
428,2,428,429,24.997861862182617,25.0,2.0,1.0,27.0,0,26.838821411132812,25.0,2.0,1.0,27.0,0,24.997861862182617,25.0,2.0,1.0,27.0,0
428,3,428,429,23.88889503479004,23.88888931274414,2.0,2.0,25.88888931274414,0,25.807533264160156,23.88888931274414,2.0,1.0,25.88888931274414,0,23.88889503479004,23.88888931274414,2.0,2.0,25.88888931274414,0
429,1,429,430,24.444271087646484,24.44444465637207,2.0,3.0,26.44444465637207,0,31.771923065185547,24.44444465637207,2.0,3.0,26.44444465637207,1,24.444271087646484,24.44444465637207,2.0,3.0,26.44444465637207,0
429,2,429,430,24.99781608581543,25.0,2.0,1.0,27.0,0,26.501718521118164,25.0,2.0,1.0,27.0,0,24.99781608581543,25.0,2.0,1.0,27.0,0
429,3,429,430,23.88889503479004,23.88888931274414,2.0,2.0,25.88888931274414,0,25.173091888427734,23.88888931274414,2.0,2.0,25.88888931274414,0,23.88889503479004,23.88888931274414,2.0,2.0,25.88888931274414,0
430,1,430,431,24.444448471069336,24.44444465637207,2.0,3.0,26.44444465637207,0,31.39105224609375,24.44444465637207,2.0,3.0,26.44444465637207,1,24.444448471069336,24.44444465637207,2.0,3.0,26.44444465637207,0
430,2,430,431,24.998111724853516,25.0,2.0,1.0,27.0,0,26.500600814819336,25.0,2.0,1.0,27.0,0,24.998111724853516,25.0,2.0,1.0,27.0,0
430,3,430,431,23.888896942138672,23.88888931274414,2.0,2.0,25.88888931274414,0,25.241445541381836,23.88888931274414,2.0,2.0,25.88888931274414,0,23.888896942138672,23.88888931274414,2.0,2.0,25.88888931274414,0
431,1,431,432,24.444454193115234,24.44444465637207,2.0,3.0,26.44444465637207,0,30.812286376953125,24.44444465637207,2.0,3.0,26.44444465637207,1,24.444454193115234,24.44444465637207,2.0,3.0,26.44444465637207,0
431,2,431,432,24.348512649536133,24.33333396911621,2.0,1.0,26.33333396911621,0,26.106037139892578,25.0,2.0,1.0,27.0,0,24.348512649536133,24.33333396911621,2.0,1.0,26.33333396911621,0
431,3,431,432,24.438695907592773,24.44444465637207,2.0,2.0,26.44444465637207,0,24.957046508789062,23.88888931274414,2.0,2.0,25.88888931274414,0,24.438695907592773,24.44444465637207,2.0,2.0,26.44444465637207,0
432,1,432,433,23.33792495727539,23.27777862548828,2.0,3.0,25.27777862548828,0,30.655685424804688,24.44444465637207,2.0,3.0,26.44444465637207,1,23.33792495727539,23.27777862548828,2.0,3.0,25.27777862548828,0
432,2,432,433,22.82278823852539,22.77777862548828,2.0,1.0,24.77777862548828,0,25.9937744140625,24.33333396911621,2.0,1.0,26.33333396911621,0,22.82278823852539,22.77777862548828,2.0,1.0,24.77777862548828,0
432,3,432,433,24.44427490234375,24.44444465637207,2.0,2.0,26.44444465637207,0,24.725526809692383,24.44444465637207,2.0,2.0,26.44444465637207,0,24.44427490234375,24.44444465637207,2.0,2.0,26.44444465637207,0
433,1,433,434,22.259347915649414,22.22222137451172,2.0,3.0,24.22222137451172,0,30.252872467041016,23.27777862548828,2.0,3.0,25.27777862548828,1,22.259347915649414,22.22222137451172,2.0,3.0,24.22222137451172,0
433,2,433,434,23.433483123779297,23.44444465637207,2.0,1.0,25.44444465637207,0,25.359163284301758,22.77777862548828,2.0,1.0,24.77777862548828,1,23.433483123779297,23.44444465637207,2.0,1.0,25.44444465637207,0
433,3,433,434,24.44441795349121,24.44444465637207,2.0,2.0,26.44444465637207,0,24.642234802246094,24.44444465637207,2.0,2.0,26.44444465637207,0,24.44441795349121,24.44444465637207,2.0,2.0,26.44444465637207,0
434,1,434,435,22.22335433959961,22.22222137451172,2.0,3.0,24.22222137451172,0,30.040199279785156,22.22222137451172,2.0,3.0,24.22222137451172,1,22.22335433959961,22.22222137451172,2.0,3.0,24.22222137451172,0
434,2,434,435,24.27581024169922,25.0,2.0,1.0,27.0,0,25.344097137451172,23.44444465637207,2.0,1.0,25.44444465637207,0,24.27581024169922,25.0,2.0,1.0,27.0,0
434,3,434,435,24.444412231445312,24.44444465637207,2.0,2.0,26.44444465637207,0,24.544246673583984,24.44444465637207,2.0,2.0,26.44444465637207,0,24.444412231445312,24.44444465637207,2.0,2.0,26.44444465637207,0
435,1,435,436,22.222368240356445,22.22222137451172,2.0,3.0,24.22222137451172,0,29.70169448852539,22.22222137451172,2.0,3.0,24.22222137451172,1,22.222368240356445,22.22222137451172,2.0,3.0,24.22222137451172,0
435,2,435,436,24.599239349365234,25.0,2.0,1.0,27.0,0,25.64440155029297,25.0,2.0,1.0,27.0,0,24.599239349365234,25.0,2.0,1.0,27.0,0
435,3,435,436,24.44442367553711,24.44444465637207,2.0,2.0,26.44444465637207,0,24.30599021911621,24.44444465637207,2.0,2.0,26.44444465637207,0,24.44442367553711,24.44444465637207,2.0,2.0,26.44444465637207,0
436,1,436,437,22.222312927246094,22.22222137451172,2.0,2.0,24.22222137451172,0,28.866493225097656,22.22222137451172,2.0,3.0,24.22222137451172,1,22.222312927246094,22.22222137451172,2.0,2.0,24.22222137451172,0
436,2,436,437,24.865312576293945,25.0,2.0,1.0,27.0,0,25.44043731689453,25.0,2.0,1.0,27.0,0,24.865312576293945,25.0,2.0,1.0,27.0,0
436,3,436,437,24.44445037841797,24.44444465637207,2.0,2.0,26.44444465637207,0,24.285083770751953,24.44444465637207,2.0,2.0,26.44444465637207,0,24.44445037841797,24.44444465637207,2.0,2.0,26.44444465637207,0
437,1,437,438,22.22224235534668,22.22222137451172,2.0,2.0,24.22222137451172,0,28.71070098876953,22.22222137451172,2.0,2.0,24.22222137451172,1,22.22224235534668,22.22222137451172,2.0,2.0,24.22222137451172,0
437,2,437,438,24.949710845947266,25.0,2.0,1.0,27.0,0,25.33924674987793,25.0,2.0,1.0,27.0,0,24.949710845947266,25.0,2.0,1.0,27.0,0
437,3,437,438,24.44445037841797,24.44444465637207,2.0,2.0,26.44444465637207,0,24.238269805908203,24.44444465637207,2.0,2.0,26.44444465637207,0,24.44445037841797,24.44444465637207,2.0,2.0,26.44444465637207,0
438,1,438,439,22.22223472595215,22.22222137451172,2.0,2.0,24.22222137451172,0,28.411808013916016,22.22222137451172,2.0,2.0,24.22222137451172,1,22.22223472595215,22.22222137451172,2.0,2.0,24.22222137451172,0
438,2,438,439,24.99944305419922,25.0,2.0,1.0,27.0,0,25.176054000854492,25.0,2.0,1.0,27.0,0,24.99944305419922,25.0,2.0,1.0,27.0,0
438,3,438,439,24.4444580078125,24.44444465637207,2.0,1.0,26.44444465637207,0,24.26612091064453,24.44444465637207,2.0,2.0,26.44444465637207,0,24.4444580078125,24.44444465637207,2.0,1.0,26.44444465637207,0
439,1,439,440,22.276626586914062,22.27777862548828,2.0,1.0,24.27777862548828,0,28.752105712890625,22.22222137451172,2.0,2.0,24.22222137451172,1,22.276626586914062,22.27777862548828,2.0,1.0,24.27777862548828,0
439,2,439,440,24.99742889404297,25.0,2.0,1.0,27.0,0,25.13256072998047,25.0,2.0,1.0,27.0,0,24.99742889404297,25.0,2.0,1.0,27.0,0
439,3,439,440,23.976472854614258,23.94444465637207,2.0,1.0,25.94444465637207,0,24.507535934448242,24.44444465637207,2.0,1.0,26.44444465637207,0,23.976472854614258,23.94444465637207,2.0,1.0,25.94444465637207,0
440,1,440,441,22.772172927856445,22.77777862548828,2.0,1.0,24.77777862548828,0,28.307153701782227,22.27777862548828,2.0,1.0,24.27777862548828,1,22.772172927856445,22.77777862548828,2.0,1.0,24.77777862548828,0
440,2,440,441,24.998550415039062,25.0,2.0,1.0,27.0,0,25.32270050048828,25.0,2.0,1.0,27.0,0,24.998550415039062,25.0,2.0,1.0,27.0,0
440,3,440,441,23.890161514282227,23.88888931274414,2.0,1.0,25.88888931274414,0,24.259456634521484,23.94444465637207,2.0,1.0,25.94444465637207,0,23.890161514282227,23.88888931274414,2.0,1.0,25.88888931274414,0
441,1,441,442,24.3001766204834,24.44444465637207,2.0,1.0,26.44444465637207,0,28.568519592285156,22.77777862548828,2.0,1.0,24.77777862548828,1,24.3001766204834,24.44444465637207,2.0,1.0,26.44444465637207,0
441,2,441,442,24.998172760009766,25.0,2.0,1.0,27.0,0,25.41905975341797,25.0,2.0,1.0,27.0,0,24.998172760009766,25.0,2.0,1.0,27.0,0
441,3,441,442,24.33320426940918,24.33333396911621,2.0,0.0,26.33333396911621,0,24.310993194580078,23.88888931274414,2.0,1.0,25.88888931274414,0,24.33320426940918,24.33333396911621,2.0,0.0,26.33333396911621,0
442,1,442,443,24.44440460205078,24.44444465637207,2.0,2.0,26.44444465637207,0,28.258968353271484,24.44444465637207,2.0,1.0,26.44444465637207,1,24.44440460205078,24.44444465637207,2.0,2.0,26.44444465637207,0
442,2,442,443,24.998353958129883,25.0,2.0,0.0,27.0,0,25.571439743041992,25.0,2.0,1.0,27.0,0,24.998353958129883,25.0,2.0,0.0,27.0,0
442,3,442,443,24.444190979003906,24.44444465637207,2.0,0.0,26.44444465637207,0,24.499595642089844,24.33333396911621,2.0,0.0,26.33333396911621,0,24.444190979003906,24.44444465637207,2.0,0.0,26.44444465637207,0
443,1,443,444,24.444448471069336,24.44444465637207,2.0,1.0,26.44444465637207,0,28.539758682250977,24.44444465637207,2.0,2.0,26.44444465637207,1,24.444448471069336,24.44444465637207,2.0,1.0,26.44444465637207,0
443,2,443,444,24.99786376953125,25.0,2.0,0.0,27.0,0,25.67278289794922,25.0,2.0,0.0,27.0,0,24.99786376953125,25.0,2.0,0.0,27.0,0
443,3,443,444,24.444446563720703,24.44444465637207,2.0,0.0,26.44444465637207,0,24.469270706176758,24.44444465637207,2.0,0.0,26.44444465637207,0,24.444446563720703,24.44444465637207,2.0,0.0,26.44444465637207,0
444,1,444,445,24.4444522857666,24.44444465637207,2.0,1.0,26.44444465637207,0,28.83310317993164,24.44444465637207,2.0,1.0,26.44444465637207,1,24.4444522857666,24.44444465637207,2.0,1.0,26.44444465637207,0
444,2,444,445,24.996366500854492,25.0,2.0,1.0,27.0,0,25.301429748535156,25.0,2.0,0.0,27.0,0,24.996366500854492,25.0,2.0,1.0,27.0,0
444,3,444,445,24.44445037841797,24.44444465637207,2.0,0.0,26.44444465637207,0,24.607324600219727,24.44444465637207,2.0,0.0,26.44444465637207,0,24.44445037841797,24.44444465637207,2.0,0.0,26.44444465637207,0
445,1,445,446,25.034141540527344,25.05555534362793,2.0,1.0,27.05555534362793,0,28.566261291503906,24.44444465637207,2.0,1.0,26.44444465637207,1,25.034141540527344,25.05555534362793,2.0,1.0,27.05555534362793,0
445,2,445,446,24.99241065979004,25.0,2.0,1.0,27.0,0,25.81412124633789,25.0,2.0,1.0,27.0,0,24.99241065979004,25.0,2.0,1.0,27.0,0
445,3,445,446,24.444454193115234,24.44444465637207,2.0,0.0,26.44444465637207,0,24.21407127380371,24.44444465637207,2.0,0.0,26.44444465637207,0,24.444454193115234,24.44444465637207,2.0,0.0,26.44444465637207,0
446,1,446,447,24.496408462524414,24.44444465637207,2.0,1.0,26.44444465637207,0,28.627748489379883,25.05555534362793,2.0,1.0,27.05555534362793,1,24.496408462524414,24.44444465637207,2.0,1.0,26.44444465637207,0
446,2,446,447,24.992008209228516,25.0,2.0,1.0,27.0,0,26.121734619140625,25.0,2.0,1.0,27.0,0,24.992008209228516,25.0,2.0,1.0,27.0,0
446,3,446,447,24.444454193115234,24.44444465637207,2.0,0.0,26.44444465637207,0,24.102445602416992,24.44444465637207,2.0,0.0,26.44444465637207,0,24.444454193115234,24.44444465637207,2.0,0.0,26.44444465637207,0
447,1,447,448,24.44561195373535,24.44444465637207,2.0,1.0,26.44444465637207,0,28.952102661132812,24.44444465637207,2.0,1.0,26.44444465637207,1,24.44561195373535,24.44444465637207,2.0,1.0,26.44444465637207,0
447,2,447,448,24.995079040527344,25.0,2.0,1.0,27.0,0,26.096986770629883,25.0,2.0,1.0,27.0,0,24.995079040527344,25.0,2.0,1.0,27.0,0
447,3,447,448,24.390844345092773,24.38888931274414,2.0,0.0,26.38888931274414,0,24.15324592590332,24.44444465637207,2.0,0.0,26.44444465637207,0,24.390844345092773,24.38888931274414,2.0,0.0,26.38888931274414,0
448,1,448,449,24.44449234008789,24.44444465637207,2.0,3.0,26.44444465637207,0,28.98370361328125,24.44444465637207,2.0,1.0,26.44444465637207,1,24.44449234008789,24.44444465637207,2.0,3.0,26.44444465637207,0
448,2,448,449,24.99541473388672,25.0,2.0,1.0,27.0,0,26.345308303833008,25.0,2.0,1.0,27.0,0,24.99541473388672,25.0,2.0,1.0,27.0,0
448,3,448,449,23.914731979370117,23.88888931274414,2.0,0.0,25.88888931274414,0,24.07756233215332,24.38888931274414,2.0,0.0,26.38888931274414,0,23.914731979370117,23.88888931274414,2.0,0.0,25.88888931274414,0
449,1,449,450,24.444412231445312,24.44444465637207,2.0,3.0,26.44444465637207,0,29.155384063720703,24.44444465637207,2.0,3.0,26.44444465637207,1,24.444412231445312,24.44444465637207,2.0,3.0,26.44444465637207,0
449,2,449,450,24.996482849121094,25.0,2.0,0.0,27.0,0,26.290447235107422,25.0,2.0,1.0,27.0,0,24.996482849121094,25.0,2.0,0.0,27.0,0
449,3,449,450,24.43849754333496,24.44444465637207,2.0,0.0,26.44444465637207,0,24.076908111572266,23.88888931274414,2.0,0.0,25.88888931274414,0,24.43849754333496,24.44444465637207,2.0,0.0,26.44444465637207,0
450,1,450,451,24.4444522857666,24.44444465637207,2.0,3.0,26.44444465637207,0,29.255229949951172,24.44444465637207,2.0,3.0,26.44444465637207,1,24.4444522857666,24.44444465637207,2.0,3.0,26.44444465637207,0
450,2,450,451,24.99773597717285,25.0,2.0,0.0,27.0,0,25.324920654296875,25.0,2.0,0.0,27.0,0,24.99773597717285,25.0,2.0,0.0,27.0,0
450,3,450,451,24.44428253173828,24.44444465637207,2.0,1.0,26.44444465637207,0,23.937021255493164,24.44444465637207,2.0,0.0,26.44444465637207,0,24.44428253173828,24.44444465637207,2.0,1.0,26.44444465637207,0
451,1,451,452,24.444459915161133,24.44444465637207,2.0,3.0,26.44444465637207,0,28.803539276123047,24.44444465637207,2.0,3.0,26.44444465637207,1,24.444459915161133,24.44444465637207,2.0,3.0,26.44444465637207,0
451,2,451,452,24.998640060424805,25.0,2.0,0.0,27.0,0,25.301504135131836,25.0,2.0,0.0,27.0,0,24.998640060424805,25.0,2.0,0.0,27.0,0
451,3,451,452,24.444446563720703,24.44444465637207,2.0,1.0,26.44444465637207,0,24.00912857055664,24.44444465637207,2.0,1.0,26.44444465637207,0,24.444446563720703,24.44444465637207,2.0,1.0,26.44444465637207,0
452,1,452,453,24.4444522857666,24.44444465637207,2.0,3.0,26.44444465637207,0,27.299095153808594,24.44444465637207,2.0,3.0,26.44444465637207,1,24.4444522857666,24.44444465637207,2.0,3.0,26.44444465637207,0
452,2,452,453,24.998708724975586,25.0,2.0,1.0,27.0,0,25.064590454101562,25.0,2.0,0.0,27.0,0,24.998708724975586,25.0,2.0,1.0,27.0,0
452,3,452,453,24.4444522857666,24.44444465637207,2.0,2.0,26.44444465637207,0,23.573898315429688,24.44444465637207,2.0,1.0,26.44444465637207,0,24.4444522857666,24.44444465637207,2.0,2.0,26.44444465637207,0
453,1,453,454,24.4444522857666,24.44444465637207,2.0,3.0,26.44444465637207,0,27.920310974121094,24.44444465637207,2.0,3.0,26.44444465637207,1,24.4444522857666,24.44444465637207,2.0,3.0,26.44444465637207,0
453,2,453,454,24.9987850189209,25.0,2.0,1.0,27.0,0,24.738330841064453,25.0,2.0,1.0,27.0,0,24.9987850189209,25.0,2.0,1.0,27.0,0
453,3,453,454,24.44445037841797,24.44444465637207,2.0,2.0,26.44444465637207,0,23.61128044128418,24.44444465637207,2.0,2.0,26.44444465637207,0,24.44445037841797,24.44444465637207,2.0,2.0,26.44444465637207,0
454,1,454,455,24.444454193115234,24.44444465637207,2.0,3.0,26.44444465637207,0,27.303892135620117,24.44444465637207,2.0,3.0,26.44444465637207,1,24.444454193115234,24.44444465637207,2.0,3.0,26.44444465637207,0
454,2,454,455,24.998897552490234,25.0,2.0,1.0,27.0,0,24.350900650024414,25.0,2.0,1.0,27.0,0,24.998897552490234,25.0,2.0,1.0,27.0,0
454,3,454,455,24.44445037841797,24.44444465637207,2.0,2.0,26.44444465637207,0,23.582664489746094,24.44444465637207,2.0,2.0,26.44444465637207,0,24.44445037841797,24.44444465637207,2.0,2.0,26.44444465637207,0
455,1,455,456,24.444454193115234,24.44444465637207,2.0,3.0,26.44444465637207,0,27.59762954711914,24.44444465637207,2.0,3.0,26.44444465637207,1,24.444454193115234,24.44444465637207,2.0,3.0,26.44444465637207,0
455,2,455,456,24.458959579467773,24.44444465637207,2.0,1.0,26.44444465637207,0,24.528839111328125,25.0,2.0,1.0,27.0,0,24.458959579467773,24.44444465637207,2.0,1.0,26.44444465637207,0
455,3,455,456,24.4444522857666,24.44444465637207,2.0,2.0,26.44444465637207,0,23.409143447875977,24.44444465637207,2.0,2.0,26.44444465637207,0,24.4444522857666,24.44444465637207,2.0,2.0,26.44444465637207,0
456,1,456,457,23.332141876220703,23.27777862548828,2.0,3.0,25.27777862548828,0,27.325244903564453,24.44444465637207,2.0,3.0,26.44444465637207,1,23.332141876220703,23.27777862548828,2.0,3.0,25.27777862548828,0
456,2,456,457,23.363853454589844,23.33333396911621,2.0,1.0,25.33333396911621,0,24.252580642700195,24.44444465637207,2.0,1.0,26.44444465637207,0,23.363853454589844,23.33333396911621,2.0,1.0,25.33333396911621,0
456,3,456,457,24.4444522857666,24.44444465637207,2.0,2.0,26.44444465637207,0,23.390987396240234,24.44444465637207,2.0,2.0,26.44444465637207,0,24.4444522857666,24.44444465637207,2.0,2.0,26.44444465637207,0
457,1,457,458,22.278898239135742,22.22222137451172,2.0,3.0,24.22222137451172,0,27.544713973999023,23.27777862548828,2.0,3.0,25.27777862548828,1,22.278898239135742,22.22222137451172,2.0,3.0,24.22222137451172,0
457,2,457,458,23.879579544067383,23.88888931274414,2.0,1.0,25.88888931274414,0,24.31649398803711,23.33333396911621,2.0,1.0,25.33333396911621,0,23.879579544067383,23.88888931274414,2.0,1.0,25.88888931274414,0
457,3,457,458,24.4444522857666,24.44444465637207,2.0,2.0,26.44444465637207,0,23.520397186279297,24.44444465637207,2.0,2.0,26.44444465637207,0,24.4444522857666,24.44444465637207,2.0,2.0,26.44444465637207,0
458,1,458,459,22.223546981811523,22.22222137451172,2.0,3.0,24.22222137451172,0,27.11003303527832,22.22222137451172,2.0,3.0,24.22222137451172,1,22.223546981811523,22.22222137451172,2.0,3.0,24.22222137451172,0
458,2,458,459,24.395000457763672,25.0,2.0,1.0,27.0,0,24.07080841064453,23.88888931274414,2.0,1.0,25.88888931274414,0,24.395000457763672,25.0,2.0,1.0,27.0,0
458,3,458,459,24.44445037841797,24.44444465637207,2.0,2.0,26.44444465637207,0,23.4881591796875,24.44444465637207,2.0,2.0,26.44444465637207,0,24.44445037841797,24.44444465637207,2.0,2.0,26.44444465637207,0
459,1,459,460,22.222381591796875,22.22222137451172,2.0,3.0,24.22222137451172,0,27.08540153503418,22.22222137451172,2.0,3.0,24.22222137451172,1,22.222381591796875,22.22222137451172,2.0,3.0,24.22222137451172,0
459,2,459,460,24.670034408569336,25.0,2.0,1.0,27.0,0,24.308712005615234,25.0,2.0,1.0,27.0,0,24.670034408569336,25.0,2.0,1.0,27.0,0
459,3,459,460,24.44445037841797,24.44444465637207,2.0,2.0,26.44444465637207,0,23.47733497619629,24.44444465637207,2.0,2.0,26.44444465637207,0,24.44445037841797,24.44444465637207,2.0,2.0,26.44444465637207,0
460,1,460,461,22.222370147705078,22.22222137451172,2.0,3.0,24.22222137451172,0,26.904247283935547,22.22222137451172,2.0,3.0,24.22222137451172,1,22.222370147705078,22.22222137451172,2.0,3.0,24.22222137451172,0
460,2,460,461,24.746288299560547,25.0,2.0,1.0,27.0,0,24.304813385009766,25.0,2.0,1.0,27.0,0,24.746288299560547,25.0,2.0,1.0,27.0,0
460,3,460,461,24.44445037841797,24.44444465637207,2.0,2.0,26.44444465637207,0,23.538707733154297,24.44444465637207,2.0,2.0,26.44444465637207,0,24.44445037841797,24.44444465637207,2.0,2.0,26.44444465637207,0
461,1,461,462,22.22224235534668,22.22222137451172,2.0,3.0,24.22222137451172,0,26.796546936035156,22.22222137451172,2.0,3.0,24.22222137451172,1,22.22224235534668,22.22222137451172,2.0,3.0,24.22222137451172,0
461,2,461,462,24.762866973876953,25.0,2.0,1.0,27.0,0,24.290306091308594,25.0,2.0,1.0,27.0,0,24.762866973876953,25.0,2.0,1.0,27.0,0
461,3,461,462,24.4444580078125,24.44444465637207,2.0,1.0,26.44444465637207,0,23.628597259521484,24.44444465637207,2.0,2.0,26.44444465637207,0,24.4444580078125,24.44444465637207,2.0,1.0,26.44444465637207,0
462,1,462,463,22.22223472595215,22.22222137451172,2.0,3.0,24.22222137451172,0,26.71245002746582,22.22222137451172,2.0,3.0,24.22222137451172,1,22.22223472595215,22.22222137451172,2.0,3.0,24.22222137451172,0
462,2,462,463,24.953048706054688,25.0,2.0,1.0,27.0,0,24.30927276611328,25.0,2.0,1.0,27.0,0,24.953048706054688,25.0,2.0,1.0,27.0,0
462,3,462,463,24.444454193115234,24.44444465637207,2.0,1.0,26.44444465637207,0,23.74419403076172,24.44444465637207,2.0,1.0,26.44444465637207,0,24.444454193115234,24.44444465637207,2.0,1.0,26.44444465637207,0
463,1,463,464,22.2758731842041,22.27777862548828,2.0,1.0,24.27777862548828,0,27.24160385131836,22.22222137451172,2.0,3.0,24.22222137451172,1,22.2758731842041,22.27777862548828,2.0,1.0,24.27777862548828,0
463,2,463,464,24.99909782409668,25.0,2.0,1.0,27.0,0,24.313888549804688,25.0,2.0,1.0,27.0,0,24.99909782409668,25.0,2.0,1.0,27.0,0
463,3,463,464,24.389446258544922,24.38888931274414,2.0,0.0,26.38888931274414,0,24.108205795288086,24.44444465637207,2.0,1.0,26.44444465637207,0,24.389446258544922,24.38888931274414,2.0,0.0,26.38888931274414,0
464,1,464,465,22.228851318359375,22.22222137451172,2.0,1.0,24.22222137451172,0,27.260784149169922,22.27777862548828,2.0,1.0,24.27777862548828,1,22.228851318359375,22.22222137451172,2.0,1.0,24.22222137451172,0
464,2,464,465,24.998687744140625,25.0,2.0,1.0,27.0,0,24.319110870361328,25.0,2.0,1.0,27.0,0,24.998687744140625,25.0,2.0,1.0,27.0,0
464,3,464,465,23.898128509521484,23.88888931274414,2.0,0.0,25.88888931274414,0,24.329307556152344,24.38888931274414,2.0,0.0,26.38888931274414,0,23.898128509521484,23.88888931274414,2.0,0.0,25.88888931274414,0
465,1,465,466,24.21415901184082,24.44444465637207,2.0,1.0,26.44444465637207,0,27.36707878112793,22.22222137451172,2.0,1.0,24.22222137451172,1,24.21415901184082,24.44444465637207,2.0,1.0,26.44444465637207,0
465,2,465,466,23.586137771606445,23.55555534362793,2.0,1.0,25.55555534362793,0,24.39257049560547,25.0,2.0,1.0,27.0,0,23.586137771606445,23.55555534362793,2.0,1.0,25.55555534362793,0
465,3,465,466,23.888988494873047,23.88888931274414,2.0,0.0,25.88888931274414,0,24.195890426635742,23.88888931274414,2.0,0.0,25.88888931274414,0,23.888988494873047,23.88888931274414,2.0,0.0,25.88888931274414,0
466,1,466,467,24.43576431274414,24.44444465637207,2.0,1.0,26.44444465637207,0,26.751022338867188,24.44444465637207,2.0,1.0,26.44444465637207,1,24.43576431274414,24.44444465637207,2.0,1.0,26.44444465637207,0
466,2,466,467,23.331254959106445,23.33333396911621,2.0,1.0,25.33333396911621,0,23.095355987548828,23.55555534362793,2.0,1.0,25.55555534362793,0,23.331254959106445,23.33333396911621,2.0,1.0,25.33333396911621,0
466,3,466,467,23.888893127441406,23.88888931274414,2.0,0.0,25.88888931274414,0,23.965435028076172,23.88888931274414,2.0,0.0,25.88888931274414,0,23.888893127441406,23.88888931274414,2.0,0.0,25.88888931274414,0
467,1,467,468,24.444416046142578,24.44444465637207,2.0,1.0,26.44444465637207,0,26.768840789794922,24.44444465637207,2.0,1.0,26.44444465637207,1,24.444416046142578,24.44444465637207,2.0,1.0,26.44444465637207,0
467,2,467,468,24.685678482055664,24.77777862548828,2.0,1.0,26.77777862548828,0,23.344463348388672,23.33333396911621,2.0,1.0,25.33333396911621,0,24.685678482055664,24.77777862548828,2.0,1.0,26.77777862548828,0
467,3,467,468,23.88889503479004,23.88888931274414,2.0,0.0,25.88888931274414,0,23.77696990966797,23.88888931274414,2.0,0.0,25.88888931274414,0,23.88889503479004,23.88888931274414,2.0,0.0,25.88888931274414,0
468,1,468,469,24.444448471069336,24.44444465637207,2.0,1.0,26.44444465637207,0,27.057762145996094,24.44444465637207,2.0,1.0,26.44444465637207,1,24.444448471069336,24.44444465637207,2.0,1.0,26.44444465637207,0
468,2,468,469,24.996992111206055,25.0,2.0,0.0,27.0,0,24.58588409423828,24.77777862548828,2.0,1.0,26.77777862548828,0,24.996992111206055,25.0,2.0,0.0,27.0,0
468,3,468,469,23.88889503479004,23.88888931274414,2.0,0.0,25.88888931274414,0,23.575645446777344,23.88888931274414,2.0,0.0,25.88888931274414,0,23.88889503479004,23.88888931274414,2.0,0.0,25.88888931274414,0
469,1,469,470,24.444454193115234,24.44444465637207,2.0,1.0,26.44444465637207,0,27.353721618652344,24.44444465637207,2.0,1.0,26.44444465637207,1,24.444454193115234,24.44444465637207,2.0,1.0,26.44444465637207,0
469,2,469,470,24.995969772338867,25.0,2.0,0.0,27.0,0,24.66381072998047,25.0,2.0,0.0,27.0,0,24.995969772338867,25.0,2.0,0.0,27.0,0
469,3,469,470,23.888896942138672,23.88888931274414,2.0,1.0,25.88888931274414,0,23.592716217041016,23.88888931274414,2.0,0.0,25.88888931274414,0,23.888896942138672,23.88888931274414,2.0,1.0,25.88888931274414,0
470,1,470,471,24.19212532043457,24.16666603088379,2.0,1.0,26.16666603088379,0,27.432327270507812,24.44444465637207,2.0,1.0,26.44444465637207,1,24.19212532043457,24.16666603088379,2.0,1.0,26.16666603088379,0
470,2,470,471,24.99347496032715,25.0,2.0,0.0,27.0,0,24.998638153076172,25.0,2.0,0.0,27.0,0,24.99347496032715,25.0,2.0,0.0,27.0,0
470,3,470,471,23.888900756835938,23.88888931274414,2.0,1.0,25.88888931274414,0,23.61043357849121,23.88888931274414,2.0,1.0,25.88888931274414,0,23.888900756835938,23.88888931274414,2.0,1.0,25.88888931274414,0
471,1,471,472,23.37201690673828,23.33333396911621,2.0,1.0,25.33333396911621,0,27.675588607788086,24.16666603088379,2.0,1.0,26.16666603088379,1,23.37201690673828,23.33333396911621,2.0,1.0,25.33333396911621,0
471,2,471,472,24.991939544677734,25.0,2.0,0.0,27.0,0,24.8367919921875,25.0,2.0,0.0,27.0,0,24.991939544677734,25.0,2.0,0.0,27.0,0
471,3,471,472,23.88890266418457,23.88888931274414,2.0,0.0,25.88888931274414,0,23.93839454650879,23.88888931274414,2.0,1.0,25.88888931274414,0,23.88890266418457,23.88888931274414,2.0,0.0,25.88888931274414,0
472,1,472,473,23.60881805419922,23.61111068725586,2.0,1.0,25.61111068725586,0,27.881175994873047,23.33333396911621,2.0,1.0,25.33333396911621,1,23.60881805419922,23.61111068725586,2.0,1.0,25.61111068725586,0
472,2,472,473,24.99484634399414,25.0,2.0,1.0,27.0,0,25.13604736328125,25.0,2.0,0.0,27.0,0,24.99484634399414,25.0,2.0,1.0,27.0,0
472,3,472,473,23.888898849487305,23.88888931274414,2.0,1.0,25.88888931274414,0,23.80126190185547,23.88888931274414,2.0,0.0,25.88888931274414,0,23.888898849487305,23.88888931274414,2.0,1.0,25.88888931274414,0
473,1,473,474,24.43802261352539,24.44444465637207,2.0,1.0,26.44444465637207,0,28.45319938659668,23.61111068725586,2.0,1.0,25.61111068725586,1,24.43802261352539,24.44444465637207,2.0,1.0,26.44444465637207,0
473,2,473,474,24.996265411376953,25.0,2.0,0.0,27.0,0,25.233436584472656,25.0,2.0,1.0,27.0,0,24.996265411376953,25.0,2.0,0.0,27.0,0
473,3,473,474,24.158708572387695,24.16666603088379,2.0,1.0,26.16666603088379,0,24.378652572631836,23.88888931274414,2.0,1.0,25.88888931274414,0,24.158708572387695,24.16666603088379,2.0,1.0,26.16666603088379,0
474,1,474,475,24.444168090820312,24.44444465637207,2.0,2.0,26.44444465637207,0,28.697742462158203,24.44444465637207,2.0,1.0,26.44444465637207,1,24.444168090820312,24.44444465637207,2.0,2.0,26.44444465637207,0
474,2,474,475,24.99588394165039,25.0,2.0,1.0,27.0,0,24.526897430419922,25.0,2.0,0.0,27.0,0,24.99588394165039,25.0,2.0,1.0,27.0,0
474,3,474,475,23.893413543701172,23.88888931274414,2.0,2.0,25.88888931274414,0,24.555660247802734,24.16666603088379,2.0,1.0,26.16666603088379,0,23.893413543701172,23.88888931274414,2.0,2.0,25.88888931274414,0
475,1,475,476,24.444446563720703,24.44444465637207,2.0,3.0,26.44444465637207,0,28.690643310546875,24.44444465637207,2.0,2.0,26.44444465637207,1,24.444446563720703,24.44444465637207,2.0,3.0,26.44444465637207,0
475,2,475,476,24.9977970123291,25.0,2.0,1.0,27.0,0,22.2921199798584,25.0,2.0,1.0,27.0,0,24.9977970123291,25.0,2.0,1.0,27.0,0
475,3,475,476,23.888967514038086,23.88888931274414,2.0,2.0,25.88888931274414,0,23.599254608154297,23.88888931274414,2.0,2.0,25.88888931274414,0,23.888967514038086,23.88888931274414,2.0,2.0,25.88888931274414,0
476,1,476,477,24.44445037841797,24.44444465637207,2.0,3.0,26.44444465637207,0,27.32868766784668,24.44444465637207,2.0,3.0,26.44444465637207,1,24.44445037841797,24.44444465637207,2.0,3.0,26.44444465637207,0
476,2,476,477,24.99795913696289,25.0,2.0,1.0,27.0,0,23.090831756591797,25.0,2.0,1.0,27.0,0,24.99795913696289,25.0,2.0,1.0,27.0,0
476,3,476,477,23.888916015625,23.88888931274414,2.0,2.0,25.88888931274414,0,23.836774826049805,23.88888931274414,2.0,2.0,25.88888931274414,0,23.888916015625,23.88888931274414,2.0,2.0,25.88888931274414,0
477,1,477,478,24.4444522857666,24.44444465637207,2.0,3.0,26.44444465637207,0,26.827356338500977,24.44444465637207,2.0,3.0,26.44444465637207,1,24.4444522857666,24.44444465637207,2.0,3.0,26.44444465637207,0
477,2,477,478,24.99806022644043,25.0,2.0,1.0,27.0,0,22.99886703491211,25.0,2.0,1.0,27.0,0,24.99806022644043,25.0,2.0,1.0,27.0,0
477,3,477,478,23.888896942138672,23.88888931274414,2.0,2.0,25.88888931274414,0,23.67682647705078,23.88888931274414,2.0,2.0,25.88888931274414,0,23.888896942138672,23.88888931274414,2.0,2.0,25.88888931274414,0
478,1,478,479,24.4444522857666,24.44444465637207,2.0,3.0,26.44444465637207,0,26.316802978515625,24.44444465637207,2.0,3.0,26.44444465637207,0,24.4444522857666,24.44444465637207,2.0,3.0,26.44444465637207,0
478,2,478,479,24.451234817504883,24.44444465637207,2.0,1.0,26.44444465637207,0,22.83548355102539,25.0,2.0,1.0,27.0,0,24.451234817504883,24.44444465637207,2.0,1.0,26.44444465637207,0
478,3,478,479,23.88889503479004,23.88888931274414,2.0,2.0,25.88888931274414,0,23.571123123168945,23.88888931274414,2.0,2.0,25.88888931274414,0,23.88889503479004,23.88888931274414,2.0,2.0,25.88888931274414,0
479,1,479,480,24.444459915161133,24.44444465637207,2.0,3.0,26.44444465637207,0,26.66175079345703,24.44444465637207,2.0,3.0,26.44444465637207,1,24.444459915161133,24.44444465637207,2.0,3.0,26.44444465637207,0
479,2,479,480,23.208110809326172,23.16666603088379,2.0,1.0,25.16666603088379,0,23.04314422607422,24.44444465637207,2.0,1.0,26.44444465637207,0,23.208110809326172,23.16666603088379,2.0,1.0,25.16666603088379,0
479,3,479,480,24.434486389160156,24.44444465637207,2.0,2.0,26.44444465637207,0,23.401338577270508,23.88888931274414,2.0,2.0,25.88888931274414,0,24.434486389160156,24.44444465637207,2.0,2.0,26.44444465637207,0
480,1,480,481,23.314884185791016,23.27777862548828,2.0,3.0,25.27777862548828,0,27.115402221679688,24.44444465637207,2.0,3.0,26.44444465637207,1,23.314884185791016,23.27777862548828,2.0,3.0,25.27777862548828,0
480,2,480,481,22.271141052246094,22.22222137451172,2.0,1.0,24.22222137451172,0,23.23476791381836,23.16666603088379,2.0,1.0,25.16666603088379,0,22.271141052246094,22.22222137451172,2.0,1.0,24.22222137451172,0
480,3,480,481,24.444162368774414,24.44444465637207,2.0,2.0,26.44444465637207,0,23.49687957763672,24.44444465637207,2.0,2.0,26.44444465637207,0,24.444162368774414,24.44444465637207,2.0,2.0,26.44444465637207,0
481,1,481,482,22.327272415161133,22.22222137451172,2.0,3.0,24.22222137451172,0,27.23172378540039,23.27777862548828,2.0,3.0,25.27777862548828,1,22.327272415161133,22.22222137451172,2.0,3.0,24.22222137451172,0
481,2,481,482,23.102693557739258,23.11111068725586,2.0,1.0,25.11111068725586,0,23.498205184936523,22.22222137451172,2.0,1.0,24.22222137451172,0,23.102693557739258,23.11111068725586,2.0,1.0,25.11111068725586,0
481,3,481,482,24.444448471069336,24.44444465637207,2.0,2.0,26.44444465637207,0,23.716825485229492,24.44444465637207,2.0,2.0,26.44444465637207,0,24.444448471069336,24.44444465637207,2.0,2.0,26.44444465637207,0
482,1,482,483,22.226282119750977,22.22222137451172,2.0,3.0,24.22222137451172,0,27.073841094970703,22.22222137451172,2.0,3.0,24.22222137451172,1,22.226282119750977,22.22222137451172,2.0,3.0,24.22222137451172,0
482,2,482,483,23.791887283325195,25.0,2.0,1.0,27.0,0,23.603286743164062,23.11111068725586,2.0,1.0,25.11111068725586,0,23.791887283325195,25.0,2.0,1.0,27.0,0
482,3,482,483,24.44445037841797,24.44444465637207,2.0,2.0,26.44444465637207,0,23.654693603515625,24.44444465637207,2.0,2.0,26.44444465637207,0,24.44445037841797,24.44444465637207,2.0,2.0,26.44444465637207,0
483,1,483,484,22.222240447998047,22.22222137451172,2.0,3.0,24.22222137451172,0,26.956769943237305,22.22222137451172,2.0,3.0,24.22222137451172,1,22.222240447998047,22.22222137451172,2.0,3.0,24.22222137451172,0
483,2,483,484,24.1033878326416,25.0,2.0,1.0,27.0,0,24.04867172241211,25.0,2.0,1.0,27.0,0,24.1033878326416,25.0,2.0,1.0,27.0,0
483,3,483,484,24.444459915161133,24.44444465637207,2.0,2.0,26.44444465637207,0,23.591888427734375,24.44444465637207,2.0,2.0,26.44444465637207,0,24.444459915161133,24.44444465637207,2.0,2.0,26.44444465637207,0
484,1,484,485,22.22223663330078,22.22222137451172,2.0,3.0,24.22222137451172,0,26.848167419433594,22.22222137451172,2.0,3.0,24.22222137451172,1,22.22223663330078,22.22222137451172,2.0,3.0,24.22222137451172,0
484,2,484,485,24.333072662353516,25.0,2.0,1.0,27.0,0,24.192272186279297,25.0,2.0,1.0,27.0,0,24.333072662353516,25.0,2.0,1.0,27.0,0
484,3,484,485,24.44445037841797,24.44444465637207,2.0,2.0,26.44444465637207,0,23.613365173339844,24.44444465637207,2.0,2.0,26.44444465637207,0,24.44445037841797,24.44444465637207,2.0,2.0,26.44444465637207,0
485,1,485,486,22.222238540649414,22.22222137451172,2.0,2.0,24.22222137451172,0,26.773147583007812,22.22222137451172,2.0,3.0,24.22222137451172,1,22.222238540649414,22.22222137451172,2.0,2.0,24.22222137451172,0
485,2,485,486,24.472057342529297,25.0,2.0,1.0,27.0,0,24.214580535888672,25.0,2.0,1.0,27.0,0,24.472057342529297,25.0,2.0,1.0,27.0,0
485,3,485,486,24.44445037841797,24.44444465637207,2.0,2.0,26.44444465637207,0,23.676498413085938,24.44444465637207,2.0,2.0,26.44444465637207,0,24.44445037841797,24.44444465637207,2.0,2.0,26.44444465637207,0
486,1,486,487,22.222230911254883,22.22222137451172,2.0,1.0,24.22222137451172,0,26.638364791870117,22.22222137451172,2.0,2.0,24.22222137451172,1,22.222230911254883,22.22222137451172,2.0,1.0,24.22222137451172,0
486,2,486,487,24.945785522460938,25.0,2.0,1.0,27.0,0,24.199520111083984,25.0,2.0,1.0,27.0,0,24.945785522460938,25.0,2.0,1.0,27.0,0
486,3,486,487,24.444448471069336,24.44444465637207,2.0,2.0,26.44444465637207,0,23.780033111572266,24.44444465637207,2.0,2.0,26.44444465637207,0,24.444448471069336,24.44444465637207,2.0,2.0,26.44444465637207,0
487,1,487,488,22.27745246887207,22.27777862548828,2.0,1.0,24.27777862548828,0,26.759422302246094,22.22222137451172,2.0,1.0,24.22222137451172,1,22.27745246887207,22.27777862548828,2.0,1.0,24.27777862548828,0
487,2,487,488,24.9984130859375,25.0,2.0,1.0,27.0,0,24.638511657714844,25.0,2.0,1.0,27.0,0,24.9984130859375,25.0,2.0,1.0,27.0,0
487,3,487,488,24.44445037841797,24.44444465637207,2.0,0.0,26.44444465637207,0,24.136381149291992,24.44444465637207,2.0,2.0,26.44444465637207,0,24.44445037841797,24.44444465637207,2.0,0.0,26.44444465637207,0
488,1,488,489,22.777645111083984,22.77777862548828,2.0,1.0,24.77777862548828,0,26.769065856933594,22.27777862548828,2.0,1.0,24.27777862548828,1,22.777645111083984,22.77777862548828,2.0,1.0,24.77777862548828,0
488,2,488,489,24.998579025268555,25.0,2.0,0.0,27.0,0,24.82344627380371,25.0,2.0,1.0,27.0,0,24.998579025268555,25.0,2.0,0.0,27.0,0
488,3,488,489,23.948089599609375,23.94444465637207,2.0,0.0,25.94444465637207,0,24.347991943359375,24.44444465637207,2.0,0.0,26.44444465637207,0,23.948089599609375,23.94444465637207,2.0,0.0,25.94444465637207,0
489,1,489,490,24.35131072998047,24.44444465637207,2.0,1.0,26.44444465637207,0,27.069177627563477,22.77777862548828,2.0,1.0,24.77777862548828,1,24.35131072998047,24.44444465637207,2.0,1.0,26.44444465637207,0
489,2,489,490,24.99845314025879,25.0,2.0,0.0,27.0,0,24.947521209716797,25.0,2.0,0.0,27.0,0,24.99845314025879,25.0,2.0,0.0,27.0,0
489,3,489,490,23.889028549194336,23.88888931274414,2.0,0.0,25.88888931274414,0,24.08842658996582,23.94444465637207,2.0,0.0,25.94444465637207,0,23.889028549194336,23.88888931274414,2.0,0.0,25.88888931274414,0
490,1,490,491,24.444393157958984,24.44444465637207,2.0,1.0,26.44444465637207,0,27.39404296875,24.44444465637207,2.0,1.0,26.44444465637207,1,24.444393157958984,24.44444465637207,2.0,1.0,26.44444465637207,0
490,2,490,491,24.997905731201172,25.0,2.0,0.0,27.0,0,25.095415115356445,25.0,2.0,0.0,27.0,0,24.997905731201172,25.0,2.0,0.0,27.0,0
490,3,490,491,23.888893127441406,23.88888931274414,2.0,0.0,25.88888931274414,0,24.03807830810547,23.88888931274414,2.0,0.0,25.88888931274414,0,23.888893127441406,23.88888931274414,2.0,0.0,25.88888931274414,0
491,1,491,492,24.44445037841797,24.44444465637207,2.0,2.0,26.44444465637207,0,28.015533447265625,24.44444465637207,2.0,1.0,26.44444465637207,1,24.44445037841797,24.44444465637207,2.0,2.0,26.44444465637207,0
491,2,491,492,24.99667739868164,25.0,2.0,0.0,27.0,0,25.885318756103516,25.0,2.0,0.0,27.0,0,24.99667739868164,25.0,2.0,0.0,27.0,0
491,3,491,492,23.888893127441406,23.88888931274414,2.0,0.0,25.88888931274414,0,24.270183563232422,23.88888931274414,2.0,0.0,25.88888931274414,0,23.888893127441406,23.88888931274414,2.0,0.0,25.88888931274414,0
492,1,492,493,24.444454193115234,24.44444465637207,2.0,2.0,26.44444465637207,0,28.406343460083008,24.44444465637207,2.0,2.0,26.44444465637207,1,24.444454193115234,24.44444465637207,2.0,2.0,26.44444465637207,0
492,2,492,493,24.99541473388672,25.0,2.0,0.0,27.0,0,26.578598022460938,25.0,2.0,0.0,27.0,0,24.99541473388672,25.0,2.0,0.0,27.0,0
492,3,492,493,23.88889503479004,23.88888931274414,2.0,0.0,25.88888931274414,0,24.4739990234375,23.88888931274414,2.0,0.0,25.88888931274414,0,23.88889503479004,23.88888931274414,2.0,0.0,25.88888931274414,0
493,1,493,494,24.73422622680664,24.77777862548828,2.0,1.0,26.77777862548828,0,28.929973602294922,24.44444465637207,2.0,2.0,26.44444465637207,1,24.73422622680664,24.77777862548828,2.0,1.0,26.77777862548828,0
493,2,493,494,24.993484497070312,25.0,2.0,0.0,27.0,0,26.995189666748047,25.0,2.0,0.0,27.0,0,24.993484497070312,25.0,2.0,0.0,27.0,0
493,3,493,494,23.888896942138672,23.88888931274414,2.0,0.0,25.88888931274414,0,24.700035095214844,23.88888931274414,2.0,0.0,25.88888931274414,0,23.888896942138672,23.88888931274414,2.0,0.0,25.88888931274414,0
494,1,494,495,24.961870193481445,25.0,2.0,1.0,27.0,0,29.523033142089844,24.77777862548828,2.0,1.0,26.77777862548828,1,24.961870193481445,25.0,2.0,1.0,27.0,0
494,2,494,495,24.989713668823242,25.0,2.0,0.0,27.0,0,27.913223266601562,25.0,2.0,0.0,27.0,0,24.989713668823242,25.0,2.0,0.0,27.0,0
494,3,494,495,23.888898849487305,23.88888931274414,2.0,0.0,25.88888931274414,0,25.005653381347656,23.88888931274414,2.0,0.0,25.88888931274414,0,23.888898849487305,23.88888931274414,2.0,0.0,25.88888931274414,0
495,1,495,496,24.787185668945312,24.77777862548828,2.0,1.0,26.77777862548828,0,29.82308578491211,25.0,2.0,1.0,27.0,1,24.787185668945312,24.77777862548828,2.0,1.0,26.77777862548828,0
495,2,495,496,23.88299560546875,23.77777862548828,2.0,0.0,25.77777862548828,0,28.254743576049805,25.0,2.0,0.0,27.0,0,23.88299560546875,23.77777862548828,2.0,0.0,25.77777862548828,0
495,3,495,496,23.889095306396484,23.88888931274414,2.0,0.0,25.88888931274414,0,25.33049774169922,23.88888931274414,2.0,0.0,25.88888931274414,0,23.889095306396484,23.88888931274414,2.0,0.0,25.88888931274414,0
496,1,496,497,23.37973976135254,23.33333396911621,2.0,1.0,25.33333396911621,0,30.3408203125,24.77777862548828,2.0,1.0,26.77777862548828,1,23.37973976135254,23.33333396911621,2.0,1.0,25.33333396911621,0
496,2,496,497,24.152568817138672,24.16666603088379,2.0,0.0,26.16666603088379,0,28.892202377319336,23.77777862548828,2.0,0.0,25.77777862548828,0,24.152568817138672,24.16666603088379,2.0,0.0,26.16666603088379,0
496,3,496,497,23.88890266418457,23.88888931274414,2.0,0.0,25.88888931274414,0,25.665813446044922,23.88888931274414,2.0,0.0,25.88888931274414,0,23.88890266418457,23.88888931274414,2.0,0.0,25.88888931274414,0
497,1,497,498,23.77568817138672,23.77777862548828,2.0,2.0,25.77777862548828,0,30.839950561523438,23.33333396911621,2.0,1.0,25.33333396911621,1,23.77568817138672,23.77777862548828,2.0,2.0,25.77777862548828,0
497,2,497,498,24.994476318359375,25.0,2.0,0.0,27.0,0,29.139270782470703,24.16666603088379,2.0,0.0,26.16666603088379,0,24.994476318359375,25.0,2.0,0.0,27.0,0
497,3,497,498,24.43852996826172,24.44444465637207,2.0,1.0,26.44444465637207,0,25.937597274780273,23.88888931274414,2.0,0.0,25.88888931274414,0,24.43852996826172,24.44444465637207,2.0,1.0,26.44444465637207,0
498,1,498,499,24.436607360839844,24.44444465637207,2.0,3.0,26.44444465637207,0,31.438854217529297,23.77777862548828,2.0,2.0,25.77777862548828,1,24.436607360839844,24.44444465637207,2.0,3.0,26.44444465637207,0
498,2,498,499,24.994823455810547,25.0,2.0,1.0,27.0,0,29.231779098510742,25.0,2.0,0.0,27.0,0,24.994823455810547,25.0,2.0,1.0,27.0,0
498,3,498,499,24.444398880004883,24.44444465637207,2.0,1.0,26.44444465637207,0,26.587276458740234,24.44444465637207,2.0,1.0,26.44444465637207,1,24.444398880004883,24.44444465637207,2.0,1.0,26.44444465637207,0
499,1,499,500,24.4443302154541,24.44444465637207,2.0,3.0,26.44444465637207,0,31.235305786132812,24.44444465637207,2.0,3.0,26.44444465637207,1,24.4443302154541,24.44444465637207,2.0,3.0,26.44444465637207,0
499,2,499,500,24.99798011779785,25.0,2.0,1.0,27.0,0,27.651037216186523,25.0,2.0,1.0,27.0,1,24.99798011779785,25.0,2.0,1.0,27.0,0
499,3,499,500,24.444448471069336,24.44444465637207,2.0,1.0,26.44444465637207,0,26.035011291503906,24.44444465637207,2.0,1.0,26.44444465637207,0,24.444448471069336,24.44444465637207,2.0,1.0,26.44444465637207,0
500,1,500,501,24.444448471069336,24.44444465637207,2.0,3.0,26.44444465637207,0,31.050926208496094,24.44444465637207,2.0,3.0,26.44444465637207,1,24.444448471069336,24.44444465637207,2.0,3.0,26.44444465637207,0
500,2,500,501,24.997909545898438,25.0,2.0,1.0,27.0,0,27.791805267333984,25.0,2.0,1.0,27.0,1,24.997909545898438,25.0,2.0,1.0,27.0,0
500,3,500,501,24.444448471069336,24.44444465637207,2.0,2.0,26.44444465637207,0,26.29019546508789,24.44444465637207,2.0,1.0,26.44444465637207,0,24.444448471069336,24.44444465637207,2.0,2.0,26.44444465637207,0
501,1,501,502,24.44445037841797,24.44444465637207,2.0,3.0,26.44444465637207,0,30.98511505126953,24.44444465637207,2.0,3.0,26.44444465637207,1,24.44445037841797,24.44444465637207,2.0,3.0,26.44444465637207,0
501,2,501,502,24.99772834777832,25.0,2.0,1.0,27.0,0,27.19178009033203,25.0,2.0,1.0,27.0,1,24.99772834777832,25.0,2.0,1.0,27.0,0
501,3,501,502,24.444448471069336,24.44444465637207,2.0,2.0,26.44444465637207,0,26.245046615600586,24.44444465637207,2.0,2.0,26.44444465637207,0,24.444448471069336,24.44444465637207,2.0,2.0,26.44444465637207,0
502,1,502,503,24.4444522857666,24.44444465637207,2.0,3.0,26.44444465637207,0,30.18836212158203,24.44444465637207,2.0,3.0,26.44444465637207,1,24.4444522857666,24.44444465637207,2.0,3.0,26.44444465637207,0
502,2,502,503,24.997791290283203,25.0,2.0,1.0,27.0,0,26.220684051513672,25.0,2.0,1.0,27.0,0,24.997791290283203,25.0,2.0,1.0,27.0,0
502,3,502,503,24.44445037841797,24.44444465637207,2.0,2.0,26.44444465637207,0,26.186016082763672,24.44444465637207,2.0,2.0,26.44444465637207,0,24.44445037841797,24.44444465637207,2.0,2.0,26.44444465637207,0
503,1,503,504,24.444454193115234,24.44444465637207,2.0,3.0,26.44444465637207,0,29.730945587158203,24.44444465637207,2.0,3.0,26.44444465637207,1,24.444454193115234,24.44444465637207,2.0,3.0,26.44444465637207,0
503,2,503,504,24.998085021972656,25.0,2.0,1.0,27.0,0,25.58722686767578,25.0,2.0,1.0,27.0,0,24.998085021972656,25.0,2.0,1.0,27.0,0
503,3,503,504,23.95711898803711,23.94444465637207,2.0,2.0,25.94444465637207,0,26.030925750732422,24.44444465637207,2.0,2.0,26.44444465637207,0,23.95711898803711,23.94444465637207,2.0,2.0,25.94444465637207,0
504,1,504,505,23.372583389282227,23.27777862548828,2.0,3.0,25.27777862548828,0,28.984241485595703,24.44444465637207,2.0,3.0,26.44444465637207,1,23.372583389282227,23.27777862548828,2.0,3.0,25.27777862548828,0
504,2,504,505,23.432281494140625,23.38888931274414,2.0,1.0,25.38888931274414,0,24.738862991333008,25.0,2.0,1.0,27.0,0,23.432281494140625,23.38888931274414,2.0,1.0,25.38888931274414,0
504,3,504,505,24.441946029663086,24.44444465637207,2.0,2.0,26.44444465637207,0,25.55997657775879,23.94444465637207,2.0,2.0,25.94444465637207,0,24.441946029663086,24.44444465637207,2.0,2.0,26.44444465637207,0
505,1,505,506,22.256635665893555,22.22222137451172,2.0,3.0,24.22222137451172,0,29.26590347290039,23.27777862548828,2.0,3.0,25.27777862548828,1,22.256635665893555,22.22222137451172,2.0,3.0,24.22222137451172,0
505,2,505,506,23.330703735351562,23.33333396911621,2.0,1.0,25.33333396911621,0,24.72966957092285,23.38888931274414,2.0,1.0,25.38888931274414,0,23.330703735351562,23.33333396911621,2.0,1.0,25.33333396911621,0
505,3,505,506,24.444398880004883,24.44444465637207,2.0,2.0,26.44444465637207,0,25.54155921936035,24.44444465637207,2.0,2.0,26.44444465637207,0,24.444398880004883,24.44444465637207,2.0,2.0,26.44444465637207,0
506,1,506,507,22.223108291625977,22.22222137451172,2.0,3.0,24.22222137451172,0,29.413494110107422,22.22222137451172,2.0,3.0,24.22222137451172,1,22.223108291625977,22.22222137451172,2.0,3.0,24.22222137451172,0
506,2,506,507,24.363811492919922,24.94444465637207,2.0,1.0,26.94444465637207,0,24.738842010498047,23.33333396911621,2.0,1.0,25.33333396911621,0,24.363811492919922,24.94444465637207,2.0,1.0,26.94444465637207,0
506,3,506,507,24.44443130493164,24.44444465637207,2.0,2.0,26.44444465637207,0,25.383636474609375,24.44444465637207,2.0,2.0,26.44444465637207,0,24.44443130493164,24.44444465637207,2.0,2.0,26.44444465637207,0
507,1,507,508,22.222339630126953,22.22222137451172,2.0,3.0,24.22222137451172,0,29.401264190673828,22.22222137451172,2.0,3.0,24.22222137451172,1,22.222339630126953,22.22222137451172,2.0,3.0,24.22222137451172,0
507,2,507,508,24.721437454223633,25.0,2.0,1.0,27.0,0,25.14602279663086,24.94444465637207,2.0,1.0,26.94444465637207,0,24.721437454223633,25.0,2.0,1.0,27.0,0
507,3,507,508,24.444427490234375,24.44444465637207,2.0,2.0,26.44444465637207,0,25.18321990966797,24.44444465637207,2.0,2.0,26.44444465637207,0,24.444427490234375,24.44444465637207,2.0,2.0,26.44444465637207,0
508,1,508,509,22.222318649291992,22.22222137451172,2.0,3.0,24.22222137451172,0,29.23236846923828,22.22222137451172,2.0,3.0,24.22222137451172,1,22.222318649291992,22.22222137451172,2.0,3.0,24.22222137451172,0
508,2,508,509,24.922697067260742,25.0,2.0,1.0,27.0,0,25.21966552734375,25.0,2.0,1.0,27.0,0,24.922697067260742,25.0,2.0,1.0,27.0,0
508,3,508,509,24.444448471069336,24.44444465637207,2.0,2.0,26.44444465637207,0,24.992570877075195,24.44444465637207,2.0,2.0,26.44444465637207,0,24.444448471069336,24.44444465637207,2.0,2.0,26.44444465637207,0
509,1,509,510,22.222244262695312,22.22222137451172,2.0,3.0,24.22222137451172,0,29.004249572753906,22.22222137451172,2.0,3.0,24.22222137451172,1,22.222244262695312,22.22222137451172,2.0,3.0,24.22222137451172,0
509,2,509,510,24.932674407958984,25.0,2.0,1.0,27.0,0,25.074338912963867,25.0,2.0,1.0,27.0,0,24.932674407958984,25.0,2.0,1.0,27.0,0
509,3,509,510,24.444421768188477,24.44444465637207,2.0,2.0,26.44444465637207,0,24.827627182006836,24.44444465637207,2.0,2.0,26.44444465637207,0,24.444421768188477,24.44444465637207,2.0,2.0,26.44444465637207,0
510,1,510,511,22.22223472595215,22.22222137451172,2.0,2.0,24.22222137451172,0,28.792861938476562,22.22222137451172,2.0,3.0,24.22222137451172,1,22.22223472595215,22.22222137451172,2.0,2.0,24.22222137451172,0
510,2,510,511,24.997949600219727,25.0,2.0,1.0,27.0,0,24.884727478027344,25.0,2.0,1.0,27.0,0,24.997949600219727,25.0,2.0,1.0,27.0,0
510,3,510,511,24.44445037841797,24.44444465637207,2.0,2.0,26.44444465637207,0,24.71808624267578,24.44444465637207,2.0,2.0,26.44444465637207,0,24.44445037841797,24.44444465637207,2.0,2.0,26.44444465637207,0
511,1,511,512,22.277421951293945,22.27777862548828,2.0,2.0,24.27777862548828,0,28.978866577148438,22.22222137451172,2.0,2.0,24.22222137451172,1,22.277421951293945,22.27777862548828,2.0,2.0,24.27777862548828,0
511,2,511,512,24.99251365661621,25.0,2.0,1.0,27.0,0,25.326684951782227,25.0,2.0,1.0,27.0,0,24.99251365661621,25.0,2.0,1.0,27.0,0
511,3,511,512,24.444448471069336,24.44444465637207,2.0,1.0,26.44444465637207,0,24.983070373535156,24.44444465637207,2.0,2.0,26.44444465637207,0,24.444448471069336,24.44444465637207,2.0,1.0,26.44444465637207,0
512,1,512,513,22.775991439819336,22.77777862548828,2.0,2.0,24.77777862548828,0,28.81378936767578,22.27777862548828,2.0,2.0,24.27777862548828,1,22.775991439819336,22.77777862548828,2.0,2.0,24.77777862548828,0
512,2,512,513,23.844968795776367,23.83333396911621,2.0,0.0,25.83333396911621,0,25.362342834472656,25.0,2.0,1.0,27.0,0,23.844968795776367,23.83333396911621,2.0,0.0,25.83333396911621,0
512,3,512,513,24.444448471069336,24.44444465637207,2.0,1.0,26.44444465637207,0,25.23029899597168,24.44444465637207,2.0,1.0,26.44444465637207,0,24.444448471069336,24.44444465637207,2.0,1.0,26.44444465637207,0
513,1,513,514,24.378585815429688,24.44444465637207,2.0,1.0,26.44444465637207,0,29.333778381347656,22.77777862548828,2.0,2.0,24.77777862548828,1,24.378585815429688,24.44444465637207,2.0,1.0,26.44444465637207,0
513,2,513,514,23.332857131958008,23.33333396911621,2.0,0.0,25.33333396911621,0,25.3564453125,23.83333396911621,2.0,0.0,25.83333396911621,0,23.332857131958008,23.33333396911621,2.0,0.0,25.33333396911621,0
513,3,513,514,24.4444580078125,24.44444465637207,2.0,0.0,26.44444465637207,0,25.451053619384766,24.44444465637207,2.0,1.0,26.44444465637207,0,24.4444580078125,24.44444465637207,2.0,0.0,26.44444465637207,0
514,1,514,515,24.444345474243164,24.44444465637207,2.0,2.0,26.44444465637207,0,29.757423400878906,24.44444465637207,2.0,1.0,26.44444465637207,1,24.444345474243164,24.44444465637207,2.0,2.0,26.44444465637207,0
514,2,514,515,24.468297958374023,24.5,2.0,0.0,26.5,0,25.774824142456055,23.33333396911621,2.0,0.0,25.33333396911621,0,24.468297958374023,24.5,2.0,0.0,26.5,0
514,3,514,515,24.444448471069336,24.44444465637207,2.0,0.0,26.44444465637207,0,25.524303436279297,24.44444465637207,2.0,0.0,26.44444465637207,0,24.444448471069336,24.44444465637207,2.0,0.0,26.44444465637207,0
515,1,515,516,24.444448471069336,24.44444465637207,2.0,2.0,26.44444465637207,0,30.363479614257812,24.44444465637207,2.0,2.0,26.44444465637207,1,24.444448471069336,24.44444465637207,2.0,2.0,26.44444465637207,0
515,2,515,516,24.275774002075195,24.27777862548828,2.0,0.0,26.27777862548828,0,26.63153839111328,24.5,2.0,0.0,26.5,0,24.275774002075195,24.27777862548828,2.0,0.0,26.27777862548828,0
515,3,515,516,24.444448471069336,24.44444465637207,2.0,0.0,26.44444465637207,0,25.610679626464844,24.44444465637207,2.0,0.0,26.44444465637207,0,24.444448471069336,24.44444465637207,2.0,0.0,26.44444465637207,0
516,1,516,517,24.444454193115234,24.44444465637207,2.0,1.0,26.44444465637207,0,30.802810668945312,24.44444465637207,2.0,2.0,26.44444465637207,1,24.444454193115234,24.44444465637207,2.0,1.0,26.44444465637207,0
516,2,516,517,23.361433029174805,23.33333396911621,2.0,0.0,25.33333396911621,0,26.7512149810791,24.27777862548828,2.0,0.0,26.27777862548828,0,23.361433029174805,23.33333396911621,2.0,0.0,25.33333396911621,0
516,3,516,517,24.444448471069336,24.44444465637207,2.0,0.0,26.44444465637207,0,25.652050018310547,24.44444465637207,2.0,0.0,26.44444465637207,0,24.444448471069336,24.44444465637207,2.0,0.0,26.44444465637207,0
517,1,517,518,25.104190826416016,25.11111068725586,2.0,1.0,27.11111068725586,0,31.40546417236328,24.44444465637207,2.0,1.0,26.44444465637207,1,25.104190826416016,25.11111068725586,2.0,1.0,27.11111068725586,0
517,2,517,518,24.04556655883789,24.05555534362793,2.0,0.0,26.05555534362793,0,27.844825744628906,23.33333396911621,2.0,0.0,25.33333396911621,0,24.04556655883789,24.05555534362793,2.0,0.0,26.05555534362793,0
517,3,517,518,24.44445037841797,24.44444465637207,2.0,0.0,26.44444465637207,0,25.97193145751953,24.44444465637207,2.0,0.0,26.44444465637207,0,24.44445037841797,24.44444465637207,2.0,0.0,26.44444465637207,0
518,1,518,519,24.95513153076172,24.94444465637207,2.0,2.0,26.94444465637207,0,31.4996337890625,25.11111068725586,2.0,1.0,27.11111068725586,1,24.95513153076172,24.94444465637207,2.0,2.0,26.94444465637207,0
518,2,518,519,23.085359573364258,22.94444465637207,2.0,0.0,24.94444465637207,0,28.45051383972168,24.05555534362793,2.0,0.0,26.05555534362793,0,23.085359573364258,22.94444465637207,2.0,0.0,24.94444465637207,0
518,3,518,519,24.4444522857666,24.44444465637207,2.0,1.0,26.44444465637207,0,26.219425201416016,24.44444465637207,2.0,0.0,26.44444465637207,0,24.4444522857666,24.44444465637207,2.0,1.0,26.44444465637207,0
519,1,519,520,23.47357749938965,23.33333396911621,2.0,2.0,25.33333396911621,0,32.005882263183594,24.94444465637207,2.0,2.0,26.94444465637207,1,23.47357749938965,23.33333396911621,2.0,2.0,25.33333396911621,0
519,2,519,520,22.921680450439453,22.77777862548828,2.0,0.0,24.77777862548828,0,29.398143768310547,22.94444465637207,2.0,0.0,24.94444465637207,0,22.921680450439453,22.77777862548828,2.0,0.0,24.77777862548828,0
519,3,519,520,24.4444522857666,24.44444465637207,2.0,2.0,26.44444465637207,0,26.967832565307617,24.44444465637207,2.0,1.0,26.44444465637207,1,24.4444522857666,24.44444465637207,2.0,2.0,26.44444465637207,0
520,1,520,521,23.72163963317871,23.72222137451172,2.0,3.0,25.72222137451172,0,32.470420837402344,23.33333396911621,2.0,2.0,25.33333396911621,1,23.72163963317871,23.72222137451172,2.0,3.0,25.72222137451172,0
520,2,520,521,24.77289581298828,24.77777862548828,2.0,0.0,26.77777862548828,0,30.120922088623047,22.77777862548828,2.0,0.0,24.77777862548828,0,24.77289581298828,24.77777862548828,2.0,0.0,26.77777862548828,0
520,3,520,521,24.068937301635742,24.05555534362793,2.0,1.0,26.05555534362793,0,27.750377655029297,24.44444465637207,2.0,2.0,26.44444465637207,1,24.068937301635742,24.05555534362793,2.0,1.0,26.05555534362793,0
521,1,521,522,24.433855056762695,24.44444465637207,2.0,3.0,26.44444465637207,0,32.79267501831055,23.72222137451172,2.0,3.0,25.72222137451172,1,24.433855056762695,24.44444465637207,2.0,3.0,26.44444465637207,0
521,2,521,522,24.995248794555664,25.0,2.0,0.0,27.0,0,30.327144622802734,24.77777862548828,2.0,0.0,26.77777862548828,0,24.995248794555664,25.0,2.0,0.0,27.0,0
521,3,521,522,24.44008445739746,24.44444465637207,2.0,1.0,26.44444465637207,0,28.040176391601562,24.05555534362793,2.0,1.0,26.05555534362793,1,24.44008445739746,24.44444465637207,2.0,1.0,26.44444465637207,0
522,1,522,523,24.444263458251953,24.44444465637207,2.0,3.0,26.44444465637207,0,32.63298797607422,24.44444465637207,2.0,3.0,26.44444465637207,1,24.444263458251953,24.44444465637207,2.0,3.0,26.44444465637207,0
522,2,522,523,24.996726989746094,25.0,2.0,0.0,27.0,0,29.812667846679688,25.0,2.0,0.0,27.0,0,24.996726989746094,25.0,2.0,0.0,27.0,0
522,3,522,523,24.06058692932129,24.05555534362793,2.0,1.0,26.05555534362793,0,28.404592514038086,24.44444465637207,2.0,1.0,26.44444465637207,1,24.06058692932129,24.05555534362793,2.0,1.0,26.05555534362793,0
523,1,523,524,24.44442367553711,24.44444465637207,2.0,3.0,26.44444465637207,0,32.57547378540039,24.44444465637207,2.0,3.0,26.44444465637207,1,24.44442367553711,24.44444465637207,2.0,3.0,26.44444465637207,0
523,2,523,524,24.997535705566406,25.0,2.0,0.0,27.0,0,29.700828552246094,25.0,2.0,0.0,27.0,0,24.997535705566406,25.0,2.0,0.0,27.0,0
523,3,523,524,23.891019821166992,23.88888931274414,2.0,2.0,25.88888931274414,0,28.41370964050293,24.05555534362793,2.0,1.0,26.05555534362793,1,23.891019821166992,23.88888931274414,2.0,2.0,25.88888931274414,0
524,1,524,525,24.44445037841797,24.44444465637207,2.0,3.0,26.44444465637207,0,32.13052749633789,24.44444465637207,2.0,3.0,26.44444465637207,1,24.44445037841797,24.44444465637207,2.0,3.0,26.44444465637207,0
524,2,524,525,24.99786376953125,25.0,2.0,0.0,27.0,0,26.65731430053711,25.0,2.0,0.0,27.0,0,24.99786376953125,25.0,2.0,0.0,27.0,0
524,3,524,525,23.888916015625,23.88888931274414,2.0,2.0,25.88888931274414,0,27.60826873779297,23.88888931274414,2.0,2.0,25.88888931274414,1,23.888916015625,23.88888931274414,2.0,2.0,25.88888931274414,0
525,1,525,526,24.4444522857666,24.44444465637207,2.0,3.0,26.44444465637207,0,31.850223541259766,24.44444465637207,2.0,3.0,26.44444465637207,1,24.4444522857666,24.44444465637207,2.0,3.0,26.44444465637207,0
525,2,525,526,24.997577667236328,25.0,2.0,1.0,27.0,0,27.2093448638916,25.0,2.0,0.0,27.0,0,24.997577667236328,25.0,2.0,1.0,27.0,0
525,3,525,526,23.88889503479004,23.88888931274414,2.0,2.0,25.88888931274414,0,27.98412322998047,23.88888931274414,2.0,2.0,25.88888931274414,1,23.88889503479004,23.88888931274414,2.0,2.0,25.88888931274414,0
526,1,526,527,24.4444522857666,24.44444465637207,2.0,3.0,26.44444465637207,0,31.383243560791016,24.44444465637207,2.0,3.0,26.44444465637207,1,24.4444522857666,24.44444465637207,2.0,3.0,26.44444465637207,0
526,2,526,527,23.85064697265625,23.83333396911621,2.0,1.0,25.83333396911621,0,26.463790893554688,25.0,2.0,1.0,27.0,0,23.85064697265625,23.83333396911621,2.0,1.0,25.83333396911621,0
526,3,526,527,24.272804260253906,24.27777862548828,2.0,2.0,26.27777862548828,0,27.71141815185547,23.88888931274414,2.0,2.0,25.88888931274414,1,24.272804260253906,24.27777862548828,2.0,2.0,26.27777862548828,0
527,1,527,528,24.444454193115234,24.44444465637207,2.0,3.0,26.44444465637207,0,30.927654266357422,24.44444465637207,2.0,3.0,26.44444465637207,1,24.444454193115234,24.44444465637207,2.0,3.0,26.44444465637207,0
527,2,527,528,22.799428939819336,22.77777862548828,2.0,1.0,24.77777862548828,0,25.87664031982422,23.83333396911621,2.0,1.0,25.83333396911621,1,22.799428939819336,22.77777862548828,2.0,1.0,24.77777862548828,0
527,3,527,528,24.441082000732422,24.44444465637207,2.0,2.0,26.44444465637207,0,27.545761108398438,24.27777862548828,2.0,2.0,26.27777862548828,1,24.441082000732422,24.44444465637207,2.0,2.0,26.44444465637207,0
528,1,528,529,23.4766902923584,23.38888931274414,2.0,3.0,25.38888931274414,0,30.25391387939453,24.44444465637207,2.0,3.0,26.44444465637207,1,23.4766902923584,23.38888931274414,2.0,3.0,25.38888931274414,0
528,2,528,529,23.91135597229004,23.94444465637207,2.0,1.0,25.94444465637207,0,25.022388458251953,22.77777862548828,2.0,1.0,24.77777862548828,1,23.91135597229004,23.94444465637207,2.0,1.0,25.94444465637207,0
528,3,528,529,24.444353103637695,24.44444465637207,2.0,2.0,26.44444465637207,0,27.181930541992188,24.44444465637207,2.0,2.0,26.44444465637207,1,24.444353103637695,24.44444465637207,2.0,2.0,26.44444465637207,0
529,1,529,530,24.441429138183594,24.44444465637207,2.0,3.0,26.44444465637207,0,30.222732543945312,23.38888931274414,2.0,3.0,25.38888931274414,1,24.441429138183594,24.44444465637207,2.0,3.0,26.44444465637207,0
529,2,529,530,24.792774200439453,25.0,2.0,1.0,27.0,0,25.050697326660156,23.94444465637207,2.0,1.0,25.94444465637207,0,24.792774200439453,25.0,2.0,1.0,27.0,0
529,3,529,530,24.444448471069336,24.44444465637207,2.0,2.0,26.44444465637207,0,26.781047821044922,24.44444465637207,2.0,2.0,26.44444465637207,1,24.444448471069336,24.44444465637207,2.0,2.0,26.44444465637207,0
530,1,530,531,24.44438934326172,24.44444465637207,2.0,3.0,26.44444465637207,0,30.049610137939453,24.44444465637207,2.0,3.0,26.44444465637207,1,24.44438934326172,24.44444465637207,2.0,3.0,26.44444465637207,0
530,2,530,531,24.975833892822266,25.0,2.0,1.0,27.0,0,25.269683837890625,25.0,2.0,1.0,27.0,0,24.975833892822266,25.0,2.0,1.0,27.0,0
530,3,530,531,24.444427490234375,24.44444465637207,2.0,2.0,26.44444465637207,0,26.50091552734375,24.44444465637207,2.0,2.0,26.44444465637207,1,24.444427490234375,24.44444465637207,2.0,2.0,26.44444465637207,0
531,1,531,532,24.44445037841797,24.44444465637207,2.0,3.0,26.44444465637207,0,30.183910369873047,24.44444465637207,2.0,3.0,26.44444465637207,1,24.44445037841797,24.44444465637207,2.0,3.0,26.44444465637207,0
531,2,531,532,24.999095916748047,25.0,2.0,1.0,27.0,0,25.581539154052734,25.0,2.0,1.0,27.0,0,24.999095916748047,25.0,2.0,1.0,27.0,0
531,3,531,532,24.44441032409668,24.44444465637207,2.0,2.0,26.44444465637207,0,26.23367691040039,24.44444465637207,2.0,2.0,26.44444465637207,0,24.44441032409668,24.44444465637207,2.0,2.0,26.44444465637207,0
532,1,532,533,24.44439697265625,24.44444465637207,2.0,3.0,26.44444465637207,0,29.988601684570312,24.44444465637207,2.0,3.0,26.44444465637207,1,24.44439697265625,24.44444465637207,2.0,3.0,26.44444465637207,0
532,2,532,533,24.99933433532715,25.0,2.0,1.0,27.0,0,25.490402221679688,25.0,2.0,1.0,27.0,0,24.99933433532715,25.0,2.0,1.0,27.0,0
532,3,532,533,24.444448471069336,24.44444465637207,2.0,2.0,26.44444465637207,0,25.887802124023438,24.44444465637207,2.0,2.0,26.44444465637207,0,24.444448471069336,24.44444465637207,2.0,2.0,26.44444465637207,0
533,1,533,534,24.4444522857666,24.44444465637207,2.0,3.0,26.44444465637207,0,29.786930084228516,24.44444465637207,2.0,3.0,26.44444465637207,1,24.4444522857666,24.44444465637207,2.0,3.0,26.44444465637207,0
533,2,533,534,24.999324798583984,25.0,2.0,1.0,27.0,0,25.354568481445312,25.0,2.0,1.0,27.0,0,24.999324798583984,25.0,2.0,1.0,27.0,0
533,3,533,534,24.444414138793945,24.44444465637207,2.0,2.0,26.44444465637207,0,25.594722747802734,24.44444465637207,2.0,2.0,26.44444465637207,0,24.444414138793945,24.44444465637207,2.0,2.0,26.44444465637207,0
534,1,534,535,24.44445037841797,24.44444465637207,2.0,3.0,26.44444465637207,0,29.610397338867188,24.44444465637207,2.0,3.0,26.44444465637207,1,24.44445037841797,24.44444465637207,2.0,3.0,26.44444465637207,0
534,2,534,535,24.99797248840332,25.0,2.0,1.0,27.0,0,25.193265914916992,25.0,2.0,1.0,27.0,0,24.99797248840332,25.0,2.0,1.0,27.0,0
534,3,534,535,24.444448471069336,24.44444465637207,2.0,2.0,26.44444465637207,0,25.37213897705078,24.44444465637207,2.0,2.0,26.44444465637207,0,24.444448471069336,24.44444465637207,2.0,2.0,26.44444465637207,0
535,1,535,536,23.085908889770508,23.05555534362793,2.0,3.0,25.05555534362793,0,29.837657928466797,24.44444465637207,2.0,3.0,26.44444465637207,1,23.085908889770508,23.05555534362793,2.0,3.0,25.05555534362793,0
535,2,535,536,24.99626922607422,25.0,2.0,1.0,27.0,0,25.604251861572266,25.0,2.0,1.0,27.0,0,24.99626922607422,25.0,2.0,1.0,27.0,0
535,3,535,536,24.44445037841797,24.44444465637207,2.0,2.0,26.44444465637207,0,25.502025604248047,24.44444465637207,2.0,2.0,26.44444465637207,0,24.44445037841797,24.44444465637207,2.0,2.0,26.44444465637207,0
536,1,536,537,22.7997989654541,22.77777862548828,2.0,3.0,24.77777862548828,0,30.063251495361328,23.05555534362793,2.0,3.0,25.05555534362793,1,22.7997989654541,22.77777862548828,2.0,3.0,24.77777862548828,0
536,2,536,537,24.99686050415039,25.0,2.0,1.0,27.0,0,25.8406925201416,25.0,2.0,1.0,27.0,0,24.99686050415039,25.0,2.0,1.0,27.0,0
536,3,536,537,24.444448471069336,24.44444465637207,2.0,2.0,26.44444465637207,0,25.775203704833984,24.44444465637207,2.0,2.0,26.44444465637207,0,24.444448471069336,24.44444465637207,2.0,2.0,26.44444465637207,0
537,1,537,538,24.152910232543945,24.16666603088379,2.0,2.0,26.16666603088379,0,30.29059600830078,22.77777862548828,2.0,3.0,24.77777862548828,1,24.152910232543945,24.16666603088379,2.0,2.0,26.16666603088379,0
537,2,537,538,24.996248245239258,25.0,2.0,1.0,27.0,0,26.061269760131836,25.0,2.0,1.0,27.0,0,24.996248245239258,25.0,2.0,1.0,27.0,0
537,3,537,538,24.444448471069336,24.44444465637207,2.0,2.0,26.44444465637207,0,26.033721923828125,24.44444465637207,2.0,2.0,26.44444465637207,0,24.444448471069336,24.44444465637207,2.0,2.0,26.44444465637207,0
538,1,538,539,24.442813873291016,24.44444465637207,2.0,2.0,26.44444465637207,0,30.62591552734375,24.16666603088379,2.0,2.0,26.16666603088379,1,24.442813873291016,24.44444465637207,2.0,2.0,26.44444465637207,0
538,2,538,539,24.49954605102539,24.5,2.0,1.0,26.5,0,26.577709197998047,25.0,2.0,1.0,27.0,0,24.49954605102539,24.5,2.0,1.0,26.5,0
538,3,538,539,24.444448471069336,24.44444465637207,2.0,2.0,26.44444465637207,0,26.326929092407227,24.44444465637207,2.0,2.0,26.44444465637207,0,24.444448471069336,24.44444465637207,2.0,2.0,26.44444465637207,0
539,1,539,540,24.444429397583008,24.44444465637207,2.0,2.0,26.44444465637207,0,30.953285217285156,24.44444465637207,2.0,2.0,26.44444465637207,1,24.444429397583008,24.44444465637207,2.0,2.0,26.44444465637207,0
539,2,539,540,23.39564323425293,23.33333396911621,2.0,1.0,25.33333396911621,0,27.028697967529297,24.5,2.0,1.0,26.5,1,23.39564323425293,23.33333396911621,2.0,1.0,25.33333396911621,0
539,3,539,540,24.444448471069336,24.44444465637207,2.0,2.0,26.44444465637207,0,26.64746856689453,24.44444465637207,2.0,2.0,26.44444465637207,1,24.444448471069336,24.44444465637207,2.0,2.0,26.44444465637207,0
540,1,540,541,24.44445037841797,24.44444465637207,2.0,1.0,26.44444465637207,0,31.38357162475586,24.44444465637207,2.0,2.0,26.44444465637207,1,24.44445037841797,24.44444465637207,2.0,1.0,26.44444465637207,0
540,2,540,541,23.821866989135742,23.83333396911621,2.0,1.0,25.83333396911621,0,27.654773712158203,23.33333396911621,2.0,1.0,25.33333396911621,1,23.821866989135742,23.83333396911621,2.0,1.0,25.83333396911621,0
540,3,540,541,24.11922836303711,24.11111068725586,2.0,2.0,26.11111068725586,0,27.026382446289062,24.44444465637207,2.0,2.0,26.44444465637207,1,24.11922836303711,24.11111068725586,2.0,2.0,26.11111068725586,0
541,1,541,542,24.444454193115234,24.44444465637207,2.0,2.0,26.44444465637207,0,31.460121154785156,24.44444465637207,2.0,1.0,26.44444465637207,1,24.444454193115234,24.44444465637207,2.0,2.0,26.44444465637207,0
541,2,541,542,24.982500076293945,25.0,2.0,1.0,27.0,0,28.205646514892578,23.83333396911621,2.0,1.0,25.83333396911621,1,24.982500076293945,25.0,2.0,1.0,27.0,0
541,3,541,542,23.906997680664062,23.88888931274414,2.0,2.0,25.88888931274414,0,27.31622314453125,24.11111068725586,2.0,2.0,26.11111068725586,1,23.906997680664062,23.88888931274414,2.0,2.0,25.88888931274414,0
542,1,542,543,24.44465446472168,24.44444465637207,2.0,2.0,26.44444465637207,0,31.576072692871094,24.44444465637207,2.0,2.0,26.44444465637207,1,24.44465446472168,24.44444465637207,2.0,2.0,26.44444465637207,0
542,2,542,543,24.989187240600586,25.0,2.0,1.0,27.0,0,28.765491485595703,25.0,2.0,1.0,27.0,1,24.989187240600586,25.0,2.0,1.0,27.0,0
542,3,542,543,23.891210556030273,23.88888931274414,2.0,2.0,25.88888931274414,0,27.611324310302734,23.88888931274414,2.0,2.0,25.88888931274414,1,23.891210556030273,23.88888931274414,2.0,2.0,25.88888931274414,0
543,1,543,544,24.444459915161133,24.44444465637207,2.0,2.0,26.44444465637207,0,31.88503646850586,24.44444465637207,2.0,2.0,26.44444465637207,1,24.444459915161133,24.44444465637207,2.0,2.0,26.44444465637207,0
543,2,543,544,24.988449096679688,25.0,2.0,1.0,27.0,0,29.459932327270508,25.0,2.0,1.0,27.0,1,24.988449096679688,25.0,2.0,1.0,27.0,0
543,3,543,544,23.889087677001953,23.88888931274414,2.0,2.0,25.88888931274414,0,28.069765090942383,23.88888931274414,2.0,2.0,25.88888931274414,1,23.889087677001953,23.88888931274414,2.0,2.0,25.88888931274414,0
544,1,544,545,24.444448471069336,24.44444465637207,2.0,1.0,26.44444465637207,0,32.1349983215332,24.44444465637207,2.0,2.0,26.44444465637207,1,24.444448471069336,24.44444465637207,2.0,1.0,26.44444465637207,0
544,2,544,545,24.992544174194336,25.0,2.0,1.0,27.0,0,29.89598846435547,25.0,2.0,1.0,27.0,1,24.992544174194336,25.0,2.0,1.0,27.0,0
544,3,544,545,23.888900756835938,23.88888931274414,2.0,2.0,25.88888931274414,0,28.565784454345703,23.88888931274414,2.0,2.0,25.88888931274414,1,23.888900756835938,23.88888931274414,2.0,2.0,25.88888931274414,0
545,1,545,546,24.337736129760742,24.33333396911621,2.0,2.0,26.33333396911621,0,31.929676055908203,24.44444465637207,2.0,1.0,26.44444465637207,1,24.337736129760742,24.33333396911621,2.0,2.0,26.33333396911621,0
545,2,545,546,24.994548797607422,25.0,2.0,1.0,27.0,0,29.88990020751953,25.0,2.0,1.0,27.0,1,24.994548797607422,25.0,2.0,1.0,27.0,0
545,3,545,546,24.326385498046875,24.33333396911621,2.0,1.0,26.33333396911621,0,28.871646881103516,23.88888931274414,2.0,2.0,25.88888931274414,1,24.326385498046875,24.33333396911621,2.0,1.0,26.33333396911621,0
546,1,546,547,23.89792251586914,23.88888931274414,2.0,2.0,25.88888931274414,0,31.61630630493164,24.33333396911621,2.0,2.0,26.33333396911621,1,23.89792251586914,23.88888931274414,2.0,2.0,25.88888931274414,0
546,2,546,547,24.995777130126953,25.0,2.0,1.0,27.0,0,29.39752197265625,25.0,2.0,1.0,27.0,1,24.995777130126953,25.0,2.0,1.0,27.0,0
546,3,546,547,23.897998809814453,23.88888931274414,2.0,1.0,25.88888931274414,0,28.819156646728516,24.33333396911621,2.0,1.0,26.33333396911621,1,23.897998809814453,23.88888931274414,2.0,1.0,25.88888931274414,0
547,1,547,548,23.99825668334961,24.0,2.0,3.0,26.0,0,31.645248413085938,23.88888931274414,2.0,2.0,25.88888931274414,1,23.99825668334961,24.0,2.0,3.0,26.0,0
547,2,547,548,24.99671173095703,25.0,2.0,1.0,27.0,0,29.30849838256836,25.0,2.0,1.0,27.0,1,24.99671173095703,25.0,2.0,1.0,27.0,0
547,3,547,548,23.889007568359375,23.88888931274414,2.0,1.0,25.88888931274414,0,28.745967864990234,23.88888931274414,2.0,1.0,25.88888931274414,1,23.889007568359375,23.88888931274414,2.0,1.0,25.88888931274414,0
548,1,548,549,24.435853958129883,24.44444465637207,2.0,3.0,26.44444465637207,0,31.51386260986328,24.0,2.0,3.0,26.0,1,24.435853958129883,24.44444465637207,2.0,3.0,26.44444465637207,0
548,2,548,549,24.997146606445312,25.0,2.0,1.0,27.0,0,28.587379455566406,25.0,2.0,1.0,27.0,1,24.997146606445312,25.0,2.0,1.0,27.0,0
548,3,548,549,23.88889503479004,23.88888931274414,2.0,1.0,25.88888931274414,0,28.330322265625,23.88888931274414,2.0,1.0,25.88888931274414,1,23.88889503479004,23.88888931274414,2.0,1.0,25.88888931274414,0
549,1,549,550,24.443883895874023,24.44444465637207,2.0,3.0,26.44444465637207,0,30.84384536743164,24.44444465637207,2.0,3.0,26.44444465637207,1,24.443883895874023,24.44444465637207,2.0,3.0,26.44444465637207,0
549,2,549,550,24.997386932373047,25.0,2.0,1.0,27.0,0,27.42089080810547,25.0,2.0,1.0,27.0,1,24.997386932373047,25.0,2.0,1.0,27.0,0
549,3,549,550,23.88889503479004,23.88888931274414,2.0,2.0,25.88888931274414,0,27.760009765625,23.88888931274414,2.0,1.0,25.88888931274414,1,23.88889503479004,23.88888931274414,2.0,2.0,25.88888931274414,0
550,1,550,551,22.381807327270508,22.22222137451172,2.0,3.0,24.22222137451172,0,30.389801025390625,24.44444465637207,2.0,3.0,26.44444465637207,1,22.381807327270508,22.22222137451172,2.0,3.0,24.22222137451172,0
550,2,550,551,24.99758529663086,25.0,2.0,1.0,27.0,0,26.66815948486328,25.0,2.0,1.0,27.0,0,24.99758529663086,25.0,2.0,1.0,27.0,0
550,3,550,551,23.88889503479004,23.88888931274414,2.0,2.0,25.88888931274414,0,27.414785385131836,23.88888931274414,2.0,2.0,25.88888931274414,1,23.88889503479004,23.88888931274414,2.0,2.0,25.88888931274414,0
551,1,551,552,22.223953247070312,22.22222137451172,2.0,3.0,24.22222137451172,0,29.96825408935547,22.22222137451172,2.0,3.0,24.22222137451172,1,22.223953247070312,22.22222137451172,2.0,3.0,24.22222137451172,0
551,2,551,552,23.435426712036133,23.38888931274414,2.0,1.0,25.38888931274414,0,25.886552810668945,25.0,2.0,1.0,27.0,0,23.435426712036133,23.38888931274414,2.0,1.0,25.38888931274414,0
551,3,551,552,23.997282028198242,24.0,2.0,2.0,26.0,0,26.91811752319336,23.88888931274414,2.0,2.0,25.88888931274414,1,23.997282028198242,24.0,2.0,2.0,26.0,0
552,1,552,553,23.221786499023438,23.27777862548828,2.0,3.0,25.27777862548828,0,29.388832092285156,22.22222137451172,2.0,3.0,24.22222137451172,1,23.221786499023438,23.27777862548828,2.0,3.0,25.27777862548828,0
552,2,552,553,22.794876098632812,22.77777862548828,2.0,1.0,24.77777862548828,0,25.042179107666016,23.38888931274414,2.0,1.0,25.38888931274414,0,22.794876098632812,22.77777862548828,2.0,1.0,24.77777862548828,0
552,3,552,553,23.893041610717773,23.88888931274414,2.0,2.0,25.88888931274414,0,26.424070358276367,24.0,2.0,2.0,26.0,1,23.893041610717773,23.88888931274414,2.0,2.0,25.88888931274414,0
553,1,553,554,22.242517471313477,22.22222137451172,2.0,3.0,24.22222137451172,0,29.441696166992188,23.27777862548828,2.0,3.0,25.27777862548828,1,22.242517471313477,22.22222137451172,2.0,3.0,24.22222137451172,0
553,2,553,554,24.234739303588867,24.38888931274414,2.0,1.0,26.38888931274414,0,25.039690017700195,22.77777862548828,2.0,1.0,24.77777862548828,1,24.234739303588867,24.38888931274414,2.0,1.0,26.38888931274414,0
553,3,553,554,23.88899040222168,23.88888931274414,2.0,2.0,25.88888931274414,0,26.080869674682617,23.88888931274414,2.0,2.0,25.88888931274414,1,23.88899040222168,23.88888931274414,2.0,2.0,25.88888931274414,0
554,1,554,555,23.6645450592041,23.66666603088379,2.0,3.0,25.66666603088379,0,29.63658905029297,22.22222137451172,2.0,3.0,24.22222137451172,1,23.6645450592041,23.66666603088379,2.0,3.0,25.66666603088379,0
554,2,554,555,24.831008911132812,25.0,2.0,1.0,27.0,0,25.621299743652344,24.38888931274414,2.0,1.0,26.38888931274414,0,24.831008911132812,25.0,2.0,1.0,27.0,0
554,3,554,555,23.88890266418457,23.88888931274414,2.0,2.0,25.88888931274414,0,25.83562469482422,23.88888931274414,2.0,2.0,25.88888931274414,0,23.88890266418457,23.88888931274414,2.0,2.0,25.88888931274414,0
555,1,555,556,23.88650894165039,23.88888931274414,2.0,3.0,25.88888931274414,0,29.38910675048828,23.66666603088379,2.0,3.0,25.66666603088379,1,23.88650894165039,23.88888931274414,2.0,3.0,25.88888931274414,0
555,2,555,556,24.984682083129883,25.0,2.0,1.0,27.0,0,25.888574600219727,25.0,2.0,1.0,27.0,0,24.984682083129883,25.0,2.0,1.0,27.0,0
555,3,555,556,23.888845443725586,23.88888931274414,2.0,2.0,25.88888931274414,0,25.518844604492188,23.88888931274414,2.0,2.0,25.88888931274414,0,23.888845443725586,23.88888931274414,2.0,2.0,25.88888931274414,0
556,1,556,557,22.52041244506836,22.44444465637207,2.0,3.0,24.44444465637207,0,29.16653060913086,23.88888931274414,2.0,3.0,25.88888931274414,1,22.52041244506836,22.44444465637207,2.0,3.0,24.44444465637207,0
556,2,556,557,24.99894142150879,25.0,2.0,1.0,27.0,0,25.938941955566406,25.0,2.0,1.0,27.0,0,24.99894142150879,25.0,2.0,1.0,27.0,0
556,3,556,557,23.88877296447754,23.88888931274414,2.0,2.0,25.88888931274414,0,25.21548080444336,23.88888931274414,2.0,2.0,25.88888931274414,0,23.88877296447754,23.88888931274414,2.0,2.0,25.88888931274414,0
557,1,557,558,22.226985931396484,22.22222137451172,2.0,3.0,24.22222137451172,0,28.96337890625,22.44444465637207,2.0,3.0,24.44444465637207,1,22.226985931396484,22.22222137451172,2.0,3.0,24.22222137451172,0
557,2,557,558,24.998798370361328,25.0,2.0,1.0,27.0,0,25.87179946899414,25.0,2.0,1.0,27.0,0,24.998798370361328,25.0,2.0,1.0,27.0,0
557,3,557,558,23.888896942138672,23.88888931274414,2.0,2.0,25.88888931274414,0,24.94114112854004,23.88888931274414,2.0,2.0,25.88888931274414,0,23.888896942138672,23.88888931274414,2.0,2.0,25.88888931274414,0
558,1,558,559,22.22258186340332,22.22222137451172,2.0,3.0,24.22222137451172,0,28.700782775878906,22.22222137451172,2.0,3.0,24.22222137451172,1,22.22258186340332,22.22222137451172,2.0,3.0,24.22222137451172,0
558,2,558,559,24.887727737426758,24.88888931274414,2.0,1.0,26.88888931274414,0,25.73480224609375,25.0,2.0,1.0,27.0,0,24.887727737426758,24.88888931274414,2.0,1.0,26.88888931274414,0
558,3,558,559,24.161821365356445,24.16666603088379,2.0,2.0,26.16666603088379,0,24.713367462158203,23.88888931274414,2.0,2.0,25.88888931274414,0,24.161821365356445,24.16666603088379,2.0,2.0,26.16666603088379,0
559,1,559,560,22.277137756347656,22.27777862548828,2.0,2.0,24.27777862548828,0,28.734378814697266,22.22222137451172,2.0,3.0,24.22222137451172,1,22.277137756347656,22.27777862548828,2.0,2.0,24.27777862548828,0
559,2,559,560,23.90631103515625,23.88888931274414,2.0,1.0,25.88888931274414,0,25.99152374267578,24.88888931274414,2.0,1.0,26.88888931274414,0,23.90631103515625,23.88888931274414,2.0,1.0,25.88888931274414,0
559,3,559,560,24.44321632385254,24.44444465637207,2.0,2.0,26.44444465637207,0,24.946762084960938,24.16666603088379,2.0,2.0,26.16666603088379,0,24.44321632385254,24.44444465637207,2.0,2.0,26.44444465637207,0
560,1,560,561,24.330095291137695,24.44444465637207,2.0,2.0,26.44444465637207,0,28.700281143188477,22.27777862548828,2.0,2.0,24.27777862548828,1,24.330095291137695,24.44444465637207,2.0,2.0,26.44444465637207,0
560,2,560,561,23.995086669921875,24.0,2.0,1.0,26.0,0,25.665409088134766,23.88888931274414,2.0,1.0,25.88888931274414,0,23.995086669921875,24.0,2.0,1.0,26.0,0
560,3,560,561,24.444442749023438,24.44444465637207,2.0,2.0,26.44444465637207,0,25.366165161132812,24.44444465637207,2.0,2.0,26.44444465637207,0,24.444442749023438,24.44444465637207,2.0,2.0,26.44444465637207,0
561,1,561,562,24.444290161132812,24.44444465637207,2.0,1.0,26.44444465637207,0,28.779953002929688,24.44444465637207,2.0,2.0,26.44444465637207,1,24.444290161132812,24.44444465637207,2.0,1.0,26.44444465637207,0
561,2,561,562,24.974058151245117,25.0,2.0,1.0,27.0,0,25.891433715820312,24.0,2.0,1.0,26.0,0,24.974058151245117,25.0,2.0,1.0,27.0,0
561,3,561,562,24.1140079498291,24.11111068725586,2.0,2.0,26.11111068725586,0,25.64620590209961,24.44444465637207,2.0,2.0,26.44444465637207,0,24.1140079498291,24.11111068725586,2.0,2.0,26.11111068725586,0
562,1,562,563,24.444448471069336,24.44444465637207,2.0,1.0,26.44444465637207,0,29.14488983154297,24.44444465637207,2.0,1.0,26.44444465637207,1,24.444448471069336,24.44444465637207,2.0,1.0,26.44444465637207,0
562,2,562,563,24.993240356445312,25.0,2.0,1.0,27.0,0,26.87697410583496,25.0,2.0,1.0,27.0,0,24.993240356445312,25.0,2.0,1.0,27.0,0
562,3,562,563,23.891464233398438,23.88888931274414,2.0,2.0,25.88888931274414,0,25.841720581054688,24.11111068725586,2.0,2.0,26.11111068725586,0,23.891464233398438,23.88888931274414,2.0,2.0,25.88888931274414,0
563,1,563,564,24.44445037841797,24.44444465637207,2.0,1.0,26.44444465637207,0,29.238567352294922,24.44444465637207,2.0,1.0,26.44444465637207,1,24.44445037841797,24.44444465637207,2.0,1.0,26.44444465637207,0
563,2,563,564,24.996360778808594,25.0,2.0,0.0,27.0,0,27.18468475341797,25.0,2.0,1.0,27.0,1,24.996360778808594,25.0,2.0,0.0,27.0,0
563,3,563,564,23.888927459716797,23.88888931274414,2.0,2.0,25.88888931274414,0,26.020931243896484,23.88888931274414,2.0,2.0,25.88888931274414,1,23.888927459716797,23.88888931274414,2.0,2.0,25.88888931274414,0
564,1,564,565,24.4444522857666,24.44444465637207,2.0,2.0,26.44444465637207,0,29.46468734741211,24.44444465637207,2.0,1.0,26.44444465637207,1,24.4444522857666,24.44444465637207,2.0,2.0,26.44444465637207,0
564,2,564,565,24.994707107543945,25.0,2.0,1.0,27.0,0,27.283340454101562,25.0,2.0,0.0,27.0,0,24.994707107543945,25.0,2.0,1.0,27.0,0
564,3,564,565,23.88889503479004,23.88888931274414,2.0,2.0,25.88888931274414,0,26.319143295288086,23.88888931274414,2.0,2.0,25.88888931274414,1,23.88889503479004,23.88888931274414,2.0,2.0,25.88888931274414,0
565,1,565,566,25.35903549194336,25.44444465637207,2.0,2.0,27.44444465637207,0,30.024410247802734,24.44444465637207,2.0,2.0,26.44444465637207,1,25.35903549194336,25.44444465637207,2.0,2.0,27.44444465637207,0
565,2,565,566,23.584247589111328,23.38888931274414,2.0,1.0,25.38888931274414,0,28.256025314331055,25.0,2.0,1.0,27.0,1,23.584247589111328,23.38888931274414,2.0,1.0,25.38888931274414,0
565,3,565,566,23.88889503479004,23.88888931274414,2.0,2.0,25.88888931274414,0,26.832393646240234,23.88888931274414,2.0,2.0,25.88888931274414,1,23.88889503479004,23.88888931274414,2.0,2.0,25.88888931274414,0
566,1,566,567,26.65265464782715,26.66666603088379,2.0,2.0,28.66666603088379,0,30.389015197753906,25.44444465637207,2.0,2.0,27.44444465637207,1,26.65265464782715,26.66666603088379,2.0,2.0,28.66666603088379,0
566,2,566,567,23.637039184570312,23.33333396911621,2.0,1.0,25.33333396911621,0,29.10271453857422,23.38888931274414,2.0,1.0,25.38888931274414,1,23.637039184570312,23.33333396911621,2.0,1.0,25.33333396911621,0
566,3,566,567,23.888896942138672,23.88888931274414,2.0,2.0,25.88888931274414,0,27.35390853881836,23.88888931274414,2.0,2.0,25.88888931274414,1,23.888896942138672,23.88888931274414,2.0,2.0,25.88888931274414,0
567,1,567,568,24.41534996032715,24.22222137451172,2.0,2.0,26.22222137451172,0,30.686622619628906,26.66666603088379,2.0,2.0,28.66666603088379,1,24.41534996032715,24.22222137451172,2.0,2.0,26.22222137451172,0
567,2,567,568,24.900094985961914,24.94444465637207,2.0,1.0,26.94444465637207,0,29.7219295501709,23.33333396911621,2.0,1.0,25.33333396911621,1,24.900094985961914,24.94444465637207,2.0,1.0,26.94444465637207,0
567,3,567,568,23.889114379882812,23.88888931274414,2.0,2.0,25.88888931274414,0,27.748310089111328,23.88888931274414,2.0,2.0,25.88888931274414,1,23.889114379882812,23.88888931274414,2.0,2.0,25.88888931274414,0
568,1,568,569,23.38170051574707,23.33333396911621,2.0,2.0,25.33333396911621,0,31.272403717041016,24.22222137451172,2.0,2.0,26.22222137451172,1,23.38170051574707,23.33333396911621,2.0,2.0,25.33333396911621,0
568,2,568,569,24.985944747924805,25.0,2.0,1.0,27.0,0,30.47800064086914,24.94444465637207,2.0,1.0,26.94444465637207,1,24.985944747924805,25.0,2.0,1.0,27.0,0
568,3,568,569,23.88890266418457,23.88888931274414,2.0,1.0,25.88888931274414,0,28.246803283691406,23.88888931274414,2.0,2.0,25.88888931274414,1,23.88890266418457,23.88888931274414,2.0,1.0,25.88888931274414,0
569,1,569,570,24.051982879638672,24.05555534362793,2.0,3.0,26.05555534362793,0,31.159854888916016,23.33333396911621,2.0,2.0,25.33333396911621,1,24.051982879638672,24.05555534362793,2.0,3.0,26.05555534362793,0
569,2,569,570,24.994449615478516,25.0,2.0,1.0,27.0,0,30.38933563232422,25.0,2.0,1.0,27.0,1,24.994449615478516,25.0,2.0,1.0,27.0,0
569,3,569,570,23.726139068603516,23.72222137451172,2.0,1.0,25.72222137451172,0,28.30617904663086,23.88888931274414,2.0,1.0,25.88888931274414,1,23.726139068603516,23.72222137451172,2.0,1.0,25.72222137451172,0
570,1,570,571,24.4291934967041,24.44444465637207,2.0,3.0,26.44444465637207,0,30.832523345947266,24.05555534362793,2.0,3.0,26.05555534362793,1,24.4291934967041,24.44444465637207,2.0,3.0,26.44444465637207,0
570,2,570,571,24.993711471557617,25.0,2.0,1.0,27.0,0,29.7418212890625,25.0,2.0,1.0,27.0,1,24.993711471557617,25.0,2.0,1.0,27.0,0
570,3,570,571,23.341306686401367,23.33333396911621,2.0,2.0,25.33333396911621,0,28.309194564819336,23.72222137451172,2.0,1.0,25.72222137451172,1,23.341306686401367,23.33333396911621,2.0,2.0,25.33333396911621,0
571,1,571,572,24.283245086669922,24.27777862548828,2.0,3.0,26.27777862548828,0,30.897682189941406,24.44444465637207,2.0,3.0,26.44444465637207,1,24.283245086669922,24.27777862548828,2.0,3.0,26.27777862548828,0
571,2,571,572,24.996788024902344,25.0,2.0,1.0,27.0,0,29.48448944091797,25.0,2.0,1.0,27.0,1,24.996788024902344,25.0,2.0,1.0,27.0,0
571,3,571,572,23.55300521850586,23.55555534362793,2.0,2.0,25.55555534362793,0,28.50436782836914,23.33333396911621,2.0,2.0,25.33333396911621,1,23.55300521850586,23.55555534362793,2.0,2.0,25.55555534362793,0
572,1,572,573,23.90044403076172,23.88888931274414,2.0,3.0,25.88888931274414,0,30.279647827148438,24.27777862548828,2.0,3.0,26.27777862548828,1,23.90044403076172,23.88888931274414,2.0,3.0,25.88888931274414,0
572,2,572,573,24.06260108947754,24.05555534362793,2.0,1.0,26.05555534362793,0,27.252668380737305,25.0,2.0,1.0,27.0,1,24.06260108947754,24.05555534362793,2.0,1.0,26.05555534362793,0
572,3,572,573,23.88508415222168,23.88888931274414,2.0,2.0,25.88888931274414,0,27.266326904296875,23.55555534362793,2.0,2.0,25.55555534362793,1,23.88508415222168,23.88888931274414,2.0,2.0,25.88888931274414,0
573,1,573,574,24.052318572998047,24.05555534362793,2.0,3.0,26.05555534362793,0,30.124099731445312,23.88888931274414,2.0,3.0,25.88888931274414,1,24.052318572998047,24.05555534362793,2.0,3.0,26.05555534362793,0
573,2,573,574,24.162267684936523,24.16666603088379,2.0,1.0,26.16666603088379,0,27.72530746459961,24.05555534362793,2.0,1.0,26.05555534362793,1,24.162267684936523,24.16666603088379,2.0,1.0,26.16666603088379,0
573,3,573,574,23.88882064819336,23.88888931274414,2.0,2.0,25.88888931274414,0,27.471153259277344,23.88888931274414,2.0,2.0,25.88888931274414,1,23.88882064819336,23.88888931274414,2.0,2.0,25.88888931274414,0
574,1,574,575,24.41341781616211,24.44444465637207,2.0,3.0,26.44444465637207,0,29.948734283447266,24.05555534362793,2.0,3.0,26.05555534362793,1,24.41341781616211,24.44444465637207,2.0,3.0,26.44444465637207,0
574,2,574,575,24.775747299194336,24.77777862548828,2.0,1.0,26.77777862548828,0,27.182231903076172,24.16666603088379,2.0,1.0,26.16666603088379,1,24.775747299194336,24.77777862548828,2.0,1.0,26.77777862548828,0
574,3,574,575,23.88889503479004,23.88888931274414,2.0,2.0,25.88888931274414,0,27.03301239013672,23.88888931274414,2.0,2.0,25.88888931274414,1,23.88889503479004,23.88888931274414,2.0,2.0,25.88888931274414,0
575,1,575,576,24.44367790222168,24.44444465637207,2.0,3.0,26.44444465637207,0,29.599037170410156,24.44444465637207,2.0,3.0,26.44444465637207,1,24.44367790222168,24.44444465637207,2.0,3.0,26.44444465637207,0
575,2,575,576,22.832796096801758,22.77777862548828,2.0,1.0,24.77777862548828,0,26.61389923095703,24.77777862548828,2.0,1.0,26.77777862548828,0,22.832796096801758,22.77777862548828,2.0,1.0,24.77777862548828,0
575,3,575,576,23.997390747070312,24.0,2.0,2.0,26.0,0,26.384521484375,23.88888931274414,2.0,2.0,25.88888931274414,1,23.997390747070312,24.0,2.0,2.0,26.0,0
576,1,576,577,23.375961303710938,23.27777862548828,2.0,3.0,25.27777862548828,0,29.914302825927734,24.44444465637207,2.0,3.0,26.44444465637207,1,23.375961303710938,23.27777862548828,2.0,3.0,25.27777862548828,0
576,2,576,577,22.77308464050293,22.77777862548828,2.0,1.0,24.77777862548828,0,26.834287643432617,22.77777862548828,2.0,1.0,24.77777862548828,1,22.77308464050293,22.77777862548828,2.0,1.0,24.77777862548828,0
576,3,576,577,23.892908096313477,23.88888931274414,2.0,2.0,25.88888931274414,0,26.014461517333984,24.0,2.0,2.0,26.0,1,23.892908096313477,23.88888931274414,2.0,2.0,25.88888931274414,0
577,1,577,578,22.461441040039062,22.38888931274414,2.0,3.0,24.38888931274414,0,29.94198226928711,23.27777862548828,2.0,3.0,25.27777862548828,1,22.461441040039062,22.38888931274414,2.0,3.0,24.38888931274414,0
577,2,577,578,24.189905166625977,24.94444465637207,2.0,1.0,26.94444465637207,0,26.642772674560547,22.77777862548828,2.0,1.0,24.77777862548828,1,24.189905166625977,24.94444465637207,2.0,1.0,26.94444465637207,0
577,3,577,578,23.88912582397461,23.88888931274414,2.0,2.0,25.88888931274414,0,25.59163475036621,23.88888931274414,2.0,2.0,25.88888931274414,0,23.88912582397461,23.88888931274414,2.0,2.0,25.88888931274414,0
578,1,578,579,23.320899963378906,23.33333396911621,2.0,3.0,25.33333396911621,0,29.4954833984375,22.38888931274414,2.0,3.0,24.38888931274414,1,23.320899963378906,23.33333396911621,2.0,3.0,25.33333396911621,0
578,2,578,579,24.783689498901367,25.0,2.0,1.0,27.0,0,26.949575424194336,24.94444465637207,2.0,1.0,26.94444465637207,1,24.783689498901367,25.0,2.0,1.0,27.0,0
578,3,578,579,23.88884162902832,23.88888931274414,2.0,2.0,25.88888931274414,0,25.460203170776367,23.88888931274414,2.0,2.0,25.88888931274414,0,23.88884162902832,23.88888931274414,2.0,2.0,25.88888931274414,0
579,1,579,580,23.16984748840332,23.16666603088379,2.0,3.0,25.16666603088379,0,29.364398956298828,23.33333396911621,2.0,3.0,25.33333396911621,1,23.16984748840332,23.16666603088379,2.0,3.0,25.16666603088379,0
579,2,579,580,24.973661422729492,25.0,2.0,1.0,27.0,0,27.117204666137695,25.0,2.0,1.0,27.0,1,24.973661422729492,25.0,2.0,1.0,27.0,0
579,3,579,580,24.322994232177734,24.33333396911621,2.0,2.0,26.33333396911621,0,25.135000228881836,23.88888931274414,2.0,2.0,25.88888931274414,0,24.322994232177734,24.33333396911621,2.0,2.0,26.33333396911621,0
580,1,580,581,22.302799224853516,22.22222137451172,2.0,3.0,24.22222137451172,0,28.9879150390625,23.16666603088379,2.0,3.0,25.16666603088379,1,22.302799224853516,22.22222137451172,2.0,3.0,24.22222137451172,0
580,2,580,581,24.998674392700195,25.0,2.0,1.0,27.0,0,27.008817672729492,25.0,2.0,1.0,27.0,1,24.998674392700195,25.0,2.0,1.0,27.0,0
580,3,580,581,24.435346603393555,24.44444465637207,2.0,2.0,26.44444465637207,0,25.174880981445312,24.33333396911621,2.0,2.0,26.33333396911621,0,24.435346603393555,24.44444465637207,2.0,2.0,26.44444465637207,0
581,1,581,582,22.224424362182617,22.22222137451172,2.0,3.0,24.22222137451172,0,28.757671356201172,22.22222137451172,2.0,3.0,24.22222137451172,1,22.224424362182617,22.22222137451172,2.0,3.0,24.22222137451172,0
581,2,581,582,24.998273849487305,25.0,2.0,1.0,27.0,0,26.866283416748047,25.0,2.0,1.0,27.0,0,24.998273849487305,25.0,2.0,1.0,27.0,0
581,3,581,582,24.443777084350586,24.44444465637207,2.0,2.0,26.44444465637207,0,25.086992263793945,24.44444465637207,2.0,2.0,26.44444465637207,0,24.443777084350586,24.44444465637207,2.0,2.0,26.44444465637207,0
582,1,582,583,22.22223663330078,22.22222137451172,2.0,1.0,24.22222137451172,0,28.49822235107422,22.22222137451172,2.0,3.0,24.22222137451172,1,22.22223663330078,22.22222137451172,2.0,1.0,24.22222137451172,0
582,2,582,583,24.20301628112793,24.16666603088379,2.0,1.0,26.16666603088379,0,26.681076049804688,25.0,2.0,1.0,27.0,0,24.20301628112793,24.16666603088379,2.0,1.0,26.16666603088379,0
582,3,582,583,24.444435119628906,24.44444465637207,2.0,2.0,26.44444465637207,0,24.98198127746582,24.44444465637207,2.0,2.0,26.44444465637207,0,24.444435119628906,24.44444465637207,2.0,2.0,26.44444465637207,0
583,1,583,584,22.276569366455078,22.27777862548828,2.0,1.0,24.27777862548828,0,28.188100814819336,22.22222137451172,2.0,1.0,24.22222137451172,1,22.276569366455078,22.27777862548828,2.0,1.0,24.27777862548828,0
583,2,583,584,24.10790252685547,24.11111068725586,2.0,1.0,26.11111068725586,0,26.486759185791016,24.16666603088379,2.0,1.0,26.16666603088379,1,24.10790252685547,24.11111068725586,2.0,1.0,26.11111068725586,0
583,3,583,584,24.28145408630371,24.27777862548828,2.0,1.0,26.27777862548828,0,25.109790802001953,24.44444465637207,2.0,2.0,26.44444465637207,0,24.28145408630371,24.27777862548828,2.0,1.0,26.27777862548828,0
584,1,584,585,22.773969650268555,22.77777862548828,2.0,1.0,24.77777862548828,0,27.80001449584961,22.27777862548828,2.0,1.0,24.27777862548828,1,22.773969650268555,22.77777862548828,2.0,1.0,24.77777862548828,0
584,2,584,585,24.43998908996582,24.44444465637207,2.0,1.0,26.44444465637207,0,26.17029571533203,24.11111068725586,2.0,1.0,26.11111068725586,1,24.43998908996582,24.44444465637207,2.0,1.0,26.44444465637207,0
584,3,584,585,23.894025802612305,23.88888931274414,2.0,1.0,25.88888931274414,0,25.11661720275879,24.27777862548828,2.0,1.0,26.27777862548828,0,23.894025802612305,23.88888931274414,2.0,1.0,25.88888931274414,0
585,1,585,586,24.364717483520508,24.44444465637207,2.0,1.0,26.44444465637207,0,28.132139205932617,22.77777862548828,2.0,1.0,24.77777862548828,1,24.364717483520508,24.44444465637207,2.0,1.0,26.44444465637207,0
585,2,585,586,24.830656051635742,24.83333396911621,2.0,1.0,26.83333396911621,0,26.20943832397461,24.44444465637207,2.0,1.0,26.44444465637207,0,24.830656051635742,24.83333396911621,2.0,1.0,26.83333396911621,0
585,3,585,586,23.888940811157227,23.88888931274414,2.0,1.0,25.88888931274414,0,25.212621688842773,23.88888931274414,2.0,1.0,25.88888931274414,0,23.888940811157227,23.88888931274414,2.0,1.0,25.88888931274414,0
586,1,586,587,24.444305419921875,24.44444465637207,2.0,1.0,26.44444465637207,0,28.262985229492188,24.44444465637207,2.0,1.0,26.44444465637207,1,24.444305419921875,24.44444465637207,2.0,1.0,26.44444465637207,0
586,2,586,587,24.99706268310547,25.0,2.0,1.0,27.0,0,26.632568359375,24.83333396911621,2.0,1.0,26.83333396911621,0,24.99706268310547,25.0,2.0,1.0,27.0,0
586,3,586,587,23.888893127441406,23.88888931274414,2.0,0.0,25.88888931274414,0,25.341371536254883,23.88888931274414,2.0,1.0,25.88888931274414,0,23.888893127441406,23.88888931274414,2.0,0.0,25.88888931274414,0
587,1,587,588,24.444448471069336,24.44444465637207,2.0,1.0,26.44444465637207,0,28.18072509765625,24.44444465637207,2.0,1.0,26.44444465637207,1,24.444448471069336,24.44444465637207,2.0,1.0,26.44444465637207,0
587,2,587,588,24.22618293762207,24.22222137451172,2.0,0.0,26.22222137451172,0,26.96743392944336,25.0,2.0,1.0,27.0,0,24.22618293762207,24.22222137451172,2.0,0.0,26.22222137451172,0
587,3,587,588,23.88889503479004,23.88888931274414,2.0,0.0,25.88888931274414,0,25.09001350402832,23.88888931274414,2.0,0.0,25.88888931274414,0,23.88889503479004,23.88888931274414,2.0,0.0,25.88888931274414,0
588,1,588,589,24.4444522857666,24.44444465637207,2.0,1.0,26.44444465637207,0,28.43897247314453,24.44444465637207,2.0,1.0,26.44444465637207,1,24.4444522857666,24.44444465637207,2.0,1.0,26.44444465637207,0
588,2,588,589,23.88754653930664,23.88888931274414,2.0,0.0,25.88888931274414,0,27.171640396118164,24.22222137451172,2.0,0.0,26.22222137451172,0,23.88754653930664,23.88888931274414,2.0,0.0,25.88888931274414,0
588,3,588,589,23.88889503479004,23.88888931274414,2.0,0.0,25.88888931274414,0,25.10628890991211,23.88888931274414,2.0,0.0,25.88888931274414,0,23.88889503479004,23.88888931274414,2.0,0.0,25.88888931274414,0
589,1,589,590,24.4444580078125,24.44444465637207,2.0,2.0,26.44444465637207,0,28.83382797241211,24.44444465637207,2.0,1.0,26.44444465637207,1,24.4444580078125,24.44444465637207,2.0,2.0,26.44444465637207,0
589,2,589,590,24.648096084594727,24.66666603088379,2.0,0.0,26.66666603088379,0,27.73977279663086,23.88888931274414,2.0,0.0,25.88888931274414,0,24.648096084594727,24.66666603088379,2.0,0.0,26.66666603088379,0
589,3,589,590,23.888898849487305,23.88888931274414,2.0,0.0,25.88888931274414,0,25.09416389465332,23.88888931274414,2.0,0.0,25.88888931274414,0,23.888898849487305,23.88888931274414,2.0,0.0,25.88888931274414,0
590,1,590,591,24.444576263427734,24.44444465637207,2.0,2.0,26.44444465637207,0,29.383716583251953,24.44444465637207,2.0,2.0,26.44444465637207,1,24.444576263427734,24.44444465637207,2.0,2.0,26.44444465637207,0
590,2,590,591,23.54415512084961,23.44444465637207,2.0,0.0,25.44444465637207,0,28.54027557373047,24.66666603088379,2.0,0.0,26.66666603088379,0,23.54415512084961,23.44444465637207,2.0,0.0,25.44444465637207,0
590,3,590,591,23.888900756835938,23.88888931274414,2.0,0.0,25.88888931274414,0,25.14457893371582,23.88888931274414,2.0,0.0,25.88888931274414,0,23.888900756835938,23.88888931274414,2.0,0.0,25.88888931274414,0
591,1,591,592,24.4444580078125,24.44444465637207,2.0,1.0,26.44444465637207,0,29.37584686279297,24.44444465637207,2.0,2.0,26.44444465637207,1,24.4444580078125,24.44444465637207,2.0,1.0,26.44444465637207,0
591,2,591,592,23.25273323059082,23.22222137451172,2.0,1.0,25.22222137451172,0,28.386741638183594,23.44444465637207,2.0,0.0,25.44444465637207,0,23.25273323059082,23.22222137451172,2.0,1.0,25.22222137451172,0
591,3,591,592,23.88915252685547,23.88888931274414,2.0,0.0,25.88888931274414,0,25.183502197265625,23.88888931274414,2.0,0.0,25.88888931274414,0,23.88915252685547,23.88888931274414,2.0,0.0,25.88888931274414,0
592,1,592,593,24.444509506225586,24.44444465637207,2.0,1.0,26.44444465637207,0,29.909339904785156,24.44444465637207,2.0,1.0,26.44444465637207,1,24.444509506225586,24.44444465637207,2.0,1.0,26.44444465637207,0
592,2,592,593,22.794485092163086,22.77777862548828,2.0,0.0,24.77777862548828,0,29.402481079101562,23.22222137451172,2.0,1.0,25.22222137451172,1,22.794485092163086,22.77777862548828,2.0,0.0,24.77777862548828,0
592,3,592,593,23.888912200927734,23.88888931274414,2.0,1.0,25.88888931274414,0,25.41217803955078,23.88888931274414,2.0,0.0,25.88888931274414,0,23.888912200927734,23.88888931274414,2.0,1.0,25.88888931274414,0
593,1,593,594,25.432527542114258,25.44444465637207,2.0,1.0,27.44444465637207,0,30.03512191772461,24.44444465637207,2.0,1.0,26.44444465637207,1,25.432527542114258,25.44444465637207,2.0,1.0,27.44444465637207,0
593,2,593,594,24.425716400146484,24.44444465637207,2.0,0.0,26.44444465637207,0,29.377742767333984,22.77777862548828,2.0,0.0,24.77777862548828,0,24.425716400146484,24.44444465637207,2.0,0.0,26.44444465637207,0
593,3,593,594,24.431655883789062,24.44444465637207,2.0,1.0,26.44444465637207,0,25.768203735351562,23.88888931274414,2.0,1.0,25.88888931274414,0,24.431655883789062,24.44444465637207,2.0,1.0,26.44444465637207,0
594,1,594,595,26.37642478942871,26.38888931274414,2.0,1.0,28.38888931274414,0,29.902042388916016,25.44444465637207,2.0,1.0,27.44444465637207,1,26.37642478942871,26.38888931274414,2.0,1.0,28.38888931274414,0
594,2,594,595,24.996889114379883,25.0,2.0,0.0,27.0,0,29.092605590820312,24.44444465637207,2.0,0.0,26.44444465637207,0,24.996889114379883,25.0,2.0,0.0,27.0,0
594,3,594,595,24.009334564208984,24.0,2.0,1.0,26.0,0,25.938980102539062,24.44444465637207,2.0,1.0,26.44444465637207,0,24.009334564208984,24.0,2.0,1.0,26.0,0
595,1,595,596,24.567516326904297,24.44444465637207,2.0,2.0,26.44444465637207,0,29.848983764648438,26.38888931274414,2.0,1.0,28.38888931274414,1,24.567516326904297,24.44444465637207,2.0,2.0,26.44444465637207,0
595,2,595,596,24.997793197631836,25.0,2.0,1.0,27.0,0,25.56403350830078,25.0,2.0,0.0,27.0,0,24.997793197631836,25.0,2.0,1.0,27.0,0
595,3,595,596,23.89083480834961,23.88888931274414,2.0,2.0,25.88888931274414,0,25.951213836669922,24.0,2.0,1.0,26.0,0,23.89083480834961,23.88888931274414,2.0,2.0,25.88888931274414,0
596,1,596,597,24.44512176513672,24.44444465637207,2.0,3.0,26.44444465637207,0,29.508155822753906,24.44444465637207,2.0,2.0,26.44444465637207,1,24.44512176513672,24.44444465637207,2.0,3.0,26.44444465637207,0
596,2,596,597,24.997703552246094,25.0,2.0,1.0,27.0,0,26.665996551513672,25.0,2.0,1.0,27.0,0,24.997703552246094,25.0,2.0,1.0,27.0,0
596,3,596,597,23.888927459716797,23.88888931274414,2.0,2.0,25.88888931274414,0,25.680816650390625,23.88888931274414,2.0,2.0,25.88888931274414,0,23.888927459716797,23.88888931274414,2.0,2.0,25.88888931274414,0
597,1,597,598,24.44449234008789,24.44444465637207,2.0,3.0,26.44444465637207,0,29.042804718017578,24.44444465637207,2.0,3.0,26.44444465637207,1,24.44449234008789,24.44444465637207,2.0,3.0,26.44444465637207,0
597,2,597,598,24.9976749420166,25.0,2.0,1.0,27.0,0,25.839427947998047,25.0,2.0,1.0,27.0,0,24.9976749420166,25.0,2.0,1.0,27.0,0
597,3,597,598,23.888896942138672,23.88888931274414,2.0,2.0,25.88888931274414,0,25.473983764648438,23.88888931274414,2.0,2.0,25.88888931274414,0,23.888896942138672,23.88888931274414,2.0,2.0,25.88888931274414,0
598,1,598,599,24.4444522857666,24.44444465637207,2.0,3.0,26.44444465637207,0,28.664154052734375,24.44444465637207,2.0,3.0,26.44444465637207,1,24.4444522857666,24.44444465637207,2.0,3.0,26.44444465637207,0
598,2,598,599,24.55762481689453,24.55555534362793,2.0,1.0,26.55555534362793,0,25.469829559326172,25.0,2.0,1.0,27.0,0,24.55762481689453,24.55555534362793,2.0,1.0,26.55555534362793,0
598,3,598,599,23.888896942138672,23.88888931274414,2.0,2.0,25.88888931274414,0,25.2477970123291,23.88888931274414,2.0,2.0,25.88888931274414,0,23.888896942138672,23.88888931274414,2.0,2.0,25.88888931274414,0
599,1,599,600,24.444456100463867,24.44444465637207,2.0,3.0,26.44444465637207,0,29.055011749267578,24.44444465637207,2.0,3.0,26.44444465637207,1,24.444456100463867,24.44444465637207,2.0,3.0,26.44444465637207,0
599,2,599,600,24.442773818969727,24.44444465637207,2.0,1.0,26.44444465637207,0,25.615699768066406,24.55555534362793,2.0,1.0,26.55555534362793,0,24.442773818969727,24.44444465637207,2.0,1.0,26.44444465637207,0
599,3,599,600,24.439664840698242,24.44444465637207,2.0,2.0,26.44444465637207,0,24.866838455200195,23.88888931274414,2.0,2.0,25.88888931274414,0,24.439664840698242,24.44444465637207,2.0,2.0,26.44444465637207,0
600,1,600,601,23.425355911254883,23.33333396911621,2.0,3.0,25.33333396911621,0,27.912670135498047,24.44444465637207,2.0,3.0,26.44444465637207,1,23.425355911254883,23.33333396911621,2.0,3.0,25.33333396911621,0
600,2,600,601,24.6621036529541,24.66666603088379,2.0,1.0,26.66666603088379,0,24.541614532470703,24.44444465637207,2.0,1.0,26.44444465637207,0,24.6621036529541,24.66666603088379,2.0,1.0,26.66666603088379,0
600,3,600,601,24.444259643554688,24.44444465637207,2.0,2.0,26.44444465637207,0,24.77853012084961,24.44444465637207,2.0,2.0,26.44444465637207,0,24.444259643554688,24.44444465637207,2.0,2.0,26.44444465637207,0
601,1,601,602,22.277389526367188,22.22222137451172,2.0,3.0,24.22222137451172,0,28.857585906982422,23.33333396911621,2.0,3.0,25.33333396911621,1,22.277389526367188,22.22222137451172,2.0,3.0,24.22222137451172,0
601,2,601,602,24.998470306396484,25.0,2.0,1.0,27.0,0,25.41232681274414,24.66666603088379,2.0,1.0,26.66666603088379,0,24.998470306396484,25.0,2.0,1.0,27.0,0
601,3,601,602,24.444408416748047,24.44444465637207,2.0,2.0,26.44444465637207,0,24.77337646484375,24.44444465637207,2.0,2.0,26.44444465637207,0,24.444408416748047,24.44444465637207,2.0,2.0,26.44444465637207,0
602,1,602,603,22.223739624023438,22.22222137451172,2.0,3.0,24.22222137451172,0,28.538589477539062,22.22222137451172,2.0,3.0,24.22222137451172,1,22.223739624023438,22.22222137451172,2.0,3.0,24.22222137451172,0
602,2,602,603,24.99829864501953,25.0,2.0,1.0,27.0,0,25.394105911254883,25.0,2.0,1.0,27.0,0,24.99829864501953,25.0,2.0,1.0,27.0,0
602,3,602,603,24.444406509399414,24.44444465637207,2.0,2.0,26.44444465637207,0,24.67214584350586,24.44444465637207,2.0,2.0,26.44444465637207,0,24.444406509399414,24.44444465637207,2.0,2.0,26.44444465637207,0
603,1,603,604,22.22243309020996,22.22222137451172,2.0,3.0,24.22222137451172,0,28.398765563964844,22.22222137451172,2.0,3.0,24.22222137451172,1,22.22243309020996,22.22222137451172,2.0,3.0,24.22222137451172,0
603,2,603,604,24.998411178588867,25.0,2.0,1.0,27.0,0,25.366867065429688,25.0,2.0,1.0,27.0,0,24.998411178588867,25.0,2.0,1.0,27.0,0
603,3,603,604,24.444425582885742,24.44444465637207,2.0,2.0,26.44444465637207,0,24.569564819335938,24.44444465637207,2.0,2.0,26.44444465637207,0,24.444425582885742,24.44444465637207,2.0,2.0,26.44444465637207,0
604,1,604,605,22.222423553466797,22.22222137451172,2.0,3.0,24.22222137451172,0,28.185134887695312,22.22222137451172,2.0,3.0,24.22222137451172,1,22.222423553466797,22.22222137451172,2.0,3.0,24.22222137451172,0
604,2,604,605,24.99848175048828,25.0,2.0,1.0,27.0,0,25.30215835571289,25.0,2.0,1.0,27.0,0,24.99848175048828,25.0,2.0,1.0,27.0,0
604,3,604,605,24.4444522857666,24.44444465637207,2.0,2.0,26.44444465637207,0,24.510150909423828,24.44444465637207,2.0,2.0,26.44444465637207,0,24.4444522857666,24.44444465637207,2.0,2.0,26.44444465637207,0
605,1,605,606,22.22224998474121,22.22222137451172,2.0,3.0,24.22222137451172,0,27.986148834228516,22.22222137451172,2.0,3.0,24.22222137451172,1,22.22224998474121,22.22222137451172,2.0,3.0,24.22222137451172,0
605,2,605,606,24.99822235107422,25.0,2.0,1.0,27.0,0,25.24881935119629,25.0,2.0,1.0,27.0,0,24.99822235107422,25.0,2.0,1.0,27.0,0
605,3,605,606,24.4444522857666,24.44444465637207,2.0,2.0,26.44444465637207,0,24.47971534729004,24.44444465637207,2.0,2.0,26.44444465637207,0,24.4444522857666,24.44444465637207,2.0,2.0,26.44444465637207,0
606,1,606,607,22.222232818603516,22.22222137451172,2.0,2.0,24.22222137451172,0,27.800586700439453,22.22222137451172,2.0,3.0,24.22222137451172,1,22.222232818603516,22.22222137451172,2.0,2.0,24.22222137451172,0
606,2,606,607,24.997520446777344,25.0,2.0,1.0,27.0,0,25.219974517822266,25.0,2.0,1.0,27.0,0,24.997520446777344,25.0,2.0,1.0,27.0,0
606,3,606,607,24.44445037841797,24.44444465637207,2.0,1.0,26.44444465637207,0,24.485567092895508,24.44444465637207,2.0,2.0,26.44444465637207,0,24.44445037841797,24.44444465637207,2.0,1.0,26.44444465637207,0
607,1,607,608,22.22222900390625,22.22222137451172,2.0,2.0,24.22222137451172,0,27.77730941772461,22.22222137451172,2.0,2.0,24.22222137451172,1,22.22222900390625,22.22222137451172,2.0,2.0,24.22222137451172,0
607,2,607,608,24.997333526611328,25.0,2.0,1.0,27.0,0,25.618377685546875,25.0,2.0,1.0,27.0,0,24.997333526611328,25.0,2.0,1.0,27.0,0
607,3,607,608,24.444448471069336,24.44444465637207,2.0,1.0,26.44444465637207,0,24.703340530395508,24.44444465637207,2.0,1.0,26.44444465637207,0,24.444448471069336,24.44444465637207,2.0,1.0,26.44444465637207,0
608,1,608,609,22.775636672973633,22.77777862548828,2.0,1.0,24.77777862548828,0,27.612525939941406,22.22222137451172,2.0,2.0,24.22222137451172,1,22.775636672973633,22.77777862548828,2.0,1.0,24.77777862548828,0
608,2,608,609,24.997421264648438,25.0,2.0,1.0,27.0,0,25.688491821289062,25.0,2.0,1.0,27.0,0,24.997421264648438,25.0,2.0,1.0,27.0,0
608,3,608,609,24.444448471069336,24.44444465637207,2.0,1.0,26.44444465637207,0,24.8448429107666,24.44444465637207,2.0,1.0,26.44444465637207,0,24.444448471069336,24.44444465637207,2.0,1.0,26.44444465637207,0
609,1,609,610,24.37291145324707,24.44444465637207,2.0,1.0,26.44444465637207,0,27.488113403320312,22.77777862548828,2.0,1.0,24.77777862548828,1,24.37291145324707,24.44444465637207,2.0,1.0,26.44444465637207,0
609,2,609,610,24.997478485107422,25.0,2.0,1.0,27.0,0,25.63454818725586,25.0,2.0,1.0,27.0,0,24.997478485107422,25.0,2.0,1.0,27.0,0
609,3,609,610,24.444448471069336,24.44444465637207,2.0,1.0,26.44444465637207,0,24.991130828857422,24.44444465637207,2.0,1.0,26.44444465637207,0,24.444448471069336,24.44444465637207,2.0,1.0,26.44444465637207,0
610,1,610,611,24.444339752197266,24.44444465637207,2.0,1.0,26.44444465637207,0,27.999250411987305,24.44444465637207,2.0,1.0,26.44444465637207,1,24.444339752197266,24.44444465637207,2.0,1.0,26.44444465637207,0
610,2,610,611,24.99725341796875,25.0,2.0,0.0,27.0,0,26.351009368896484,25.0,2.0,1.0,27.0,0,24.99725341796875,25.0,2.0,0.0,27.0,0
610,3,610,611,24.00373077392578,24.0,2.0,0.0,26.0,0,25.192657470703125,24.44444465637207,2.0,1.0,26.44444465637207,0,24.00373077392578,24.0,2.0,0.0,26.0,0
611,1,611,612,24.444448471069336,24.44444465637207,2.0,1.0,26.44444465637207,0,28.227357864379883,24.44444465637207,2.0,1.0,26.44444465637207,1,24.444448471069336,24.44444465637207,2.0,1.0,26.44444465637207,0
611,2,611,612,24.996870040893555,25.0,2.0,0.0,27.0,0,26.66106414794922,25.0,2.0,0.0,27.0,0,24.996870040893555,25.0,2.0,0.0,27.0,0
611,3,611,612,23.89003562927246,23.88888931274414,2.0,0.0,25.88888931274414,0,25.1342830657959,24.0,2.0,0.0,26.0,0,23.89003562927246,23.88888931274414,2.0,0.0,25.88888931274414,0
612,1,612,613,24.44445037841797,24.44444465637207,2.0,1.0,26.44444465637207,0,28.585872650146484,24.44444465637207,2.0,1.0,26.44444465637207,1,24.44445037841797,24.44444465637207,2.0,1.0,26.44444465637207,0
612,2,612,613,24.995698928833008,25.0,2.0,0.0,27.0,0,27.01791000366211,25.0,2.0,0.0,27.0,0,24.995698928833008,25.0,2.0,0.0,27.0,0
612,3,612,613,23.888912200927734,23.88888931274414,2.0,1.0,25.88888931274414,0,25.019351959228516,23.88888931274414,2.0,0.0,25.88888931274414,0,23.888912200927734,23.88888931274414,2.0,1.0,25.88888931274414,0
613,1,613,614,24.444456100463867,24.44444465637207,2.0,1.0,26.44444465637207,0,29.13620376586914,24.44444465637207,2.0,1.0,26.44444465637207,1,24.444456100463867,24.44444465637207,2.0,1.0,26.44444465637207,0
613,2,613,614,24.993913650512695,25.0,2.0,0.0,27.0,0,28.21256446838379,25.0,2.0,0.0,27.0,0,24.993913650512695,25.0,2.0,0.0,27.0,0
613,3,613,614,23.888896942138672,23.88888931274414,2.0,1.0,25.88888931274414,0,25.681875228881836,23.88888931274414,2.0,1.0,25.88888931274414,0,23.888896942138672,23.88888931274414,2.0,1.0,25.88888931274414,0
614,1,614,615,24.444456100463867,24.44444465637207,2.0,1.0,26.44444465637207,0,28.947391510009766,24.44444465637207,2.0,1.0,26.44444465637207,1,24.444456100463867,24.44444465637207,2.0,1.0,26.44444465637207,0
614,2,614,615,24.990739822387695,25.0,2.0,0.0,27.0,0,27.955257415771484,25.0,2.0,0.0,27.0,0,24.990739822387695,25.0,2.0,0.0,27.0,0
614,3,614,615,23.888898849487305,23.88888931274414,2.0,1.0,25.88888931274414,0,25.57480239868164,23.88888931274414,2.0,1.0,25.88888931274414,0,23.888898849487305,23.88888931274414,2.0,1.0,25.88888931274414,0
615,1,615,616,24.149581909179688,24.11111068725586,2.0,1.0,26.11111068725586,0,29.078079223632812,24.44444465637207,2.0,1.0,26.44444465637207,1,24.149581909179688,24.11111068725586,2.0,1.0,26.11111068725586,0
615,2,615,616,24.98954200744629,25.0,2.0,0.0,27.0,0,27.981042861938477,25.0,2.0,0.0,27.0,0,24.98954200744629,25.0,2.0,0.0,27.0,0
615,3,615,616,23.888898849487305,23.88888931274414,2.0,1.0,25.88888931274414,0,25.953956604003906,23.88888931274414,2.0,1.0,25.88888931274414,1,23.888898849487305,23.88888931274414,2.0,1.0,25.88888931274414,0
616,1,616,617,23.8970947265625,23.88888931274414,2.0,2.0,25.88888931274414,0,29.560081481933594,24.11111068725586,2.0,1.0,26.11111068725586,1,23.8970947265625,23.88888931274414,2.0,2.0,25.88888931274414,0
616,2,616,617,24.991849899291992,25.0,2.0,0.0,27.0,0,28.600311279296875,25.0,2.0,0.0,27.0,0,24.991849899291992,25.0,2.0,0.0,27.0,0
616,3,616,617,23.888896942138672,23.88888931274414,2.0,0.0,25.88888931274414,0,26.266948699951172,23.88888931274414,2.0,1.0,25.88888931274414,1,23.888896942138672,23.88888931274414,2.0,0.0,25.88888931274414,0
617,1,617,618,24.435955047607422,24.44444465637207,2.0,3.0,26.44444465637207,0,30.037845611572266,23.88888931274414,2.0,2.0,25.88888931274414,1,24.435955047607422,24.44444465637207,2.0,3.0,26.44444465637207,0
617,2,617,618,24.99423599243164,25.0,2.0,0.0,27.0,0,29.056671142578125,25.0,2.0,0.0,27.0,0,24.99423599243164,25.0,2.0,0.0,27.0,0
617,3,617,618,24.432384490966797,24.44444465637207,2.0,2.0,26.44444465637207,0,26.32636070251465,23.88888931274414,2.0,0.0,25.88888931274414,0,24.432384490966797,24.44444465637207,2.0,2.0,26.44444465637207,0
618,1,618,619,25.159894943237305,25.16666603088379,2.0,3.0,27.16666603088379,0,30.284442901611328,24.44444465637207,2.0,3.0,26.44444465637207,1,25.159894943237305,25.16666603088379,2.0,3.0,27.16666603088379,0
618,2,618,619,24.99614715576172,25.0,2.0,0.0,27.0,0,29.10057830810547,25.0,2.0,0.0,27.0,0,24.99614715576172,25.0,2.0,0.0,27.0,0
618,3,618,619,24.444318771362305,24.44444465637207,2.0,1.0,26.44444465637207,0,27.04897117614746,24.44444465637207,2.0,2.0,26.44444465637207,1,24.444318771362305,24.44444465637207,2.0,1.0,26.44444465637207,0
619,1,619,620,24.469022750854492,24.44444465637207,2.0,3.0,26.44444465637207,0,30.33462905883789,25.16666603088379,2.0,3.0,27.16666603088379,1,24.469022750854492,24.44444465637207,2.0,3.0,26.44444465637207,0
619,2,619,620,24.997371673583984,25.0,2.0,1.0,27.0,0,29.11626434326172,25.0,2.0,0.0,27.0,0,24.997371673583984,25.0,2.0,1.0,27.0,0
619,3,619,620,24.224424362182617,24.22222137451172,2.0,1.0,26.22222137451172,0,26.919700622558594,24.44444465637207,2.0,1.0,26.44444465637207,1,24.224424362182617,24.22222137451172,2.0,1.0,26.22222137451172,0
620,1,620,621,24.44476318359375,24.44444465637207,2.0,3.0,26.44444465637207,0,29.92465591430664,24.44444465637207,2.0,3.0,26.44444465637207,1,24.44476318359375,24.44444465637207,2.0,3.0,26.44444465637207,0
620,2,620,621,24.997392654418945,25.0,2.0,1.0,27.0,0,28.421932220458984,25.0,2.0,1.0,27.0,1,24.997392654418945,25.0,2.0,1.0,27.0,0
620,3,620,621,23.893356323242188,23.88888931274414,2.0,2.0,25.88888931274414,0,26.66588592529297,24.22222137451172,2.0,1.0,26.22222137451172,1,23.893356323242188,23.88888931274414,2.0,2.0,25.88888931274414,0
621,1,621,622,24.4444580078125,24.44444465637207,2.0,3.0,26.44444465637207,0,29.47502899169922,24.44444465637207,2.0,3.0,26.44444465637207,1,24.4444580078125,24.44444465637207,2.0,3.0,26.44444465637207,0
621,2,621,622,24.831533432006836,24.83333396911621,2.0,1.0,26.83333396911621,0,27.63322639465332,25.0,2.0,1.0,27.0,1,24.831533432006836,24.83333396911621,2.0,1.0,26.83333396911621,0
621,3,621,622,23.888957977294922,23.88888931274414,2.0,2.0,25.88888931274414,0,26.493362426757812,23.88888931274414,2.0,2.0,25.88888931274414,1,23.888957977294922,23.88888931274414,2.0,2.0,25.88888931274414,0
622,1,622,623,24.4444522857666,24.44444465637207,2.0,3.0,26.44444465637207,0,29.04956817626953,24.44444465637207,2.0,3.0,26.44444465637207,1,24.4444522857666,24.44444465637207,2.0,3.0,26.44444465637207,0
622,2,622,623,24.445104598999023,24.44444465637207,2.0,1.0,26.44444465637207,0,26.805435180664062,24.83333396911621,2.0,1.0,26.83333396911621,0,24.445104598999023,24.44444465637207,2.0,1.0,26.44444465637207,0
622,3,622,623,23.888896942138672,23.88888931274414,2.0,2.0,25.88888931274414,0,26.227298736572266,23.88888931274414,2.0,2.0,25.88888931274414,1,23.888896942138672,23.88888931274414,2.0,2.0,25.88888931274414,0
623,1,623,624,22.90420150756836,22.77777862548828,2.0,3.0,24.77777862548828,0,28.43303680419922,24.44444465637207,2.0,3.0,26.44444465637207,1,22.90420150756836,22.77777862548828,2.0,3.0,24.77777862548828,0
623,2,623,624,24.221342086791992,24.22222137451172,2.0,1.0,26.22222137451172,0,25.745616912841797,24.44444465637207,2.0,1.0,26.44444465637207,0,24.221342086791992,24.22222137451172,2.0,1.0,26.22222137451172,0
623,3,623,624,24.440780639648438,24.44444465637207,2.0,2.0,26.44444465637207,0,25.890193939208984,23.88888931274414,2.0,2.0,25.88888931274414,1,24.440780639648438,24.44444465637207,2.0,2.0,26.44444465637207,0
624,1,624,625,23.329998016357422,23.33333396911621,2.0,3.0,25.33333396911621,0,28.121585845947266,22.77777862548828,2.0,3.0,24.77777862548828,1,23.329998016357422,23.33333396911621,2.0,3.0,25.33333396911621,0
624,2,624,625,24.440603256225586,24.44444465637207,2.0,1.0,26.44444465637207,0,25.09710693359375,24.22222137451172,2.0,1.0,26.22222137451172,0,24.440603256225586,24.44444465637207,2.0,1.0,26.44444465637207,0
624,3,624,625,24.44434356689453,24.44444465637207,2.0,2.0,26.44444465637207,0,25.742395401000977,24.44444465637207,2.0,2.0,26.44444465637207,0,24.44434356689453,24.44444465637207,2.0,2.0,26.44444465637207,0
625,1,625,626,22.331085205078125,22.22222137451172,2.0,3.0,24.22222137451172,0,28.170242309570312,23.33333396911621,2.0,3.0,25.33333396911621,1,22.331085205078125,22.22222137451172,2.0,3.0,24.22222137451172,0
625,2,625,626,24.497268676757812,24.5,2.0,1.0,26.5,0,25.045604705810547,24.44444465637207,2.0,1.0,26.44444465637207,0,24.497268676757812,24.5,2.0,1.0,26.5,0
625,3,625,626,24.444419860839844,24.44444465637207,2.0,2.0,26.44444465637207,0,25.64897918701172,24.44444465637207,2.0,2.0,26.44444465637207,0,24.444419860839844,24.44444465637207,2.0,2.0,26.44444465637207,0
626,1,626,627,22.226675033569336,22.22222137451172,2.0,3.0,24.22222137451172,0,28.119943618774414,22.22222137451172,2.0,3.0,24.22222137451172,1,22.226675033569336,22.22222137451172,2.0,3.0,24.22222137451172,0
626,2,626,627,24.966550827026367,25.0,2.0,1.0,27.0,0,24.8779296875,24.5,2.0,1.0,26.5,0,24.966550827026367,25.0,2.0,1.0,27.0,0
626,3,626,627,24.444419860839844,24.44444465637207,2.0,2.0,26.44444465637207,0,25.319076538085938,24.44444465637207,2.0,2.0,26.44444465637207,0,24.444419860839844,24.44444465637207,2.0,2.0,26.44444465637207,0
627,1,627,628,22.222749710083008,22.22222137451172,2.0,3.0,24.22222137451172,0,28.347776412963867,22.22222137451172,2.0,3.0,24.22222137451172,1,22.222749710083008,22.22222137451172,2.0,3.0,24.22222137451172,0
627,2,627,628,24.99888038635254,25.0,2.0,1.0,27.0,0,25.201129913330078,25.0,2.0,1.0,27.0,0,24.99888038635254,25.0,2.0,1.0,27.0,0
627,3,627,628,24.444427490234375,24.44444465637207,2.0,2.0,26.44444465637207,0,25.136571884155273,24.44444465637207,2.0,2.0,26.44444465637207,0,24.444427490234375,24.44444465637207,2.0,2.0,26.44444465637207,0
628,1,628,629,22.222314834594727,22.22222137451172,2.0,3.0,24.22222137451172,0,28.18181800842285,22.22222137451172,2.0,3.0,24.22222137451172,1,22.222314834594727,22.22222137451172,2.0,3.0,24.22222137451172,0
628,2,628,629,24.999032974243164,25.0,2.0,1.0,27.0,0,25.129623413085938,25.0,2.0,1.0,27.0,0,24.999032974243164,25.0,2.0,1.0,27.0,0
628,3,628,629,24.444448471069336,24.44444465637207,2.0,2.0,26.44444465637207,0,24.974740982055664,24.44444465637207,2.0,2.0,26.44444465637207,0,24.444448471069336,24.44444465637207,2.0,2.0,26.44444465637207,0
629,1,629,630,22.22224235534668,22.22222137451172,2.0,3.0,24.22222137451172,0,28.05122947692871,22.22222137451172,2.0,3.0,24.22222137451172,1,22.22224235534668,22.22222137451172,2.0,3.0,24.22222137451172,0
629,2,629,630,24.999073028564453,25.0,2.0,1.0,27.0,0,25.044681549072266,25.0,2.0,1.0,27.0,0,24.999073028564453,25.0,2.0,1.0,27.0,0
629,3,629,630,24.44443702697754,24.44444465637207,2.0,2.0,26.44444465637207,0,24.901119232177734,24.44444465637207,2.0,2.0,26.44444465637207,0,24.44443702697754,24.44444465637207,2.0,2.0,26.44444465637207,0
630,1,630,631,22.222232818603516,22.22222137451172,2.0,2.0,24.22222137451172,0,27.932994842529297,22.22222137451172,2.0,3.0,24.22222137451172,1,22.222232818603516,22.22222137451172,2.0,2.0,24.22222137451172,0
630,2,630,631,24.997596740722656,25.0,2.0,1.0,27.0,0,24.967166900634766,25.0,2.0,1.0,27.0,0,24.997596740722656,25.0,2.0,1.0,27.0,0
630,3,630,631,24.44439697265625,24.44444465637207,2.0,2.0,26.44444465637207,0,24.891357421875,24.44444465637207,2.0,2.0,26.44444465637207,0,24.44439697265625,24.44444465637207,2.0,2.0,26.44444465637207,0
631,1,631,632,22.22222900390625,22.22222137451172,2.0,2.0,24.22222137451172,0,28.09851837158203,22.22222137451172,2.0,2.0,24.22222137451172,1,22.22222900390625,22.22222137451172,2.0,2.0,24.22222137451172,0
631,2,631,632,24.721044540405273,24.72222137451172,2.0,1.0,26.72222137451172,0,25.517749786376953,25.0,2.0,1.0,27.0,0,24.721044540405273,24.72222137451172,2.0,1.0,26.72222137451172,0
631,3,631,632,24.444448471069336,24.44444465637207,2.0,1.0,26.44444465637207,0,25.22217559814453,24.44444465637207,2.0,2.0,26.44444465637207,0,24.444448471069336,24.44444465637207,2.0,1.0,26.44444465637207,0
632,1,632,633,22.77484703063965,22.77777862548828,2.0,0.0,24.77777862548828,0,28.232540130615234,22.22222137451172,2.0,2.0,24.22222137451172,1,22.77484703063965,22.77777862548828,2.0,0.0,24.77777862548828,0
632,2,632,633,24.994239807128906,25.0,2.0,1.0,27.0,0,25.6778621673584,24.72222137451172,2.0,1.0,26.72222137451172,0,24.994239807128906,25.0,2.0,1.0,27.0,0
632,3,632,633,24.444448471069336,24.44444465637207,2.0,1.0,26.44444465637207,0,25.50973129272461,24.44444465637207,2.0,1.0,26.44444465637207,0,24.444448471069336,24.44444465637207,2.0,1.0,26.44444465637207,0
633,1,633,634,24.381359100341797,24.44444465637207,2.0,1.0,26.44444465637207,0,28.36945343017578,22.77777862548828,2.0,0.0,24.77777862548828,0,24.381359100341797,24.44444465637207,2.0,1.0,26.44444465637207,0
633,2,633,634,24.997587203979492,25.0,2.0,1.0,27.0,0,26.18370819091797,25.0,2.0,1.0,27.0,0,24.997587203979492,25.0,2.0,1.0,27.0,0
633,3,633,634,24.444448471069336,24.44444465637207,2.0,1.0,26.44444465637207,0,25.670860290527344,24.44444465637207,2.0,1.0,26.44444465637207,0,24.444448471069336,24.44444465637207,2.0,1.0,26.44444465637207,0
634,1,634,635,24.444355010986328,24.44444465637207,2.0,1.0,26.44444465637207,0,28.750560760498047,24.44444465637207,2.0,1.0,26.44444465637207,1,24.444355010986328,24.44444465637207,2.0,1.0,26.44444465637207,0
634,2,634,635,24.99759292602539,25.0,2.0,1.0,27.0,0,26.605152130126953,25.0,2.0,1.0,27.0,0,24.99759292602539,25.0,2.0,1.0,27.0,0
634,3,634,635,24.444448471069336,24.44444465637207,2.0,0.0,26.44444465637207,0,25.84098243713379,24.44444465637207,2.0,1.0,26.44444465637207,0,24.444448471069336,24.44444465637207,2.0,0.0,26.44444465637207,0
635,1,635,636,24.444448471069336,24.44444465637207,2.0,1.0,26.44444465637207,0,29.18470001220703,24.44444465637207,2.0,1.0,26.44444465637207,1,24.444448471069336,24.44444465637207,2.0,1.0,26.44444465637207,0
635,2,635,636,24.996360778808594,25.0,2.0,1.0,27.0,0,27.012229919433594,25.0,2.0,1.0,27.0,1,24.996360778808594,25.0,2.0,1.0,27.0,0
635,3,635,636,24.444448471069336,24.44444465637207,2.0,0.0,26.44444465637207,0,25.831315994262695,24.44444465637207,2.0,0.0,26.44444465637207,0,24.444448471069336,24.44444465637207,2.0,0.0,26.44444465637207,0
636,1,636,637,26.29932975769043,26.38888931274414,2.0,1.0,28.38888931274414,0,29.846656799316406,24.44444465637207,2.0,1.0,26.44444465637207,1,26.29932975769043,26.38888931274414,2.0,1.0,28.38888931274414,0
636,2,636,637,24.99656105041504,25.0,2.0,0.0,27.0,0,27.848968505859375,25.0,2.0,1.0,27.0,1,24.99656105041504,25.0,2.0,0.0,27.0,0
636,3,636,637,24.444448471069336,24.44444465637207,2.0,0.0,26.44444465637207,0,25.961164474487305,24.44444465637207,2.0,0.0,26.44444465637207,0,24.444448471069336,24.44444465637207,2.0,0.0,26.44444465637207,0
637,1,637,638,26.666526794433594,26.66666603088379,2.0,1.0,28.66666603088379,0,30.416534423828125,26.38888931274414,2.0,1.0,28.38888931274414,1,26.666526794433594,26.66666603088379,2.0,1.0,28.66666603088379,0
637,2,637,638,24.72100830078125,24.72222137451172,2.0,0.0,26.72222137451172,0,28.221769332885742,25.0,2.0,0.0,27.0,0,24.72100830078125,24.72222137451172,2.0,0.0,26.72222137451172,0
637,3,637,638,24.44445037841797,24.44444465637207,2.0,0.0,26.44444465637207,0,26.113784790039062,24.44444465637207,2.0,0.0,26.44444465637207,0,24.44445037841797,24.44444465637207,2.0,0.0,26.44444465637207,0
638,1,638,639,25.09041976928711,25.0,2.0,2.0,27.0,0,30.63196563720703,26.66666603088379,2.0,1.0,28.66666603088379,1,25.09041976928711,25.0,2.0,2.0,27.0,0
638,2,638,639,24.985389709472656,25.0,2.0,0.0,27.0,0,28.602266311645508,24.72222137451172,2.0,0.0,26.72222137451172,0,24.985389709472656,25.0,2.0,0.0,27.0,0
638,3,638,639,24.4444522857666,24.44444465637207,2.0,0.0,26.44444465637207,0,26.214744567871094,24.44444465637207,2.0,0.0,26.44444465637207,0,24.4444522857666,24.44444465637207,2.0,0.0,26.44444465637207,0
639,1,639,640,24.46242904663086,24.44444465637207,2.0,2.0,26.44444465637207,0,31.34540557861328,25.0,2.0,2.0,27.0,1,24.46242904663086,24.44444465637207,2.0,2.0,26.44444465637207,0
639,2,639,640,24.98944854736328,25.0,2.0,0.0,27.0,0,29.274627685546875,25.0,2.0,0.0,27.0,0,24.98944854736328,25.0,2.0,0.0,27.0,0
639,3,639,640,24.444454193115234,24.44444465637207,2.0,0.0,26.44444465637207,0,26.578449249267578,24.44444465637207,2.0,0.0,26.44444465637207,0,24.444454193115234,24.44444465637207,2.0,0.0,26.44444465637207,0
640,1,640,641,24.444660186767578,24.44444465637207,2.0,2.0,26.44444465637207,0,31.780261993408203,24.44444465637207,2.0,2.0,26.44444465637207,1,24.444660186767578,24.44444465637207,2.0,2.0,26.44444465637207,0
640,2,640,641,24.992918014526367,25.0,2.0,0.0,27.0,0,29.866445541381836,25.0,2.0,0.0,27.0,0,24.992918014526367,25.0,2.0,0.0,27.0,0
640,3,640,641,24.44445037841797,24.44444465637207,2.0,0.0,26.44444465637207,0,26.884990692138672,24.44444465637207,2.0,0.0,26.44444465637207,0,24.44445037841797,24.44444465637207,2.0,0.0,26.44444465637207,0
641,1,641,642,26.617496490478516,26.66666603088379,2.0,3.0,28.66666603088379,0,32.21514892578125,24.44444465637207,2.0,2.0,26.44444465637207,1,26.617496490478516,26.66666603088379,2.0,3.0,28.66666603088379,0
641,2,641,642,24.995121002197266,25.0,2.0,0.0,27.0,0,30.502944946289062,25.0,2.0,0.0,27.0,0,24.995121002197266,25.0,2.0,0.0,27.0,0
641,3,641,642,24.444448471069336,24.44444465637207,2.0,1.0,26.44444465637207,0,27.23366928100586,24.44444465637207,2.0,0.0,26.44444465637207,0,24.444448471069336,24.44444465637207,2.0,1.0,26.44444465637207,0
642,1,642,643,26.053363800048828,26.0,2.0,2.0,28.0,0,32.46753692626953,26.66666603088379,2.0,3.0,28.66666603088379,1,26.053363800048828,26.0,2.0,2.0,28.0,0
642,2,642,643,24.994171142578125,25.0,2.0,1.0,27.0,0,30.621421813964844,25.0,2.0,0.0,27.0,0,24.994171142578125,25.0,2.0,1.0,27.0,0
642,3,642,643,24.444448471069336,24.44444465637207,2.0,2.0,26.44444465637207,0,27.787429809570312,24.44444465637207,2.0,1.0,26.44444465637207,1,24.444448471069336,24.44444465637207,2.0,2.0,26.44444465637207,0
643,1,643,644,23.429271697998047,23.33333396911621,2.0,2.0,25.33333396911621,0,32.30760192871094,26.0,2.0,2.0,28.0,1,23.429271697998047,23.33333396911621,2.0,2.0,25.33333396911621,0
643,2,643,644,24.997600555419922,25.0,2.0,1.0,27.0,0,30.924907684326172,25.0,2.0,1.0,27.0,1,24.997600555419922,25.0,2.0,1.0,27.0,0
643,3,643,644,24.444448471069336,24.44444465637207,2.0,2.0,26.44444465637207,0,28.071048736572266,24.44444465637207,2.0,2.0,26.44444465637207,1,24.444448471069336,24.44444465637207,2.0,2.0,26.44444465637207,0
644,1,644,645,24.444387435913086,24.44444465637207,2.0,3.0,26.44444465637207,0,32.71691131591797,23.33333396911621,2.0,2.0,25.33333396911621,1,24.444387435913086,24.44444465637207,2.0,3.0,26.44444465637207,0
644,2,644,645,24.99785041809082,25.0,2.0,1.0,27.0,0,29.02104949951172,25.0,2.0,1.0,27.0,1,24.99785041809082,25.0,2.0,1.0,27.0,0
644,3,644,645,24.444448471069336,24.44444465637207,2.0,2.0,26.44444465637207,0,28.05719566345215,24.44444465637207,2.0,2.0,26.44444465637207,1,24.444448471069336,24.44444465637207,2.0,2.0,26.44444465637207,0
645,1,645,646,24.44445037841797,24.44444465637207,2.0,3.0,26.44444465637207,0,31.878799438476562,24.44444465637207,2.0,3.0,26.44444465637207,1,24.44445037841797,24.44444465637207,2.0,3.0,26.44444465637207,0
645,2,645,646,24.831743240356445,24.83333396911621,2.0,1.0,26.83333396911621,0,28.60863494873047,25.0,2.0,1.0,27.0,1,24.831743240356445,24.83333396911621,2.0,1.0,26.83333396911621,0
645,3,645,646,24.44445037841797,24.44444465637207,2.0,2.0,26.44444465637207,0,27.91226577758789,24.44444465637207,2.0,2.0,26.44444465637207,1,24.44445037841797,24.44444465637207,2.0,2.0,26.44444465637207,0
646,1,646,647,24.4444522857666,24.44444465637207,2.0,3.0,26.44444465637207,0,31.54962921142578,24.44444465637207,2.0,3.0,26.44444465637207,1,24.4444522857666,24.44444465637207,2.0,3.0,26.44444465637207,0
646,2,646,647,24.61001968383789,24.61111068725586,2.0,1.0,26.61111068725586,0,27.696584701538086,24.83333396911621,2.0,1.0,26.83333396911621,1,24.61001968383789,24.61111068725586,2.0,1.0,26.61111068725586,0
646,3,646,647,24.44445037841797,24.44444465637207,2.0,2.0,26.44444465637207,0,27.702014923095703,24.44444465637207,2.0,2.0,26.44444465637207,1,24.44445037841797,24.44444465637207,2.0,2.0,26.44444465637207,0
647,1,647,648,22.379770278930664,22.22222137451172,2.0,3.0,24.22222137451172,0,30.945316314697266,24.44444465637207,2.0,3.0,26.44444465637207,1,22.379770278930664,22.22222137451172,2.0,3.0,24.22222137451172,0
647,2,647,648,24.443130493164062,24.44444465637207,2.0,1.0,26.44444465637207,0,26.761241912841797,24.61111068725586,2.0,1.0,26.61111068725586,1,24.443130493164062,24.44444465637207,2.0,1.0,26.44444465637207,0
647,3,647,648,24.44445037841797,24.44444465637207,2.0,2.0,26.44444465637207,0,27.37013816833496,24.44444465637207,2.0,2.0,26.44444465637207,1,24.44445037841797,24.44444465637207,2.0,2.0,26.44444465637207,0
648,1,648,649,23.331933975219727,23.33333396911621,2.0,3.0,25.33333396911621,0,30.521759033203125,22.22222137451172,2.0,3.0,24.22222137451172,1,23.331933975219727,23.33333396911621,2.0,3.0,25.33333396911621,0
648,2,648,649,24.22197151184082,24.22222137451172,2.0,1.0,26.22222137451172,0,25.981204986572266,24.44444465637207,2.0,1.0,26.44444465637207,0,24.22197151184082,24.22222137451172,2.0,1.0,26.22222137451172,0
648,3,648,649,24.44445037841797,24.44444465637207,2.0,2.0,26.44444465637207,0,27.02847671508789,24.44444465637207,2.0,2.0,26.44444465637207,1,24.44445037841797,24.44444465637207,2.0,2.0,26.44444465637207,0
649,1,649,650,22.297927856445312,22.22222137451172,2.0,3.0,24.22222137451172,0,30.749778747558594,23.33333396911621,2.0,3.0,25.33333396911621,1,22.297927856445312,22.22222137451172,2.0,3.0,24.22222137451172,0
649,2,649,650,24.44011688232422,24.44444465637207,2.0,1.0,26.44444465637207,0,26.193790435791016,24.22222137451172,2.0,1.0,26.22222137451172,0,24.44011688232422,24.44444465637207,2.0,1.0,26.44444465637207,0
649,3,649,650,24.444427490234375,24.44444465637207,2.0,2.0,26.44444465637207,0,26.89337730407715,24.44444465637207,2.0,2.0,26.44444465637207,1,24.444427490234375,24.44444465637207,2.0,2.0,26.44444465637207,0
650,1,650,651,22.228527069091797,22.22222137451172,2.0,3.0,24.22222137451172,0,31.035972595214844,22.22222137451172,2.0,3.0,24.22222137451172,1,22.228527069091797,22.22222137451172,2.0,3.0,24.22222137451172,0
650,2,650,651,24.775707244873047,24.77777862548828,2.0,1.0,26.77777862548828,0,26.440874099731445,24.44444465637207,2.0,1.0,26.44444465637207,0,24.775707244873047,24.77777862548828,2.0,1.0,26.77777862548828,0
650,3,650,651,24.44445037841797,24.44444465637207,2.0,2.0,26.44444465637207,0,26.651050567626953,24.44444465637207,2.0,2.0,26.44444465637207,1,24.44445037841797,24.44444465637207,2.0,2.0,26.44444465637207,0
651,1,651,652,22.22270393371582,22.22222137451172,2.0,3.0,24.22222137451172,0,30.823429107666016,22.22222137451172,2.0,3.0,24.22222137451172,1,22.22270393371582,22.22222137451172,2.0,3.0,24.22222137451172,0
651,2,651,652,24.998727798461914,25.0,2.0,1.0,27.0,0,26.381893157958984,24.77777862548828,2.0,1.0,26.77777862548828,0,24.998727798461914,25.0,2.0,1.0,27.0,0
651,3,651,652,24.444435119628906,24.44444465637207,2.0,2.0,26.44444465637207,0,26.32635498046875,24.44444465637207,2.0,2.0,26.44444465637207,0,24.444435119628906,24.44444465637207,2.0,2.0,26.44444465637207,0
652,1,652,653,22.2222843170166,22.22222137451172,2.0,3.0,24.22222137451172,0,30.536060333251953,22.22222137451172,2.0,3.0,24.22222137451172,1,22.2222843170166,22.22222137451172,2.0,3.0,24.22222137451172,0
652,2,652,653,24.99895668029785,25.0,2.0,1.0,27.0,0,26.270282745361328,25.0,2.0,1.0,27.0,0,24.99895668029785,25.0,2.0,1.0,27.0,0
652,3,652,653,24.444398880004883,24.44444465637207,2.0,2.0,26.44444465637207,0,26.066972732543945,24.44444465637207,2.0,2.0,26.44444465637207,0,24.444398880004883,24.44444465637207,2.0,2.0,26.44444465637207,0
653,1,653,654,22.22206687927246,22.22222137451172,2.0,3.0,24.22222137451172,0,30.24106216430664,22.22222137451172,2.0,3.0,24.22222137451172,1,22.22206687927246,22.22222137451172,2.0,3.0,24.22222137451172,0
653,2,653,654,24.998882293701172,25.0,2.0,1.0,27.0,0,26.010528564453125,25.0,2.0,1.0,27.0,0,24.998882293701172,25.0,2.0,1.0,27.0,0
653,3,653,654,24.444448471069336,24.44444465637207,2.0,2.0,26.44444465637207,0,25.870006561279297,24.44444465637207,2.0,2.0,26.44444465637207,0,24.444448471069336,24.44444465637207,2.0,2.0,26.44444465637207,0
654,1,654,655,22.222225189208984,22.22222137451172,2.0,2.0,24.22222137451172,0,30.046672821044922,22.22222137451172,2.0,3.0,24.22222137451172,1,22.222225189208984,22.22222137451172,2.0,2.0,24.22222137451172,0
654,2,654,655,24.997730255126953,25.0,2.0,1.0,27.0,0,25.7535400390625,25.0,2.0,1.0,27.0,0,24.997730255126953,25.0,2.0,1.0,27.0,0
654,3,654,655,24.44445037841797,24.44444465637207,2.0,1.0,26.44444465637207,0,25.777374267578125,24.44444465637207,2.0,2.0,26.44444465637207,0,24.44445037841797,24.44444465637207,2.0,1.0,26.44444465637207,0
655,1,655,656,22.222230911254883,22.22222137451172,2.0,2.0,24.22222137451172,0,30.335941314697266,22.22222137451172,2.0,2.0,24.22222137451172,1,22.222230911254883,22.22222137451172,2.0,2.0,24.22222137451172,0
655,2,655,656,24.997447967529297,25.0,2.0,1.0,27.0,0,26.320785522460938,25.0,2.0,1.0,27.0,0,24.997447967529297,25.0,2.0,1.0,27.0,0
655,3,655,656,24.444448471069336,24.44444465637207,2.0,1.0,26.44444465637207,0,26.057514190673828,24.44444465637207,2.0,1.0,26.44444465637207,0,24.444448471069336,24.44444465637207,2.0,1.0,26.44444465637207,0
656,1,656,657,22.222227096557617,22.22222137451172,2.0,1.0,24.22222137451172,0,30.580703735351562,22.22222137451172,2.0,2.0,24.22222137451172,1,22.222227096557617,22.22222137451172,2.0,1.0,24.22222137451172,0
656,2,656,657,24.997039794921875,25.0,2.0,1.0,27.0,0,26.728763580322266,25.0,2.0,1.0,27.0,0,24.997039794921875,25.0,2.0,1.0,27.0,0
656,3,656,657,24.444448471069336,24.44444465637207,2.0,1.0,26.44444465637207,0,26.241647720336914,24.44444465637207,2.0,1.0,26.44444465637207,0,24.444448471069336,24.44444465637207,2.0,1.0,26.44444465637207,0
657,1,657,658,24.353069305419922,24.44444465637207,2.0,1.0,26.44444465637207,0,30.718292236328125,22.22222137451172,2.0,1.0,24.22222137451172,1,24.353069305419922,24.44444465637207,2.0,1.0,26.44444465637207,0
657,2,657,658,24.997766494750977,25.0,2.0,1.0,27.0,0,27.06879997253418,25.0,2.0,1.0,27.0,1,24.997766494750977,25.0,2.0,1.0,27.0,0
657,3,657,658,24.444448471069336,24.44444465637207,2.0,1.0,26.44444465637207,0,26.40857696533203,24.44444465637207,2.0,1.0,26.44444465637207,0,24.444448471069336,24.44444465637207,2.0,1.0,26.44444465637207,0
658,1,658,659,24.444355010986328,24.44444465637207,2.0,1.0,26.44444465637207,0,31.280784606933594,24.44444465637207,2.0,1.0,26.44444465637207,1,24.444355010986328,24.44444465637207,2.0,1.0,26.44444465637207,0
658,2,658,659,24.997705459594727,25.0,2.0,1.0,27.0,0,27.825929641723633,25.0,2.0,1.0,27.0,1,24.997705459594727,25.0,2.0,1.0,27.0,0
658,3,658,659,24.444459915161133,24.44444465637207,2.0,1.0,26.44444465637207,0,26.643163681030273,24.44444465637207,2.0,1.0,26.44444465637207,1,24.444459915161133,24.44444465637207,2.0,1.0,26.44444465637207,0
659,1,659,660,22.272981643676758,22.22222137451172,2.0,1.0,24.22222137451172,0,31.492286682128906,24.44444465637207,2.0,1.0,26.44444465637207,1,22.272981643676758,22.22222137451172,2.0,1.0,24.22222137451172,0
659,2,659,660,24.997072219848633,25.0,2.0,1.0,27.0,0,27.94718360900879,25.0,2.0,1.0,27.0,1,24.997072219848633,25.0,2.0,1.0,27.0,0
659,3,659,660,24.444448471069336,24.44444465637207,2.0,1.0,26.44444465637207,0,26.848636627197266,24.44444465637207,2.0,1.0,26.44444465637207,1,24.444448471069336,24.44444465637207,2.0,1.0,26.44444465637207,0
660,1,660,661,24.43717384338379,24.44444465637207,2.0,1.0,26.44444465637207,0,31.950702667236328,22.22222137451172,2.0,1.0,24.22222137451172,1,24.43717384338379,24.44444465637207,2.0,1.0,26.44444465637207,0
660,2,660,661,24.995885848999023,25.0,2.0,0.0,27.0,0,28.605937957763672,25.0,2.0,1.0,27.0,1,24.995885848999023,25.0,2.0,0.0,27.0,0
660,3,660,661,24.444448471069336,24.44444465637207,2.0,0.0,26.44444465637207,0,27.16551971435547,24.44444465637207,2.0,1.0,26.44444465637207,1,24.444448471069336,24.44444465637207,2.0,0.0,26.44444465637207,0
661,1,661,662,24.444393157958984,24.44444465637207,2.0,1.0,26.44444465637207,0,32.595909118652344,24.44444465637207,2.0,1.0,26.44444465637207,1,24.444393157958984,24.44444465637207,2.0,1.0,26.44444465637207,0
661,2,661,662,24.993968963623047,25.0,2.0,0.0,27.0,0,29.16128921508789,25.0,2.0,0.0,27.0,0,24.993968963623047,25.0,2.0,0.0,27.0,0
661,3,661,662,24.176799774169922,24.16666603088379,2.0,0.0,26.16666603088379,0,27.29224395751953,24.44444465637207,2.0,0.0,26.44444465637207,0,24.176799774169922,24.16666603088379,2.0,0.0,26.16666603088379,0
662,1,662,663,24.444442749023438,24.44444465637207,2.0,1.0,26.44444465637207,0,32.76447296142578,24.44444465637207,2.0,1.0,26.44444465637207,1,24.444442749023438,24.44444465637207,2.0,1.0,26.44444465637207,0
662,2,662,663,24.990915298461914,25.0,2.0,0.0,27.0,0,29.637855529785156,25.0,2.0,0.0,27.0,0,24.990915298461914,25.0,2.0,0.0,27.0,0
662,3,662,663,23.920679092407227,23.88888931274414,2.0,0.0,25.88888931274414,0,27.394145965576172,24.16666603088379,2.0,0.0,26.16666603088379,0,23.920679092407227,23.88888931274414,2.0,0.0,25.88888931274414,0
663,1,663,664,24.444448471069336,24.44444465637207,2.0,1.0,26.44444465637207,0,33.40037155151367,24.44444465637207,2.0,1.0,26.44444465637207,1,24.444448471069336,24.44444465637207,2.0,1.0,26.44444465637207,0
663,2,663,664,24.989641189575195,25.0,2.0,0.0,27.0,0,30.392133712768555,25.0,2.0,0.0,27.0,0,24.989641189575195,25.0,2.0,0.0,27.0,0
663,3,663,664,23.89263916015625,23.88888931274414,2.0,0.0,25.88888931274414,0,27.671493530273438,23.88888931274414,2.0,0.0,25.88888931274414,0,23.89263916015625,23.88888931274414,2.0,0.0,25.88888931274414,0
664,1,664,665,24.44445037841797,24.44444465637207,2.0,2.0,26.44444465637207,0,33.56998062133789,24.44444465637207,2.0,1.0,26.44444465637207,1,24.44445037841797,24.44444465637207,2.0,2.0,26.44444465637207,0
664,2,664,665,24.777029037475586,24.77777862548828,2.0,0.0,26.77777862548828,0,30.68050193786621,25.0,2.0,0.0,27.0,0,24.777029037475586,24.77777862548828,2.0,0.0,26.77777862548828,0
664,3,664,665,23.889047622680664,23.88888931274414,2.0,1.0,25.88888931274414,0,27.862735748291016,23.88888931274414,2.0,0.0,25.88888931274414,0,23.889047622680664,23.88888931274414,2.0,1.0,25.88888931274414,0
665,1,665,666,24.444448471069336,24.44444465637207,2.0,3.0,26.44444465637207,0,34.1575813293457,24.44444465637207,2.0,2.0,26.44444465637207,1,24.444448471069336,24.44444465637207,2.0,3.0,26.44444465637207,0
665,2,665,666,24.444177627563477,24.44444465637207,2.0,1.0,26.44444465637207,0,31.141929626464844,24.77777862548828,2.0,0.0,26.77777862548828,0,24.444177627563477,24.44444465637207,2.0,1.0,26.44444465637207,0
665,3,665,666,24.4361629486084,24.44444465637207,2.0,1.0,26.44444465637207,0,28.5858097076416,23.88888931274414,2.0,1.0,25.88888931274414,1,24.4361629486084,24.44444465637207,2.0,1.0,26.44444465637207,0
666,1,666,667,24.444448471069336,24.44444465637207,2.0,3.0,26.44444465637207,0,34.389766693115234,24.44444465637207,2.0,3.0,26.44444465637207,1,24.444448471069336,24.44444465637207,2.0,3.0,26.44444465637207,0
666,2,666,667,24.661170959472656,24.66666603088379,2.0,1.0,26.66666603088379,0,31.55023956298828,24.44444465637207,2.0,1.0,26.44444465637207,1,24.661170959472656,24.66666603088379,2.0,1.0,26.66666603088379,0
666,3,666,667,24.4443416595459,24.44444465637207,2.0,1.0,26.44444465637207,0,28.916175842285156,24.44444465637207,2.0,1.0,26.44444465637207,1,24.4443416595459,24.44444465637207,2.0,1.0,26.44444465637207,0
667,1,667,668,24.444448471069336,24.44444465637207,2.0,3.0,26.44444465637207,0,34.32740020751953,24.44444465637207,2.0,3.0,26.44444465637207,1,24.444448471069336,24.44444465637207,2.0,3.0,26.44444465637207,0
667,2,667,668,24.996402740478516,25.0,2.0,1.0,27.0,0,31.195714950561523,24.66666603088379,2.0,1.0,26.66666603088379,1,24.996402740478516,25.0,2.0,1.0,27.0,0
667,3,667,668,24.444448471069336,24.44444465637207,2.0,2.0,26.44444465637207,0,28.96405029296875,24.44444465637207,2.0,1.0,26.44444465637207,1,24.444448471069336,24.44444465637207,2.0,2.0,26.44444465637207,0
668,1,668,669,24.444448471069336,24.44444465637207,2.0,3.0,26.44444465637207,0,34.02436447143555,24.44444465637207,2.0,3.0,26.44444465637207,1,24.444448471069336,24.44444465637207,2.0,3.0,26.44444465637207,0
668,2,668,669,24.997591018676758,25.0,2.0,1.0,27.0,0,30.411441802978516,25.0,2.0,1.0,27.0,1,24.997591018676758,25.0,2.0,1.0,27.0,0
668,3,668,669,24.444448471069336,24.44444465637207,2.0,2.0,26.44444465637207,0,29.114904403686523,24.44444465637207,2.0,2.0,26.44444465637207,1,24.444448471069336,24.44444465637207,2.0,2.0,26.44444465637207,0
669,1,669,670,24.4444522857666,24.44444465637207,2.0,3.0,26.44444465637207,0,34.0119743347168,24.44444465637207,2.0,3.0,26.44444465637207,1,24.4444522857666,24.44444465637207,2.0,3.0,26.44444465637207,0
669,2,669,670,24.00816535949707,24.0,2.0,1.0,26.0,0,30.053993225097656,25.0,2.0,1.0,27.0,1,24.00816535949707,24.0,2.0,1.0,26.0,0
669,3,669,670,24.44445037841797,24.44444465637207,2.0,2.0,26.44444465637207,0,29.07007598876953,24.44444465637207,2.0,2.0,26.44444465637207,1,24.44445037841797,24.44444465637207,2.0,2.0,26.44444465637207,0
670,1,670,671,24.4444522857666,24.44444465637207,2.0,2.0,26.44444465637207,0,32.93528366088867,24.44444465637207,2.0,3.0,26.44444465637207,1,24.4444522857666,24.44444465637207,2.0,2.0,26.44444465637207,0
670,2,670,671,23.886255264282227,23.88888931274414,2.0,1.0,25.88888931274414,0,28.427906036376953,24.0,2.0,1.0,26.0,1,23.886255264282227,23.88888931274414,2.0,1.0,25.88888931274414,0
670,3,670,671,24.44445037841797,24.44444465637207,2.0,2.0,26.44444465637207,0,28.729679107666016,24.44444465637207,2.0,2.0,26.44444465637207,1,24.44445037841797,24.44444465637207,2.0,2.0,26.44444465637207,0
671,1,671,672,24.444456100463867,24.44444465637207,2.0,2.0,26.44444465637207,0,32.11361312866211,24.44444465637207,2.0,2.0,26.44444465637207,1,24.444456100463867,24.44444465637207,2.0,2.0,26.44444465637207,0
671,2,671,672,24.26789665222168,24.27777862548828,2.0,1.0,26.27777862548828,0,27.42446517944336,23.88888931274414,2.0,1.0,25.88888931274414,1,24.26789665222168,24.27777862548828,2.0,1.0,26.27777862548828,0
671,3,671,672,24.44445037841797,24.44444465637207,2.0,2.0,26.44444465637207,0,28.442270278930664,24.44444465637207,2.0,2.0,26.44444465637207,1,24.44445037841797,24.44444465637207,2.0,2.0,26.44444465637207,0
672,1,672,673,23.427757263183594,23.33333396911621,2.0,2.0,25.33333396911621,0,32.57235336303711,24.44444465637207,2.0,2.0,26.44444465637207,1,23.427757263183594,23.33333396911621,2.0,2.0,25.33333396911621,0
672,2,672,673,23.891193389892578,23.88888931274414,2.0,1.0,25.88888931274414,0,27.558048248291016,24.27777862548828,2.0,1.0,26.27777862548828,1,23.891193389892578,23.88888931274414,2.0,1.0,25.88888931274414,0
672,3,672,673,24.44445037841797,24.44444465637207,2.0,2.0,26.44444465637207,0,27.905603408813477,24.44444465637207,2.0,2.0,26.44444465637207,1,24.44445037841797,24.44444465637207,2.0,2.0,26.44444465637207,0
673,1,673,674,22.267484664916992,22.22222137451172,2.0,3.0,24.22222137451172,0,31.771713256835938,23.33333396911621,2.0,2.0,25.33333396911621,1,22.267484664916992,22.22222137451172,2.0,3.0,24.22222137451172,0
673,2,673,674,24.538307189941406,24.55555534362793,2.0,1.0,26.55555534362793,0,26.739280700683594,23.88888931274414,2.0,1.0,25.88888931274414,1,24.538307189941406,24.55555534362793,2.0,1.0,26.55555534362793,0
673,3,673,674,24.4444522857666,24.44444465637207,2.0,2.0,26.44444465637207,0,27.628311157226562,24.44444465637207,2.0,2.0,26.44444465637207,1,24.4444522857666,24.44444465637207,2.0,2.0,26.44444465637207,0
674,1,674,675,22.223495483398438,22.22222137451172,2.0,3.0,24.22222137451172,0,31.722373962402344,22.22222137451172,2.0,3.0,24.22222137451172,1,22.223495483398438,22.22222137451172,2.0,3.0,24.22222137451172,0
674,2,674,675,24.98051643371582,25.0,2.0,1.0,27.0,0,26.676692962646484,24.55555534362793,2.0,1.0,26.55555534362793,1,24.98051643371582,25.0,2.0,1.0,27.0,0
674,3,674,675,24.44441032409668,24.44444465637207,2.0,2.0,26.44444465637207,0,27.348590850830078,24.44444465637207,2.0,2.0,26.44444465637207,1,24.44441032409668,24.44444465637207,2.0,2.0,26.44444465637207,0
675,1,675,676,22.222408294677734,22.22222137451172,2.0,3.0,24.22222137451172,0,31.74384307861328,22.22222137451172,2.0,3.0,24.22222137451172,1,22.222408294677734,22.22222137451172,2.0,3.0,24.22222137451172,0
675,2,675,676,24.998172760009766,25.0,2.0,1.0,27.0,0,26.894634246826172,25.0,2.0,1.0,27.0,0,24.998172760009766,25.0,2.0,1.0,27.0,0
675,3,675,676,24.44445037841797,24.44444465637207,2.0,2.0,26.44444465637207,0,27.1058349609375,24.44444465637207,2.0,2.0,26.44444465637207,1,24.44445037841797,24.44444465637207,2.0,2.0,26.44444465637207,0
676,1,676,677,22.222238540649414,22.22222137451172,2.0,3.0,24.22222137451172,0,31.236587524414062,22.22222137451172,2.0,3.0,24.22222137451172,1,22.222238540649414,22.22222137451172,2.0,3.0,24.22222137451172,0
676,2,676,677,24.998443603515625,25.0,2.0,1.0,27.0,0,26.55815887451172,25.0,2.0,1.0,27.0,0,24.998443603515625,25.0,2.0,1.0,27.0,0
676,3,676,677,24.444368362426758,24.44444465637207,2.0,2.0,26.44444465637207,0,26.792816162109375,24.44444465637207,2.0,2.0,26.44444465637207,1,24.444368362426758,24.44444465637207,2.0,2.0,26.44444465637207,0
677,1,677,678,22.22223663330078,22.22222137451172,2.0,3.0,24.22222137451172,0,31.07773208618164,22.22222137451172,2.0,3.0,24.22222137451172,1,22.22223663330078,22.22222137451172,2.0,3.0,24.22222137451172,0
677,2,677,678,24.998445510864258,25.0,2.0,1.0,27.0,0,26.475482940673828,25.0,2.0,1.0,27.0,0,24.998445510864258,25.0,2.0,1.0,27.0,0
677,3,677,678,24.444353103637695,24.44444465637207,2.0,2.0,26.44444465637207,0,26.59581756591797,24.44444465637207,2.0,2.0,26.44444465637207,1,24.444353103637695,24.44444465637207,2.0,2.0,26.44444465637207,0
678,1,678,679,22.222232818603516,22.22222137451172,2.0,3.0,24.22222137451172,0,30.829967498779297,22.22222137451172,2.0,3.0,24.22222137451172,1,22.222232818603516,22.22222137451172,2.0,3.0,24.22222137451172,0
678,2,678,679,24.991683959960938,25.0,2.0,1.0,27.0,0,26.211666107177734,25.0,2.0,1.0,27.0,0,24.991683959960938,25.0,2.0,1.0,27.0,0
678,3,678,679,24.444448471069336,24.44444465637207,2.0,2.0,26.44444465637207,0,26.42578125,24.44444465637207,2.0,2.0,26.44444465637207,0,24.444448471069336,24.44444465637207,2.0,2.0,26.44444465637207,0
679,1,679,680,22.222230911254883,22.22222137451172,2.0,2.0,24.22222137451172,0,31.095226287841797,22.22222137451172,2.0,3.0,24.22222137451172,1,22.222230911254883,22.22222137451172,2.0,2.0,24.22222137451172,0
679,2,679,680,24.99739646911621,25.0,2.0,0.0,27.0,0,26.656238555908203,25.0,2.0,1.0,27.0,0,24.99739646911621,25.0,2.0,0.0,27.0,0
679,3,679,680,24.444448471069336,24.44444465637207,2.0,2.0,26.44444465637207,0,26.61981201171875,24.44444465637207,2.0,2.0,26.44444465637207,1,24.444448471069336,24.44444465637207,2.0,2.0,26.44444465637207,0
680,1,680,681,22.773908615112305,22.77777862548828,2.0,1.0,24.77777862548828,0,31.28028106689453,22.22222137451172,2.0,2.0,24.22222137451172,1,22.773908615112305,22.77777862548828,2.0,1.0,24.77777862548828,0
680,2,680,681,24.061010360717773,24.05555534362793,2.0,0.0,26.05555534362793,0,26.963401794433594,25.0,2.0,0.0,27.0,0,24.061010360717773,24.05555534362793,2.0,0.0,26.05555534362793,0
680,3,680,681,24.444448471069336,24.44444465637207,2.0,1.0,26.44444465637207,0,26.91635513305664,24.44444465637207,2.0,2.0,26.44444465637207,1,24.444448471069336,24.44444465637207,2.0,1.0,26.44444465637207,0
681,1,681,682,24.397077560424805,24.44444465637207,2.0,1.0,26.44444465637207,0,31.45781707763672,22.77777862548828,2.0,1.0,24.77777862548828,1,24.397077560424805,24.44444465637207,2.0,1.0,26.44444465637207,0
681,2,681,682,24.607280731201172,24.61111068725586,2.0,0.0,26.61111068725586,0,27.078678131103516,24.05555534362793,2.0,0.0,26.05555534362793,0,24.607280731201172,24.61111068725586,2.0,0.0,26.61111068725586,0
681,3,681,682,24.444448471069336,24.44444465637207,2.0,1.0,26.44444465637207,0,27.12321662902832,24.44444465637207,2.0,1.0,26.44444465637207,1,24.444448471069336,24.44444465637207,2.0,1.0,26.44444465637207,0
682,1,682,683,22.798059463500977,22.77777862548828,2.0,1.0,24.77777862548828,0,31.64592742919922,24.44444465637207,2.0,1.0,26.44444465637207,1,22.798059463500977,22.77777862548828,2.0,1.0,24.77777862548828,0
682,2,682,683,24.996252059936523,25.0,2.0,0.0,27.0,0,27.398757934570312,24.61111068725586,2.0,0.0,26.61111068725586,0,24.996252059936523,25.0,2.0,0.0,27.0,0
682,3,682,683,24.444448471069336,24.44444465637207,2.0,1.0,26.44444465637207,0,27.248205184936523,24.44444465637207,2.0,1.0,26.44444465637207,1,24.444448471069336,24.44444465637207,2.0,1.0,26.44444465637207,0
683,1,683,684,24.398868560791016,24.44444465637207,2.0,1.0,26.44444465637207,0,32.06733703613281,22.77777862548828,2.0,1.0,24.77777862548828,1,24.398868560791016,24.44444465637207,2.0,1.0,26.44444465637207,0
683,2,683,684,24.99634552001953,25.0,2.0,0.0,27.0,0,27.657581329345703,25.0,2.0,0.0,27.0,0,24.99634552001953,25.0,2.0,0.0,27.0,0
683,3,683,684,24.444456100463867,24.44444465637207,2.0,1.0,26.44444465637207,0,27.41343116760254,24.44444465637207,2.0,1.0,26.44444465637207,1,24.444456100463867,24.44444465637207,2.0,1.0,26.44444465637207,0
684,1,684,685,22.280620574951172,22.22222137451172,2.0,1.0,24.22222137451172,0,32.6706657409668,24.44444465637207,2.0,1.0,26.44444465637207,1,22.280620574951172,22.22222137451172,2.0,1.0,24.22222137451172,0
684,2,684,685,24.995431900024414,25.0,2.0,0.0,27.0,0,28.6029052734375,25.0,2.0,0.0,27.0,0,24.995431900024414,25.0,2.0,0.0,27.0,0
684,3,684,685,24.44445037841797,24.44444465637207,2.0,1.0,26.44444465637207,0,27.750774383544922,24.44444465637207,2.0,1.0,26.44444465637207,1,24.44445037841797,24.44444465637207,2.0,1.0,26.44444465637207,0
685,1,685,686,24.43140411376953,24.44444465637207,2.0,1.0,26.44444465637207,0,32.820213317871094,22.22222137451172,2.0,1.0,24.22222137451172,1,24.43140411376953,24.44444465637207,2.0,1.0,26.44444465637207,0
685,2,685,686,24.559473037719727,24.55555534362793,2.0,0.0,26.55555534362793,0,28.61971092224121,25.0,2.0,0.0,27.0,0,24.559473037719727,24.55555534362793,2.0,0.0,26.55555534362793,0
685,3,685,686,24.444475173950195,24.44444465637207,2.0,0.0,26.44444465637207,0,27.89781951904297,24.44444465637207,2.0,1.0,26.44444465637207,1,24.444475173950195,24.44444465637207,2.0,0.0,26.44444465637207,0
686,1,686,687,24.44426727294922,24.44444465637207,2.0,1.0,26.44444465637207,0,33.184303283691406,24.44444465637207,2.0,1.0,26.44444465637207,1,24.44426727294922,24.44444465637207,2.0,1.0,26.44444465637207,0
686,2,686,687,24.076438903808594,23.88888931274414,2.0,0.0,25.88888931274414,0,29.255191802978516,24.55555534362793,2.0,0.0,26.55555534362793,0,24.076438903808594,23.88888931274414,2.0,0.0,25.88888931274414,0
686,3,686,687,24.444454193115234,24.44444465637207,2.0,0.0,26.44444465637207,0,27.93621063232422,24.44444465637207,2.0,0.0,26.44444465637207,0,24.444454193115234,24.44444465637207,2.0,0.0,26.44444465637207,0
687,1,687,688,24.44443130493164,24.44444465637207,2.0,1.0,26.44444465637207,0,33.98727798461914,24.44444465637207,2.0,1.0,26.44444465637207,1,24.44443130493164,24.44444465637207,2.0,1.0,26.44444465637207,0
687,2,687,688,24.288705825805664,24.33333396911621,2.0,0.0,26.33333396911621,0,30.46391487121582,23.88888931274414,2.0,0.0,25.88888931274414,0,24.288705825805664,24.33333396911621,2.0,0.0,26.33333396911621,0
687,3,687,688,24.4444522857666,24.44444465637207,2.0,0.0,26.44444465637207,0,28.433652877807617,24.44444465637207,2.0,0.0,26.44444465637207,0,24.4444522857666,24.44444465637207,2.0,0.0,26.44444465637207,0
688,1,688,689,24.444448471069336,24.44444465637207,2.0,1.0,26.44444465637207,0,34.27897262573242,24.44444465637207,2.0,1.0,26.44444465637207,1,24.444448471069336,24.44444465637207,2.0,1.0,26.44444465637207,0
688,2,688,689,24.97340202331543,25.0,2.0,0.0,27.0,0,30.869579315185547,24.33333396911621,2.0,0.0,26.33333396911621,0,24.97340202331543,25.0,2.0,0.0,27.0,0
688,3,688,689,24.44445037841797,24.44444465637207,2.0,0.0,26.44444465637207,0,28.582130432128906,24.44444465637207,2.0,0.0,26.44444465637207,0,24.44445037841797,24.44444465637207,2.0,0.0,26.44444465637207,0
689,1,689,690,25.93692398071289,25.94444465637207,2.0,2.0,27.94444465637207,0,34.60187911987305,24.44444465637207,2.0,1.0,26.44444465637207,1,25.93692398071289,25.94444465637207,2.0,2.0,27.94444465637207,0
689,2,689,690,24.994482040405273,25.0,2.0,0.0,27.0,0,31.208484649658203,25.0,2.0,0.0,27.0,0,24.994482040405273,25.0,2.0,0.0,27.0,0
689,3,689,690,24.444448471069336,24.44444465637207,2.0,1.0,26.44444465637207,0,28.821353912353516,24.44444465637207,2.0,0.0,26.44444465637207,0,24.444448471069336,24.44444465637207,2.0,1.0,26.44444465637207,0
690,1,690,691,26.422685623168945,26.44444465637207,2.0,3.0,28.44444465637207,0,34.33150863647461,25.94444465637207,2.0,2.0,27.94444465637207,1,26.422685623168945,26.44444465637207,2.0,3.0,28.44444465637207,0
690,2,690,691,24.99588394165039,25.0,2.0,0.0,27.0,0,30.418716430664062,25.0,2.0,0.0,27.0,0,24.99588394165039,25.0,2.0,0.0,27.0,0
690,3,690,691,24.444448471069336,24.44444465637207,2.0,1.0,26.44444465637207,0,29.172826766967773,24.44444465637207,2.0,1.0,26.44444465637207,1,24.444448471069336,24.44444465637207,2.0,1.0,26.44444465637207,0
691,1,691,692,24.52586555480957,24.44444465637207,2.0,3.0,26.44444465637207,0,34.46248245239258,26.44444465637207,2.0,3.0,28.44444465637207,1,24.52586555480957,24.44444465637207,2.0,3.0,26.44444465637207,0
691,2,691,692,24.99631118774414,25.0,2.0,1.0,27.0,0,29.36817741394043,25.0,2.0,0.0,27.0,0,24.99631118774414,25.0,2.0,1.0,27.0,0
691,3,691,692,24.444448471069336,24.44444465637207,2.0,1.0,26.44444465637207,0,29.4657039642334,24.44444465637207,2.0,1.0,26.44444465637207,1,24.444448471069336,24.44444465637207,2.0,1.0,26.44444465637207,0
692,1,692,693,24.445144653320312,24.44444465637207,2.0,3.0,26.44444465637207,0,34.46037292480469,24.44444465637207,2.0,3.0,26.44444465637207,1,24.445144653320312,24.44444465637207,2.0,3.0,26.44444465637207,0
692,2,692,693,24.997180938720703,25.0,2.0,1.0,27.0,0,28.673641204833984,25.0,2.0,1.0,27.0,1,24.997180938720703,25.0,2.0,1.0,27.0,0
692,3,692,693,24.44445037841797,24.44444465637207,2.0,2.0,26.44444465637207,0,28.739221572875977,24.44444465637207,2.0,1.0,26.44444465637207,1,24.44445037841797,24.44444465637207,2.0,2.0,26.44444465637207,0
693,1,693,694,22.37229347229004,22.22222137451172,2.0,3.0,24.22222137451172,0,33.68292236328125,24.44444465637207,2.0,3.0,26.44444465637207,1,22.37229347229004,22.22222137451172,2.0,3.0,24.22222137451172,0
693,2,693,694,24.997243881225586,25.0,2.0,1.0,27.0,0,28.123695373535156,25.0,2.0,1.0,27.0,1,24.997243881225586,25.0,2.0,1.0,27.0,0
693,3,693,694,24.44445037841797,24.44444465637207,2.0,2.0,26.44444465637207,0,28.87663459777832,24.44444465637207,2.0,2.0,26.44444465637207,1,24.44445037841797,24.44444465637207,2.0,2.0,26.44444465637207,0
694,1,694,695,21.175289154052734,21.11111068725586,2.0,3.0,23.11111068725586,0,33.02473068237305,22.22222137451172,2.0,3.0,24.22222137451172,1,21.175289154052734,21.11111068725586,2.0,3.0,23.11111068725586,0
694,2,694,695,24.99738121032715,25.0,2.0,1.0,27.0,0,27.214889526367188,25.0,2.0,1.0,27.0,1,24.99738121032715,25.0,2.0,1.0,27.0,0
694,3,694,695,24.44445037841797,24.44444465637207,2.0,2.0,26.44444465637207,0,28.552396774291992,24.44444465637207,2.0,2.0,26.44444465637207,1,24.44445037841797,24.44444465637207,2.0,2.0,26.44444465637207,0
695,1,695,696,21.65528678894043,21.66666603088379,2.0,3.0,23.66666603088379,0,32.09577178955078,21.11111068725586,2.0,3.0,23.11111068725586,1,21.65528678894043,21.66666603088379,2.0,3.0,23.66666603088379,0
695,2,695,696,24.997352600097656,25.0,2.0,1.0,27.0,0,26.315317153930664,25.0,2.0,1.0,27.0,0,24.997352600097656,25.0,2.0,1.0,27.0,0
695,3,695,696,24.4444522857666,24.44444465637207,2.0,2.0,26.44444465637207,0,28.19220733642578,24.44444465637207,2.0,2.0,26.44444465637207,1,24.4444522857666,24.44444465637207,2.0,2.0,26.44444465637207,0
696,1,696,697,23.31932258605957,23.33333396911621,2.0,3.0,25.33333396911621,0,31.779987335205078,21.66666603088379,2.0,3.0,23.66666603088379,1,23.31932258605957,23.33333396911621,2.0,3.0,25.33333396911621,0
696,2,696,697,24.18446922302246,24.16666603088379,2.0,1.0,26.16666603088379,0,25.93194580078125,25.0,2.0,1.0,27.0,0,24.18446922302246,24.16666603088379,2.0,1.0,26.16666603088379,0
696,3,696,697,24.44441795349121,24.44444465637207,2.0,2.0,26.44444465637207,0,27.720909118652344,24.44444465637207,2.0,2.0,26.44444465637207,1,24.44441795349121,24.44444465637207,2.0,2.0,26.44444465637207,0
697,1,697,698,23.721250534057617,23.72222137451172,2.0,3.0,25.72222137451172,0,30.928592681884766,23.33333396911621,2.0,3.0,25.33333396911621,1,23.721250534057617,23.72222137451172,2.0,3.0,25.72222137451172,0
697,2,697,698,23.89352035522461,23.88888931274414,2.0,1.0,25.88888931274414,0,25.248594284057617,24.16666603088379,2.0,1.0,26.16666603088379,0,23.89352035522461,23.88888931274414,2.0,1.0,25.88888931274414,0
697,3,697,698,24.44445037841797,24.44444465637207,2.0,2.0,26.44444465637207,0,27.244983673095703,24.44444465637207,2.0,2.0,26.44444465637207,1,24.44445037841797,24.44444465637207,2.0,2.0,26.44444465637207,0
698,1,698,699,24.4382266998291,24.44444465637207,2.0,3.0,26.44444465637207,0,31.340045928955078,23.72222137451172,2.0,3.0,25.72222137451172,1,24.4382266998291,24.44444465637207,2.0,3.0,26.44444465637207,0
698,2,698,699,24.6905460357666,24.72222137451172,2.0,1.0,26.72222137451172,0,25.77545166015625,23.88888931274414,2.0,1.0,25.88888931274414,0,24.6905460357666,24.72222137451172,2.0,1.0,26.72222137451172,0
698,3,698,699,24.4444522857666,24.44444465637207,2.0,2.0,26.44444465637207,0,27.152240753173828,24.44444465637207,2.0,2.0,26.44444465637207,1,24.4444522857666,24.44444465637207,2.0,2.0,26.44444465637207,0
699,1,699,700,24.444257736206055,24.44444465637207,2.0,3.0,26.44444465637207,0,31.130474090576172,24.44444465637207,2.0,3.0,26.44444465637207,1,24.444257736206055,24.44444465637207,2.0,3.0,26.44444465637207,0
699,2,699,700,24.99694061279297,25.0,2.0,1.0,27.0,0,25.912586212158203,24.72222137451172,2.0,1.0,26.72222137451172,0,24.99694061279297,25.0,2.0,1.0,27.0,0
699,3,699,700,24.444393157958984,24.44444465637207,2.0,2.0,26.44444465637207,0,26.855432510375977,24.44444465637207,2.0,2.0,26.44444465637207,1,24.444393157958984,24.44444465637207,2.0,2.0,26.44444465637207,0
700,1,700,701,24.44444465637207,24.44444465637207,2.0,3.0,26.44444465637207,0,30.952892303466797,24.44444465637207,2.0,3.0,26.44444465637207,1,24.44444465637207,24.44444465637207,2.0,3.0,26.44444465637207,0
700,2,700,701,24.9982852935791,25.0,2.0,1.0,27.0,0,26.03466033935547,25.0,2.0,1.0,27.0,0,24.9982852935791,25.0,2.0,1.0,27.0,0
700,3,700,701,24.4444522857666,24.44444465637207,2.0,2.0,26.44444465637207,0,26.570955276489258,24.44444465637207,2.0,2.0,26.44444465637207,1,24.4444522857666,24.44444465637207,2.0,2.0,26.44444465637207,0
701,1,701,702,24.44436264038086,24.44444465637207,2.0,3.0,26.44444465637207,0,30.759235382080078,24.44444465637207,2.0,3.0,26.44444465637207,1,24.44436264038086,24.44444465637207,2.0,3.0,26.44444465637207,0
701,2,701,702,24.998153686523438,25.0,2.0,1.0,27.0,0,25.974918365478516,25.0,2.0,1.0,27.0,0,24.998153686523438,25.0,2.0,1.0,27.0,0
701,3,701,702,24.4444522857666,24.44444465637207,2.0,2.0,26.44444465637207,0,26.3055477142334,24.44444465637207,2.0,2.0,26.44444465637207,0,24.4444522857666,24.44444465637207,2.0,2.0,26.44444465637207,0
702,1,702,703,24.444448471069336,24.44444465637207,2.0,3.0,26.44444465637207,0,30.58706283569336,24.44444465637207,2.0,3.0,26.44444465637207,1,24.444448471069336,24.44444465637207,2.0,3.0,26.44444465637207,0
702,2,702,703,24.99738883972168,25.0,2.0,1.0,27.0,0,25.819847106933594,25.0,2.0,1.0,27.0,0,24.99738883972168,25.0,2.0,1.0,27.0,0
702,3,702,703,24.44445037841797,24.44444465637207,2.0,1.0,26.44444465637207,0,26.07700538635254,24.44444465637207,2.0,2.0,26.44444465637207,0,24.44445037841797,24.44444465637207,2.0,1.0,26.44444465637207,0
703,1,703,704,24.44445037841797,24.44444465637207,2.0,3.0,26.44444465637207,0,30.727336883544922,24.44444465637207,2.0,3.0,26.44444465637207,1,24.44445037841797,24.44444465637207,2.0,3.0,26.44444465637207,0
703,2,703,704,24.997337341308594,25.0,2.0,1.0,27.0,0,26.05005645751953,25.0,2.0,1.0,27.0,0,24.997337341308594,25.0,2.0,1.0,27.0,0
703,3,703,704,24.444448471069336,24.44444465637207,2.0,1.0,26.44444465637207,0,26.093984603881836,24.44444465637207,2.0,1.0,26.44444465637207,0,24.444448471069336,24.44444465637207,2.0,1.0,26.44444465637207,0
704,1,704,705,24.444454193115234,24.44444465637207,2.0,3.0,26.44444465637207,0,31.01513671875,24.44444465637207,2.0,3.0,26.44444465637207,1,24.444454193115234,24.44444465637207,2.0,3.0,26.44444465637207,0
704,2,704,705,24.996681213378906,25.0,2.0,1.0,27.0,0,26.343585968017578,25.0,2.0,1.0,27.0,0,24.996681213378906,25.0,2.0,1.0,27.0,0
704,3,704,705,24.444448471069336,24.44444465637207,2.0,1.0,26.44444465637207,0,26.173660278320312,24.44444465637207,2.0,1.0,26.44444465637207,0,24.444448471069336,24.44444465637207,2.0,1.0,26.44444465637207,0
705,1,705,706,24.444448471069336,24.44444465637207,2.0,2.0,26.44444465637207,0,31.412979125976562,24.44444465637207,2.0,3.0,26.44444465637207,1,24.444448471069336,24.44444465637207,2.0,2.0,26.44444465637207,0
705,2,705,706,24.996747970581055,25.0,2.0,1.0,27.0,0,26.65658187866211,25.0,2.0,1.0,27.0,0,24.996747970581055,25.0,2.0,1.0,27.0,0
705,3,705,706,24.444448471069336,24.44444465637207,2.0,0.0,26.44444465637207,0,26.348403930664062,24.44444465637207,2.0,1.0,26.44444465637207,0,24.444448471069336,24.44444465637207,2.0,0.0,26.44444465637207,0
706,1,706,707,24.44445037841797,24.44444465637207,2.0,2.0,26.44444465637207,0,31.629573822021484,24.44444465637207,2.0,2.0,26.44444465637207,1,24.44445037841797,24.44444465637207,2.0,2.0,26.44444465637207,0
706,2,706,707,24.996503829956055,25.0,2.0,1.0,27.0,0,26.858366012573242,25.0,2.0,1.0,27.0,0,24.996503829956055,25.0,2.0,1.0,27.0,0
706,3,706,707,24.444448471069336,24.44444465637207,2.0,1.0,26.44444465637207,0,26.336416244506836,24.44444465637207,2.0,0.0,26.44444465637207,0,24.444448471069336,24.44444465637207,2.0,1.0,26.44444465637207,0
707,1,707,708,24.444448471069336,24.44444465637207,2.0,2.0,26.44444465637207,0,32.151302337646484,24.44444465637207,2.0,2.0,26.44444465637207,1,24.444448471069336,24.44444465637207,2.0,2.0,26.44444465637207,0
707,2,707,708,24.99563217163086,25.0,2.0,1.0,27.0,0,27.532535552978516,25.0,2.0,1.0,27.0,1,24.99563217163086,25.0,2.0,1.0,27.0,0
707,3,707,708,24.444467544555664,24.44444465637207,2.0,1.0,26.44444465637207,0,26.577465057373047,24.44444465637207,2.0,1.0,26.44444465637207,1,24.444467544555664,24.44444465637207,2.0,1.0,26.44444465637207,0
708,1,708,709,24.444448471069336,24.44444465637207,2.0,2.0,26.44444465637207,0,32.471458435058594,24.44444465637207,2.0,2.0,26.44444465637207,1,24.444448471069336,24.44444465637207,2.0,2.0,26.44444465637207,0
708,2,708,709,24.994190216064453,25.0,2.0,1.0,27.0,0,28.08049774169922,25.0,2.0,1.0,27.0,1,24.994190216064453,25.0,2.0,1.0,27.0,0
708,3,708,709,24.28204917907715,24.27777862548828,2.0,2.0,26.27777862548828,0,26.846782684326172,24.44444465637207,2.0,1.0,26.44444465637207,1,24.28204917907715,24.27777862548828,2.0,2.0,26.27777862548828,0
709,1,709,710,24.44445037841797,24.44444465637207,2.0,2.0,26.44444465637207,0,32.935882568359375,24.44444465637207,2.0,2.0,26.44444465637207,1,24.44445037841797,24.44444465637207,2.0,2.0,26.44444465637207,0
709,2,709,710,24.99220848083496,25.0,2.0,1.0,27.0,0,28.85211181640625,25.0,2.0,1.0,27.0,1,24.99220848083496,25.0,2.0,1.0,27.0,0
709,3,709,710,23.92511749267578,23.88888931274414,2.0,2.0,25.88888931274414,0,27.413604736328125,24.27777862548828,2.0,2.0,26.27777862548828,1,23.92511749267578,23.88888931274414,2.0,2.0,25.88888931274414,0
710,1,710,711,24.44445037841797,24.44444465637207,2.0,3.0,26.44444465637207,0,32.98893356323242,24.44444465637207,2.0,2.0,26.44444465637207,1,24.44445037841797,24.44444465637207,2.0,3.0,26.44444465637207,0
710,2,710,711,24.98866844177246,25.0,2.0,1.0,27.0,0,28.986825942993164,25.0,2.0,1.0,27.0,1,24.98866844177246,25.0,2.0,1.0,27.0,0
710,3,710,711,23.893674850463867,23.88888931274414,2.0,1.0,25.88888931274414,0,27.825843811035156,23.88888931274414,2.0,2.0,25.88888931274414,1,23.893674850463867,23.88888931274414,2.0,1.0,25.88888931274414,0
711,1,711,712,24.444448471069336,24.44444465637207,2.0,2.0,26.44444465637207,0,33.74049758911133,24.44444465637207,2.0,3.0,26.44444465637207,1,24.444448471069336,24.44444465637207,2.0,2.0,26.44444465637207,0
711,2,711,712,24.98733139038086,25.0,2.0,1.0,27.0,0,29.928794860839844,25.0,2.0,1.0,27.0,1,24.98733139038086,25.0,2.0,1.0,27.0,0
711,3,711,712,23.889923095703125,23.88888931274414,2.0,2.0,25.88888931274414,0,28.394147872924805,23.88888931274414,2.0,1.0,25.88888931274414,1,23.889923095703125,23.88888931274414,2.0,2.0,25.88888931274414,0
712,1,712,713,24.444448471069336,24.44444465637207,2.0,1.0,26.44444465637207,0,33.877723693847656,24.44444465637207,2.0,2.0,26.44444465637207,1,24.444448471069336,24.44444465637207,2.0,1.0,26.44444465637207,0
712,2,712,713,24.991382598876953,25.0,2.0,0.0,27.0,0,29.905010223388672,25.0,2.0,1.0,27.0,1,24.991382598876953,25.0,2.0,0.0,27.0,0
712,3,712,713,23.88895606994629,23.88888931274414,2.0,2.0,25.88888931274414,0,29.0362548828125,23.88888931274414,2.0,2.0,25.88888931274414,1,23.88895606994629,23.88888931274414,2.0,2.0,25.88888931274414,0
713,1,713,714,24.444446563720703,24.44444465637207,2.0,2.0,26.44444465637207,0,34.09882736206055,24.44444465637207,2.0,1.0,26.44444465637207,1,24.444446563720703,24.44444465637207,2.0,2.0,26.44444465637207,0
713,2,713,714,24.994016647338867,25.0,2.0,0.0,27.0,0,30.165035247802734,25.0,2.0,0.0,27.0,0,24.994016647338867,25.0,2.0,0.0,27.0,0
713,3,713,714,24.42792510986328,24.44444465637207,2.0,2.0,26.44444465637207,0,29.416322708129883,23.88888931274414,2.0,2.0,25.88888931274414,1,24.42792510986328,24.44444465637207,2.0,2.0,26.44444465637207,0
714,1,714,715,25.047203063964844,25.05555534362793,2.0,2.0,27.05555534362793,0,34.45045852661133,24.44444465637207,2.0,2.0,26.44444465637207,1,25.047203063964844,25.05555534362793,2.0,2.0,27.05555534362793,0
714,2,714,715,24.665664672851562,24.66666603088379,2.0,1.0,26.66666603088379,0,30.194658279418945,25.0,2.0,0.0,27.0,0,24.665664672851562,24.66666603088379,2.0,1.0,26.66666603088379,0
714,3,714,715,24.444156646728516,24.44444465637207,2.0,2.0,26.44444465637207,0,29.869997024536133,24.44444465637207,2.0,2.0,26.44444465637207,1,24.444156646728516,24.44444465637207,2.0,2.0,26.44444465637207,0
715,1,715,716,24.468618392944336,24.44444465637207,2.0,1.0,26.44444465637207,0,34.82720947265625,25.05555534362793,2.0,2.0,27.05555534362793,1,24.468618392944336,24.44444465637207,2.0,1.0,26.44444465637207,0
715,2,715,716,24.995880126953125,25.0,2.0,1.0,27.0,0,29.894287109375,24.66666603088379,2.0,1.0,26.66666603088379,1,24.995880126953125,25.0,2.0,1.0,27.0,0
715,3,715,716,24.444446563720703,24.44444465637207,2.0,2.0,26.44444465637207,0,29.898334503173828,24.44444465637207,2.0,2.0,26.44444465637207,1,24.444446563720703,24.44444465637207,2.0,2.0,26.44444465637207,0
716,1,716,717,24.44485855102539,24.44444465637207,2.0,1.0,26.44444465637207,0,34.341365814208984,24.44444465637207,2.0,1.0,26.44444465637207,1,24.44485855102539,24.44444465637207,2.0,1.0,26.44444465637207,0
716,2,716,717,24.997467041015625,25.0,2.0,1.0,27.0,0,29.741531372070312,25.0,2.0,1.0,27.0,1,24.997467041015625,25.0,2.0,1.0,27.0,0
716,3,716,717,24.44445037841797,24.44444465637207,2.0,2.0,26.44444465637207,0,29.815275192260742,24.44444465637207,2.0,2.0,26.44444465637207,1,24.44445037841797,24.44444465637207,2.0,2.0,26.44444465637207,0
717,1,717,718,24.4444637298584,24.44444465637207,2.0,2.0,26.44444465637207,0,34.27222442626953,24.44444465637207,2.0,1.0,26.44444465637207,1,24.4444637298584,24.44444465637207,2.0,2.0,26.44444465637207,0
717,2,717,718,24.997482299804688,25.0,2.0,1.0,27.0,0,29.448223114013672,25.0,2.0,1.0,27.0,1,24.997482299804688,25.0,2.0,1.0,27.0,0
717,3,717,718,24.44445037841797,24.44444465637207,2.0,2.0,26.44444465637207,0,29.62114715576172,24.44444465637207,2.0,2.0,26.44444465637207,1,24.44445037841797,24.44444465637207,2.0,2.0,26.44444465637207,0
718,1,718,719,24.4444522857666,24.44444465637207,2.0,2.0,26.44444465637207,0,33.90172576904297,24.44444465637207,2.0,2.0,26.44444465637207,1,24.4444522857666,24.44444465637207,2.0,2.0,26.44444465637207,0
718,2,718,719,25.108413696289062,25.11111068725586,2.0,1.0,27.11111068725586,0,28.743555068969727,25.0,2.0,1.0,27.0,1,25.108413696289062,25.11111068725586,2.0,1.0,27.11111068725586,0
718,3,718,719,24.44445037841797,24.44444465637207,2.0,2.0,26.44444465637207,0,29.10986328125,24.44444465637207,2.0,2.0,26.44444465637207,1,24.44445037841797,24.44444465637207,2.0,2.0,26.44444465637207,0
